Date,Close,Open,High,Low,Volume,Change,Symbol
2014-09-25,23.05,22.56,23.41,22.45,8430000.0,-0.0013,CFG
2014-09-26,23.25,23.18,23.37,22.91,2500000.0,0.0087,CFG
2014-09-29,23.23,23.14,23.45,22.91,4830000.0,-0.0009,CFG
2014-09-30,23.42,23.11,23.57,23.05,4099999.9999999995,0.008199999999999999,CFG
2014-10-01,23.44,23.22,23.61,23.11,3920000.0,0.0009,CFG
2014-10-02,23.34,23.34,23.59,23.3,3120000.0,-0.0043,CFG
2014-10-03,23.23,23.38,23.47,23.01,1590000.0,-0.004699999999999999,CFG
2014-10-06,22.64,23.28,23.37,22.61,1210000.0,-0.0254,CFG
2014-10-07,22.52,22.56,22.74,22.26,1510000.0,-0.0053,CFG
2014-10-08,22.75,22.11,23.15,22.11,1650000.0,0.0102,CFG
2014-10-09,22.48,23.0,23.0,22.24,1230000.0,-0.011899999999999999,CFG
2014-10-10,22.28,22.39,22.56,22.14,924070.0,-0.0089,CFG
2014-10-13,22.45,22.13,22.66,22.12,1380000.0,0.0076,CFG
2014-10-14,22.45,22.5,22.79,22.3,1610000.0,0.0,CFG
2014-10-15,21.85,22.13,22.2,21.5,3410000.0,-0.026699999999999998,CFG
2014-10-16,21.8,21.51,21.95,21.47,3110000.0,-0.0023,CFG
2014-10-17,21.92,21.89,22.07,21.73,2750000.0,0.0055000000000000005,CFG
2014-10-20,22.38,21.82,22.38,21.82,1870000.0,0.021,CFG
2014-10-21,22.82,22.11,22.93,22.11,1170000.0,0.0197,CFG
2014-10-22,22.6,22.78,23.0,22.4,884650.0,-0.0096,CFG
2014-10-23,23.03,22.97,23.08,22.59,1150000.0,0.019,CFG
2014-10-24,23.18,23.32,23.49,22.77,1360000.0,0.006500000000000001,CFG
2014-10-27,22.85,23.15,23.19,22.73,2900000.0,-0.014199999999999999,CFG
2014-10-28,23.28,23.16,23.59,22.93,1500000.0,0.018799999999999997,CFG
2014-10-29,23.48,23.35,23.53,23.2,1300000.0,0.0086,CFG
2014-10-30,23.44,23.46,23.69,23.3,1150000.0,-0.0017000000000000001,CFG
2014-10-31,23.62,23.59,23.92,23.37,1240000.0,0.0077,CFG
2014-11-03,24.0,23.49,24.0,23.16,1830000.0,0.0161,CFG
2014-11-04,23.6,23.74,23.91,23.43,1470000.0,-0.0167,CFG
2014-11-05,23.9,23.8,23.95,23.55,1100000.0,0.0127,CFG
2014-11-06,24.3,23.79,24.46,23.75,1010000.0,0.0167,CFG
2014-11-07,23.97,24.48,24.48,23.96,600660.0,-0.013600000000000001,CFG
2014-11-10,23.95,24.04,24.25,23.75,1530000.0,-0.0008,CFG
2014-11-11,23.94,23.97,24.22,23.75,658270.0,-0.0004,CFG
2014-11-12,23.86,23.75,23.98,23.51,940830.0,-0.0033,CFG
2014-11-13,23.82,23.62,23.96,23.58,1150000.0,-0.0017000000000000001,CFG
2014-11-14,23.96,23.74,24.0,23.74,1110000.0,0.0059,CFG
2014-11-17,24.0,24.11,24.11,23.56,992390.0,0.0017000000000000001,CFG
2014-11-18,23.73,24.04,24.04,23.71,586010.0,-0.0113,CFG
2014-11-19,23.72,23.8,24.0,23.51,812770.0,-0.0004,CFG
2014-11-20,23.71,23.57,23.87,23.5,745780.0,-0.0004,CFG
2014-11-21,23.77,23.95,24.21,23.7,725250.0,0.0025,CFG
2014-11-24,24.25,23.8,24.36,23.68,836850.0,0.0202,CFG
2014-11-25,24.03,24.24,24.3,24.02,701620.0,-0.0091,CFG
2014-11-26,24.23,24.11,24.27,23.92,703710.0,0.0083,CFG
2014-11-28,24.63,24.22,25.09,24.05,713410.0,0.0165,CFG
2014-12-01,23.98,24.62,24.89,23.49,2280000.0,-0.0264,CFG
2014-12-02,24.2,24.02,24.43,23.8,1370000.0,0.0092,CFG
2014-12-03,24.23,24.33,24.59,24.19,1850000.0,0.0012,CFG
2014-12-04,24.4,24.32,24.56,24.09,1430000.0,0.006999999999999999,CFG
2014-12-05,25.15,24.45,25.22,24.45,1010000.0,0.030699999999999998,CFG
2014-12-08,25.04,25.08,25.14,24.68,2240000.0,-0.0044,CFG
2014-12-09,25.16,24.71,25.33,24.5,1140000.0,0.0048,CFG
2014-12-10,24.65,25.15,25.41,24.62,630960.0,-0.0203,CFG
2014-12-11,24.69,24.85,25.28,24.51,1710000.0,0.0016,CFG
2014-12-12,24.46,24.52,24.83,24.4,950810.0,-0.009300000000000001,CFG
2014-12-15,24.49,24.68,24.8,24.27,1180000.0,0.0012,CFG
2014-12-16,24.25,24.53,24.88,24.22,1320000.0,-0.0098,CFG
2014-12-17,24.56,24.22,24.8,24.22,2160000.0,0.0128,CFG
2014-12-18,25.08,24.75,25.14,24.68,1770000.0,0.0212,CFG
2014-12-19,25.0,25.04,25.6,24.84,7520000.0,-0.0032,CFG
2014-12-22,25.1,25.16,25.28,24.66,1690000.0,0.004,CFG
2014-12-23,25.44,25.31,25.5,25.12,1170000.0,0.013500000000000002,CFG
2014-12-24,25.51,25.45,25.59,25.18,547230.0,0.0028000000000000004,CFG
2014-12-26,25.31,25.51,25.51,25.25,304040.0,-0.0078000000000000005,CFG
2014-12-29,25.37,25.2,25.51,25.18,1070000.0,0.0024,CFG
2014-12-30,25.19,25.46,25.5,25.16,511820.0,-0.0070999999999999995,CFG
2014-12-31,24.86,25.25,25.29,24.83,621620.0,-0.0131,CFG
2015-01-02,24.76,24.97,25.0,24.29,643550.0,-0.004,CFG
2015-01-05,24.18,24.58,24.68,23.84,1330000.0,-0.023399999999999997,CFG
2015-01-06,23.91,24.17,24.22,23.7,2080000.0,-0.011200000000000002,CFG
2015-01-07,24.0,23.99,24.13,23.79,1160000.0,0.0038,CFG
2015-01-08,24.18,24.07,24.48,23.94,661450.0,0.0075,CFG
2015-01-09,23.89,24.15,24.18,23.78,724740.0,-0.012,CFG
2015-01-12,23.88,23.8,24.04,23.62,941130.0,-0.0004,CFG
2015-01-13,23.87,23.94,24.19,23.61,990060.0,-0.0004,CFG
2015-01-14,23.44,23.6,23.74,23.1,962530.0,-0.018000000000000002,CFG
2015-01-15,22.96,23.37,23.61,22.67,1560000.0,-0.020499999999999997,CFG
2015-01-16,23.19,22.83,23.24,22.79,1950000.0,0.01,CFG
2015-01-20,23.1,23.16,23.85,22.91,1740000.0,-0.0039000000000000003,CFG
2015-01-21,23.28,23.07,23.59,23.01,787350.0,0.0078000000000000005,CFG
2015-01-22,24.14,23.3,24.16,23.28,486540.0,0.0369,CFG
2015-01-23,23.71,24.04,24.04,23.67,656610.0,-0.0178,CFG
2015-01-26,24.09,23.75,24.31,23.53,1170000.0,0.016,CFG
2015-01-27,24.15,23.86,24.64,23.76,1310000.0,0.0025,CFG
2015-01-28,23.86,24.17,24.35,23.84,1300000.0,-0.012,CFG
2015-01-29,24.24,23.92,24.35,23.26,1820000.0,0.0159,CFG
2015-01-30,23.9,24.1,24.24,23.81,1880000.0,-0.013999999999999999,CFG
2015-02-02,24.0,23.85,24.16,23.69,1450000.0,0.0042,CFG
2015-02-03,24.29,23.91,24.45,23.8,1350000.0,0.0121,CFG
2015-02-04,24.01,24.27,24.38,23.93,1100000.0,-0.0115,CFG
2015-02-05,24.35,24.09,24.41,23.98,984600.0,0.014199999999999999,CFG
2015-02-06,24.5,24.41,25.0,24.22,1750000.0,0.0062,CFG
2015-02-09,24.26,24.48,24.53,24.11,781610.0,-0.0098,CFG
2015-02-10,24.82,24.73,24.96,24.53,1380000.0,0.0231,CFG
2015-02-11,24.97,24.88,25.0,24.55,1390000.0,0.006,CFG
2015-02-12,25.33,24.8,25.37,24.75,985050.0,0.0144,CFG
2015-02-13,25.45,25.28,25.67,25.14,1160000.0,0.004699999999999999,CFG
2015-02-17,25.56,25.71,25.74,25.26,1810000.0,0.0043,CFG
2015-02-18,25.21,25.63,25.63,25.06,1780000.0,-0.0137,CFG
2015-02-19,25.02,25.02,25.22,24.85,896850.0,-0.0075,CFG
2015-02-20,25.25,25.1,25.26,24.86,744800.0,0.0092,CFG
2015-02-23,24.91,25.1,25.1,24.68,743580.0,-0.013500000000000002,CFG
2015-02-24,24.93,24.86,25.07,24.77,530680.0,0.0008,CFG
2015-02-25,24.96,24.87,25.0,24.72,612620.0,0.0012,CFG
2015-02-26,24.85,24.94,25.0,24.61,702910.0,-0.0044,CFG
2015-02-27,24.84,24.8,25.0,24.71,468550.0,-0.0004,CFG
2015-03-02,24.85,24.8,25.18,24.62,1410000.0,0.0004,CFG
2015-03-03,25.04,24.82,25.05,24.58,905540.0,0.0076,CFG
2015-03-04,24.9,24.99,24.99,24.5,1780000.0,-0.005600000000000001,CFG
2015-03-05,25.3,24.89,25.32,24.61,1960000.0,0.0161,CFG
2015-03-06,25.5,25.03,25.8,24.95,1540000.0,0.0079,CFG
2015-03-09,25.23,25.47,25.53,25.11,1890000.0,-0.0106,CFG
2015-03-10,25.0,24.95,25.2,24.79,1430000.0,-0.0091,CFG
2015-03-11,25.11,25.0,25.27,25.0,837650.0,0.0044,CFG
2015-03-12,25.49,25.12,25.78,24.99,2140000.0,0.0151,CFG
2015-03-13,24.77,25.17,25.23,24.43,3480000.0,-0.0282,CFG
2015-03-16,25.31,24.93,25.32,24.77,1190000.0,0.0218,CFG
2015-03-17,25.6,25.18,25.61,24.9,1230000.0,0.0115,CFG
2015-03-18,25.19,25.45,25.84,25.1,1290000.0,-0.016,CFG
2015-03-19,24.8,25.0,25.19,24.5,1820000.0,-0.0155,CFG
2015-03-20,24.8,24.78,25.02,24.74,6590000.0,0.0,CFG
2015-03-23,24.76,24.85,25.24,24.51,3770000.0,-0.0016,CFG
2015-03-24,24.32,24.7,24.92,24.24,2660000.0,-0.0178,CFG
2015-03-25,24.0,24.27,24.43,23.84,5010000.0,-0.0132,CFG
2015-03-26,24.12,24.04,24.29,23.83,62490000.0,0.005,CFG
2015-03-27,24.48,24.11,24.54,24.1,9240000.0,0.0149,CFG
2015-03-30,24.32,24.5,24.68,24.16,5460000.0,-0.006500000000000001,CFG
2015-03-31,24.13,24.22,24.29,24.04,3950000.0,-0.0078000000000000005,CFG
2015-04-01,24.36,24.15,24.46,24.03,5350000.0,0.0095,CFG
2015-04-02,24.62,24.34,24.68,24.25,6020000.0,0.010700000000000001,CFG
2015-04-06,24.75,24.48,24.8,24.28,3720000.0,0.0053,CFG
2015-04-07,24.9,24.73,25.0,24.7,5750000.0,0.0060999999999999995,CFG
2015-04-08,25.0,25.0,25.09,24.88,4440000.0,0.004,CFG
2015-04-09,25.04,25.0,25.14,24.93,3590000.0,0.0016,CFG
2015-04-10,25.11,25.03,25.3,24.97,2610000.0,0.0028000000000000004,CFG
2015-04-13,25.45,25.19,25.46,24.98,4460000.0,0.013500000000000002,CFG
2015-04-14,25.14,25.15,25.25,25.02,1860000.0,-0.012199999999999999,CFG
2015-04-15,25.6,25.15,25.66,25.02,3700000.0,0.0183,CFG
2015-04-16,25.49,25.6,25.63,25.2,1970000.0,-0.0043,CFG
2015-04-17,25.12,25.36,25.41,25.04,1300000.0,-0.014499999999999999,CFG
2015-04-20,25.11,25.19,25.28,24.97,2630000.0,-0.0004,CFG
2015-04-21,25.04,25.19,25.46,24.96,3490000.0,-0.0028000000000000004,CFG
2015-04-22,25.49,25.5,25.98,24.92,3560000.0,0.018000000000000002,CFG
2015-04-23,25.64,25.66,25.74,25.28,2450000.0,0.0059,CFG
2015-04-24,25.57,25.66,25.72,25.28,1920000.0,-0.0027,CFG
2015-04-27,25.48,25.7,25.84,25.48,4840000.0,-0.0034999999999999996,CFG
2015-04-28,25.78,25.53,25.82,25.39,2560000.0,0.0118,CFG
2015-04-29,26.09,25.63,26.29,25.6,3520000.0,0.012,CFG
2015-04-30,26.05,25.99,26.18,25.68,2700000.0,-0.0015,CFG
2015-05-01,25.98,26.15,26.3,25.91,2089999.9999999998,-0.0027,CFG
2015-05-04,26.3,26.05,26.38,25.97,1630000.0,0.0123,CFG
2015-05-05,26.24,26.23,26.47,26.14,2160000.0,-0.0023,CFG
2015-05-06,25.85,26.29,26.43,25.78,2610000.0,-0.0149,CFG
2015-05-07,25.95,25.82,25.96,25.61,3000000.0,0.0039000000000000003,CFG
2015-05-08,25.81,26.19,26.24,25.57,3300000.0,-0.0054,CFG
2015-05-11,26.07,25.83,26.19,25.83,4880000.0,0.0101,CFG
2015-05-12,26.15,26.02,26.25,25.96,3530000.0,0.0031,CFG
2015-05-13,26.23,26.29,26.41,25.99,3530000.0,0.0031,CFG
2015-05-14,26.48,26.48,26.59,26.14,2560000.0,0.0095,CFG
2015-05-15,25.93,26.45,26.58,25.9,2270000.0,-0.0208,CFG
2015-05-18,26.3,25.99,26.38,25.89,2180000.0,0.0143,CFG
2015-05-19,26.86,26.02,26.89,25.94,3280000.0,0.0213,CFG
2015-05-20,26.75,26.65,26.95,26.64,3430000.0,-0.0040999999999999995,CFG
2015-05-21,26.84,26.76,26.91,26.46,5400000.0,0.0034000000000000002,CFG
2015-05-22,26.92,26.83,26.99,26.7,3190000.0,0.003,CFG
2015-05-26,26.7,26.87,26.99,26.66,5930000.0,-0.008199999999999999,CFG
2015-05-27,26.77,26.77,26.92,26.59,4420000.0,0.0026,CFG
2015-05-28,26.83,26.77,26.92,26.58,3070000.0,0.0022,CFG
2015-05-29,26.84,26.89,26.95,26.57,11660000.0,0.0004,CFG
2015-06-01,26.95,26.91,27.02,26.72,4059999.9999999995,0.0040999999999999995,CFG
2015-06-02,27.19,27.0,27.34,26.95,3800000.0,0.0089,CFG
2015-06-03,27.62,27.29,27.67,27.24,6360000.0,0.0158,CFG
2015-06-04,27.75,27.53,27.87,27.53,6120000.0,0.004699999999999999,CFG
2015-06-05,28.32,27.79,28.35,27.3,7050000.0,0.020499999999999997,CFG
2015-06-08,28.04,28.39,28.71,28.0,12000000.0,-0.009899999999999999,CFG
2015-06-09,28.08,28.01,28.09,27.3,8310000.000000001,0.0014000000000000002,CFG
2015-06-10,28.0,28.2,28.31,27.83,7650000.0,-0.0028000000000000004,CFG
2015-06-11,27.52,28.09,28.17,27.46,10330000.0,-0.0171,CFG
2015-06-12,27.54,27.5,27.64,27.33,8410000.0,0.0007000000000000001,CFG
2015-06-15,27.91,27.37,27.99,27.36,6180000.0,0.0134,CFG
2015-06-16,28.25,27.85,28.29,27.73,5020000.0,0.012199999999999999,CFG
2015-06-17,27.91,28.33,28.41,27.84,6830000.0,-0.012,CFG
2015-06-18,28.07,28.0,28.12,27.6,6170000.0,0.005699999999999999,CFG
2015-06-19,28.19,28.12,28.46,28.02,29230000.0,0.0043,CFG
2015-06-22,28.27,28.39,28.54,28.17,3700000.0,0.0028000000000000004,CFG
2015-06-23,28.19,28.38,28.53,28.06,5110000.0,-0.0028000000000000004,CFG
2015-06-24,28.05,28.1,28.32,27.98,2680000.0,-0.005,CFG
2015-06-25,27.38,27.95,28.04,27.28,5010000.0,-0.0239,CFG
2015-06-26,27.54,27.37,27.61,27.26,9590000.0,0.0058,CFG
2015-06-29,26.93,27.21,27.39,26.8,3020000.0,-0.022099999999999998,CFG
2015-06-30,27.31,27.21,27.87,26.98,5550000.0,0.0141,CFG
2015-07-01,27.44,27.53,27.74,27.34,2840000.0,0.0048,CFG
2015-07-02,27.15,27.43,27.47,26.92,2160000.0,-0.0106,CFG
2015-07-06,27.01,26.93,27.04,26.67,3390000.0,-0.0052,CFG
2015-07-07,26.74,27.01,27.04,26.44,3580000.0,-0.01,CFG
2015-07-08,26.64,26.58,26.71,26.46,3600000.0,-0.0037,CFG
2015-07-09,26.98,26.91,27.03,26.8,2200000.0,0.0128,CFG
2015-07-10,27.3,27.25,27.35,27.05,1770000.0,0.011899999999999999,CFG
2015-07-13,27.25,27.5,27.7,27.19,2080000.0,-0.0018,CFG
2015-07-14,27.55,27.3,27.58,27.23,3360000.0,0.011000000000000001,CFG
2015-07-15,27.8,27.75,28.0,27.62,2360000.0,0.0091,CFG
2015-07-16,28.11,27.89,28.15,27.71,2240000.0,0.011200000000000002,CFG
2015-07-17,27.91,28.08,28.18,27.84,3130000.0,-0.0070999999999999995,CFG
2015-07-20,27.96,27.93,28.17,27.87,4130000.0,0.0018,CFG
2015-07-21,26.72,26.53,27.58,25.48,10370000.0,-0.0443,CFG
2015-07-22,27.04,26.69,27.25,26.61,3830000.0,0.012,CFG
2015-07-23,26.45,27.06,27.3,26.37,3080000.0,-0.0218,CFG
2015-07-24,26.15,26.48,26.65,26.12,1990000.0,-0.0113,CFG
2015-07-27,25.94,26.02,26.13,25.68,2540000.0,-0.008,CFG
2015-07-28,26.17,25.8,26.36,25.74,5630000.0,0.0089,CFG
2015-07-29,26.0,26.1,26.33,26.0,59750000.0,-0.006500000000000001,CFG
2015-07-30,26.49,26.03,26.63,25.6,17810000.0,0.018799999999999997,CFG
2015-07-31,26.07,26.56,26.6,25.98,9400000.0,-0.0159,CFG
2015-08-03,26.03,26.18,26.5,26.0,6980000.0,-0.0015,CFG
2015-08-04,26.27,26.05,26.44,25.9,5120000.0,0.0092,CFG
2015-08-05,26.66,26.49,26.84,26.41,6480000.0,0.0148,CFG
2015-08-06,26.65,26.77,26.84,26.43,4040000.0,-0.0004,CFG
2015-08-07,26.7,26.53,26.82,26.31,8970000.0,0.0019,CFG
2015-08-10,27.19,27.01,27.26,26.9,4440000.0,0.0184,CFG
2015-08-11,26.84,27.0,27.19,26.7,4910000.0,-0.0129,CFG
2015-08-12,26.03,26.78,26.79,25.74,6980000.0,-0.0302,CFG
2015-08-13,26.2,26.0,26.3,25.98,4320000.0,0.006500000000000001,CFG
2015-08-14,26.38,26.26,26.42,26.13,2000000.0,0.0069,CFG
2015-08-17,26.28,26.31,26.48,26.08,1750000.0,-0.0038,CFG
2015-08-18,26.56,26.29,26.58,26.19,2420000.0,0.010700000000000001,CFG
2015-08-19,26.26,26.43,26.57,26.23,4320000.0,-0.0113,CFG
2015-08-20,25.33,26.05,26.29,25.33,3190000.0,-0.0354,CFG
2015-08-21,24.57,25.02,25.11,24.57,4200000.0,-0.03,CFG
2015-08-24,23.03,23.58,24.1,21.14,8450000.0,-0.06269999999999999,CFG
2015-08-25,23.1,23.8,24.08,23.07,5610000.0,0.003,CFG
2015-08-26,24.19,24.0,24.45,23.45,6360000.0,0.0472,CFG
2015-08-27,24.48,24.65,24.99,24.37,5250000.0,0.012,CFG
2015-08-28,24.69,24.67,24.89,24.37,3100000.0,0.0086,CFG
2015-08-31,24.82,24.62,24.94,24.5,3550000.0,0.0053,CFG
2015-09-01,23.69,24.47,24.59,23.52,5050000.0,-0.0455,CFG
2015-09-02,24.13,23.98,24.33,23.44,5660000.0,0.018600000000000002,CFG
2015-09-03,24.5,24.3,24.79,24.21,3090000.0,0.015300000000000001,CFG
2015-09-04,24.09,24.24,24.43,23.96,2300000.0,-0.0167,CFG
2015-09-08,24.63,24.6,24.63,24.21,3480000.0,0.022400000000000003,CFG
2015-09-09,24.4,24.78,24.99,24.36,3950000.0,-0.009300000000000001,CFG
2015-09-10,24.44,24.3,24.64,24.22,2009999.9999999998,0.0016,CFG
2015-09-11,24.32,24.3,24.54,24.06,3540000.0,-0.0049,CFG
2015-09-14,24.41,24.28,24.67,24.25,2460000.0,0.0037,CFG
2015-09-15,25.03,24.45,25.14,24.42,2880000.0,0.0254,CFG
2015-09-16,24.88,24.93,25.06,24.64,3540000.0,-0.006,CFG
2015-09-17,24.04,24.84,24.96,23.68,5430000.0,-0.0338,CFG
2015-09-18,23.75,23.69,23.99,23.22,11030000.0,-0.0121,CFG
2015-09-21,23.9,23.95,24.14,23.72,3420000.0,0.0063,CFG
2015-09-22,23.6,23.5,23.67,23.42,2220000.0,-0.0126,CFG
2015-09-23,23.34,23.75,23.79,23.27,3660000.0,-0.011000000000000001,CFG
2015-09-24,23.24,23.06,23.32,23.0,3500000.0,-0.0043,CFG
2015-09-25,23.61,23.63,23.82,23.48,4080000.0,0.0159,CFG
2015-09-28,22.63,23.4,23.56,22.6,5400000.0,-0.0415,CFG
2015-09-29,23.22,22.76,23.44,22.57,5980000.0,0.026099999999999998,CFG
2015-09-30,23.86,23.66,25.23,23.39,5610000.0,0.0276,CFG
2015-10-01,23.5,23.75,24.02,23.37,3210000.0,-0.0151,CFG
2015-10-02,23.41,22.99,23.48,22.48,7920000.0,-0.0038,CFG
2015-10-05,23.72,23.64,23.83,23.32,6640000.0,0.0132,CFG
2015-10-06,23.36,23.66,23.83,23.3,3620000.0,-0.0152,CFG
2015-10-07,23.44,23.52,23.57,23.18,4530000.0,0.0034000000000000002,CFG
2015-10-08,23.52,23.43,23.64,23.24,4250000.0,0.0034000000000000002,CFG
2015-10-09,23.46,23.49,23.82,23.36,3650000.0,-0.0026,CFG
2015-10-12,23.56,23.46,23.69,23.39,1950000.0,0.0043,CFG
2015-10-13,23.46,23.5,23.62,23.38,2280000.0,-0.0042,CFG
2015-10-14,22.91,23.35,23.49,22.79,2970000.0,-0.023399999999999997,CFG
2015-10-15,23.52,23.04,23.59,22.94,3080000.0,0.026600000000000002,CFG
2015-10-16,23.22,23.62,23.78,23.22,4210000.0,-0.0128,CFG
2015-10-19,23.23,23.2,23.49,23.03,3850000.0,0.0004,CFG
2015-10-20,23.39,23.23,23.6,23.16,4080000.0,0.0069,CFG
2015-10-21,23.17,23.48,23.86,23.17,3920000.0,-0.009399999999999999,CFG
2015-10-22,22.87,23.26,23.62,22.87,9980000.0,-0.0129,CFG
2015-10-23,24.22,23.55,24.3,23.21,9490000.0,0.059000000000000004,CFG
2015-10-26,23.6,24.25,24.49,23.56,4690000.0,-0.0256,CFG
2015-10-27,23.53,23.42,23.8,23.27,4040000.0,-0.003,CFG
2015-10-28,24.18,23.52,24.44,23.52,5540000.0,0.0276,CFG
2015-10-29,24.11,24.18,24.43,24.01,4370000.0,-0.0029,CFG
2015-10-30,24.3,23.75,24.39,23.73,50060000.0,0.0079,CFG
2015-11-02,24.45,24.58,24.7,24.12,14760000.0,0.0062,CFG
2015-11-03,24.42,24.46,24.62,24.14,6330000.0,-0.0012,CFG
2015-11-04,24.53,24.55,24.74,24.2,11120000.0,0.0045000000000000005,CFG
2015-11-05,24.61,24.47,24.93,24.44,10040000.0,0.0033,CFG
2015-11-06,25.73,25.47,25.97,25.12,16320000.0,0.0455,CFG
2015-11-09,25.87,25.73,26.05,25.48,10010000.0,0.0054,CFG
2015-11-10,26.0,25.87,26.09,25.77,14270000.0,0.005,CFG
2015-11-11,26.09,26.0,26.13,25.89,6580000.0,0.0034999999999999996,CFG
2015-11-12,25.51,25.75,25.95,25.49,8340000.0,-0.0222,CFG
2015-11-13,25.53,25.49,25.6,25.22,9830000.0,0.0008,CFG
2015-11-16,25.68,25.6,25.72,25.27,6910000.0,0.0059,CFG
2015-11-17,25.6,25.72,25.91,25.52,4460000.0,-0.0031,CFG
2015-11-18,26.2,25.73,26.22,25.61,5740000.0,0.023399999999999997,CFG
2015-11-19,26.12,26.1,26.24,25.9,3420000.0,-0.0031,CFG
2015-11-20,26.02,26.31,26.31,25.87,3100000.0,-0.0038,CFG
2015-11-23,25.74,25.97,26.18,25.67,4370000.0,-0.0108,CFG
2015-11-24,26.13,25.64,26.15,25.51,4960000.0,0.0152,CFG
2015-11-25,26.26,26.13,26.28,25.94,4380000.0,0.005,CFG
2015-11-27,26.39,26.23,26.5,26.14,2250000.0,0.005,CFG
2015-11-30,26.63,26.43,26.65,26.25,9730000.0,0.0091,CFG
2015-12-01,26.5,26.81,26.87,26.28,6000000.0,-0.0049,CFG
2015-12-02,26.64,26.75,26.86,26.46,10320000.0,0.0053,CFG
2015-12-03,26.47,26.83,26.84,26.38,10030000.0,-0.0064,CFG
2015-12-04,27.12,26.69,27.14,26.46,5480000.0,0.0246,CFG
2015-12-07,26.51,27.1,27.17,26.36,5340000.0,-0.0225,CFG
2015-12-08,26.41,26.25,26.55,26.09,4660000.0,-0.0038,CFG
2015-12-09,26.1,26.33,26.74,25.79,6760000.0,-0.011699999999999999,CFG
2015-12-10,26.3,26.1,26.57,26.04,3560000.0,0.0077,CFG
2015-12-11,25.61,25.96,26.17,25.37,6500000.0,-0.0262,CFG
2015-12-14,25.72,25.74,25.96,25.4,5120000.0,0.0043,CFG
2015-12-15,26.54,26.18,26.7,26.04,5450000.0,0.0319,CFG
2015-12-16,26.91,26.75,27.02,25.93,9250000.0,0.0139,CFG
2015-12-17,26.48,26.91,27.08,26.43,5400000.0,-0.016,CFG
2015-12-18,25.9,26.39,26.45,25.84,10140000.0,-0.0219,CFG
2015-12-21,26.03,26.14,26.34,25.73,4150000.0000000005,0.005,CFG
2015-12-22,26.25,26.16,26.46,25.7,5390000.0,0.0085,CFG
2015-12-23,26.52,26.35,26.54,26.17,3890000.0,0.0103,CFG
2015-12-24,26.6,26.45,26.68,26.37,1070000.0,0.003,CFG
2015-12-28,26.41,26.44,26.47,26.08,2240000.0,-0.0070999999999999995,CFG
2015-12-29,26.62,26.54,26.8,26.49,2870000.0,0.008,CFG
2015-12-30,26.3,26.49,26.66,26.26,2060000.0,-0.012,CFG
2015-12-31,26.19,26.22,26.49,26.14,2310000.0,-0.0042,CFG
2016-01-04,25.8,25.71,25.99,25.45,5600000.0,-0.0149,CFG
2016-01-05,25.68,25.77,25.95,25.52,6390000.0,-0.004699999999999999,CFG
2016-01-06,25.28,25.3,25.53,25.15,5420000.0,-0.015600000000000001,CFG
2016-01-07,24.59,24.79,24.91,24.3,4980000.0,-0.0273,CFG
2016-01-08,23.82,24.81,24.88,23.66,10580000.0,-0.0313,CFG
2016-01-11,23.9,24.18,24.24,23.67,6980000.0,0.0034000000000000002,CFG
2016-01-12,23.9,24.1,24.15,23.59,7080000.0,0.0,CFG
2016-01-13,23.22,24.08,24.15,22.95,8080000.0,-0.0285,CFG
2016-01-14,22.9,23.34,23.38,22.6,9370000.0,-0.0138,CFG
2016-01-15,22.32,22.19,22.47,21.7,12940000.0,-0.0253,CFG
2016-01-19,22.23,22.6,22.7,22.04,9790000.0,-0.004,CFG
2016-01-20,21.6,21.87,21.97,21.0,11160000.0,-0.028300000000000002,CFG
2016-01-21,21.33,21.63,21.84,21.12,9820000.0,-0.0125,CFG
2016-01-22,20.78,21.65,21.8,19.75,23180000.0,-0.0258,CFG
2016-01-25,19.79,20.78,20.91,19.73,12600000.0,-0.047599999999999996,CFG
2016-01-26,20.29,19.97,20.57,19.97,16250000.0,0.0253,CFG
2016-01-27,21.21,20.98,21.61,20.8,33940000.0,0.0453,CFG
2016-01-28,21.74,21.5,21.85,21.14,21320000.0,0.025,CFG
2016-01-29,21.25,21.88,21.95,21.25,94880000.0,-0.0225,CFG
2016-02-01,20.78,21.11,21.21,20.56,10620000.0,-0.022099999999999998,CFG
2016-02-02,20.21,20.51,20.62,20.08,12990000.0,-0.0274,CFG
2016-02-03,20.05,20.27,20.3,19.25,14340000.0,-0.0079,CFG
2016-02-04,20.23,20.04,20.55,19.89,9250000.0,0.009000000000000001,CFG
2016-02-05,19.85,20.26,20.62,19.76,8109999.999999999,-0.018799999999999997,CFG
2016-02-08,19.2,19.52,19.74,18.95,10230000.0,-0.0327,CFG
2016-02-09,19.55,18.93,19.61,18.89,10510000.0,0.0182,CFG
2016-02-10,18.86,19.63,19.76,18.8,10450000.0,-0.0353,CFG
2016-02-11,18.14,18.45,18.65,18.04,8390000.0,-0.0382,CFG
2016-02-12,18.89,18.6,18.99,18.32,9360000.0,0.041299999999999996,CFG
2016-02-16,19.36,19.15,19.75,18.9,8900000.0,0.024900000000000002,CFG
2016-02-17,19.65,19.59,20.25,19.45,9440000.0,0.015,CFG
2016-02-18,19.11,19.67,19.81,18.96,7980000.0,-0.0275,CFG
2016-02-19,19.24,19.11,19.3,18.89,4540000.0,0.0068000000000000005,CFG
2016-02-22,19.8,19.57,19.82,19.44,4790000.0,0.0291,CFG
2016-02-23,19.37,19.73,19.81,19.09,6180000.0,-0.0217,CFG
2016-02-24,19.0,19.0,19.16,18.77,5750000.0,-0.0191,CFG
2016-02-25,19.18,19.02,19.22,18.83,6750000.0,0.0095,CFG
2016-02-26,19.74,19.3,20.11,18.99,11220000.0,0.0292,CFG
2016-02-29,19.23,19.66,19.8,19.18,4250000.0,-0.0258,CFG
2016-03-01,20.27,19.33,20.28,19.32,7860000.0,0.0541,CFG
2016-03-02,20.96,20.24,21.09,20.16,8910000.0,0.034,CFG
2016-03-03,21.44,20.85,21.56,20.82,8730000.0,0.0229,CFG
2016-03-04,21.93,21.64,22.23,21.59,7150000.0,0.0229,CFG
2016-03-07,21.53,21.7,21.86,21.41,6160000.0,-0.0182,CFG
2016-03-08,20.92,21.26,21.26,20.53,9760000.0,-0.028300000000000002,CFG
2016-03-09,20.7,21.1,21.23,20.56,5650000.0,-0.0105,CFG
2016-03-10,21.01,20.88,21.23,20.58,5180000.0,0.015,CFG
2016-03-11,21.91,21.34,21.93,21.29,5960000.0,0.042800000000000005,CFG
2016-03-14,22.09,21.81,22.16,21.6,4860000.0,0.008199999999999999,CFG
2016-03-15,22.19,21.82,22.22,21.63,5750000.0,0.0045000000000000005,CFG
2016-03-16,21.61,22.01,22.55,21.58,8260000.0,-0.026099999999999998,CFG
2016-03-17,21.73,21.5,21.82,21.13,7430000.0,0.005600000000000001,CFG
2016-03-18,22.08,21.93,22.24,21.76,10240000.0,0.0161,CFG
2016-03-21,22.0,22.11,22.25,21.73,3720000.0,-0.0036,CFG
2016-03-22,21.93,21.86,22.07,21.56,3750000.0,-0.0032,CFG
2016-03-23,21.69,21.93,21.96,21.55,3020000.0,-0.0109,CFG
2016-03-24,21.59,21.44,21.7,21.22,3910000.0,-0.0046,CFG
2016-03-28,21.39,21.67,21.73,21.27,3610000.0,-0.009300000000000001,CFG
2016-03-29,21.2,21.23,21.38,20.79,6000000.0,-0.0089,CFG
2016-03-30,21.25,21.21,21.36,20.98,6100000.0,0.0024,CFG
2016-03-31,20.95,21.2,21.21,20.74,4950000.0,-0.0141,CFG
2016-04-01,21.35,20.92,21.38,20.63,4560000.0,0.0191,CFG
2016-04-04,21.51,21.3,21.65,21.11,4720000.0,0.0075,CFG
2016-04-05,20.76,21.28,21.34,20.69,6990000.0,-0.0349,CFG
2016-04-06,21.34,20.74,21.36,20.55,6860000.0,0.0279,CFG
2016-04-07,20.79,21.12,21.25,20.53,6300000.0,-0.0258,CFG
2016-04-08,20.87,20.96,21.35,20.78,5450000.0,0.0038,CFG
2016-04-11,21.04,21.03,21.45,21.02,2850000.0,0.008100000000000001,CFG
2016-04-12,21.51,21.16,21.55,21.14,4150000.0000000005,0.0223,CFG
2016-04-13,22.6,21.75,22.74,21.66,6200000.0,0.0507,CFG
2016-04-14,22.82,22.58,23.28,22.45,5940000.0,0.0097,CFG
2016-04-15,22.55,22.77,22.88,22.41,5020000.0,-0.0118,CFG
2016-04-18,22.72,22.4,22.77,22.25,3600000.0,0.0075,CFG
2016-04-19,23.1,22.73,23.38,22.73,8800000.0,0.0167,CFG
2016-04-20,23.36,23.13,23.43,22.99,7530000.0,0.0113,CFG
2016-04-21,23.53,23.74,24.24,23.48,8220000.000000001,0.0073,CFG
2016-04-22,23.62,23.62,23.77,23.48,5180000.0,0.0038,CFG
2016-04-25,23.38,23.58,23.63,23.13,3330000.0,-0.0102,CFG
2016-04-26,23.55,23.48,23.64,23.33,4070000.0000000005,0.0073,CFG
2016-04-27,23.62,23.52,23.83,23.34,4810000.0,0.003,CFG
2016-04-28,23.24,23.4,23.65,23.14,3270000.0,-0.0161,CFG
2016-04-29,22.85,23.08,23.26,22.71,5320000.0,-0.0168,CFG
2016-05-02,23.06,22.84,23.09,22.57,3120000.0,0.0092,CFG
2016-05-03,22.51,22.68,22.75,22.29,3870000.0,-0.0239,CFG
2016-05-04,21.99,22.25,22.34,21.64,5200000.0,-0.0231,CFG
2016-05-05,22.11,22.0,22.2,21.78,4870000.0,0.0055000000000000005,CFG
2016-05-06,22.09,21.91,22.22,21.77,3710000.0,-0.0009,CFG
2016-05-09,21.85,22.03,22.22,21.83,2710000.0,-0.0109,CFG
2016-05-10,22.36,21.94,22.52,21.82,10160000.0,0.0233,CFG
2016-05-11,22.2,22.36,22.63,22.19,3670000.0,-0.0072,CFG
2016-05-12,21.76,22.36,22.47,21.6,5750000.0,-0.019799999999999998,CFG
2016-05-13,21.4,22.0,22.22,21.25,6520000.0,-0.0165,CFG
2016-05-16,21.71,21.42,21.9,21.3,4280000.0,0.014499999999999999,CFG
2016-05-17,21.82,21.59,22.09,21.46,4170000.0,0.0051,CFG
2016-05-18,23.13,21.74,23.14,21.74,9870000.0,0.06,CFG
2016-05-19,22.9,22.94,23.48,22.62,4820000.0,-0.009899999999999999,CFG
2016-05-20,22.98,22.99,23.41,22.86,3930000.0,0.0034999999999999996,CFG
2016-05-23,22.97,22.97,23.11,22.72,2940000.0,-0.0004,CFG
2016-05-24,23.25,23.12,23.57,23.03,3170000.0,0.012199999999999999,CFG
2016-05-25,23.69,23.4,23.86,23.26,6770000.0,0.0189,CFG
2016-05-26,23.35,23.68,23.71,23.27,4660000.0,-0.0144,CFG
2016-05-27,23.59,23.43,23.62,23.26,3510000.0,0.0103,CFG
2016-05-31,23.55,23.76,23.81,23.35,6730000.0,-0.0017000000000000001,CFG
2016-06-01,23.6,23.28,23.71,22.96,3950000.0,0.0021,CFG
2016-06-02,23.83,23.55,23.88,23.29,3510000.0,0.0097,CFG
2016-06-03,23.14,22.83,23.23,22.52,7800000.0,-0.028999999999999998,CFG
2016-06-06,23.47,23.24,23.67,23.15,5450000.0,0.0143,CFG
2016-06-07,23.48,23.46,23.7,23.32,3720000.0,0.0004,CFG
2016-06-08,23.46,23.49,23.69,23.36,3340000.0,-0.0009,CFG
2016-06-09,22.88,23.26,23.26,22.81,4450000.0,-0.024700000000000003,CFG
2016-06-10,22.46,22.55,22.69,22.27,4680000.0,-0.0184,CFG
2016-06-13,22.08,22.31,22.72,22.05,5180000.0,-0.0169,CFG
2016-06-14,21.31,22.01,22.18,20.94,8920000.0,-0.0349,CFG
2016-06-15,21.36,21.44,21.84,21.3,6080000.0,0.0023,CFG
2016-06-16,20.94,21.16,21.19,20.83,4990000.0,-0.0197,CFG
2016-06-17,21.1,21.0,21.23,20.92,9970000.0,0.0076,CFG
2016-06-20,21.31,21.53,21.82,21.25,6020000.0,0.01,CFG
2016-06-21,21.55,21.33,21.59,21.06,6220000.0,0.0113,CFG
2016-06-22,21.37,21.52,21.82,21.34,4139999.9999999995,-0.0084,CFG
2016-06-23,22.12,21.75,22.13,21.69,5340000.0,0.0351,CFG
2016-06-24,19.95,20.47,20.82,19.95,21600000.0,-0.0981,CFG
2016-06-27,18.44,19.56,19.56,18.34,13060000.0,-0.0757,CFG
2016-06-28,18.97,18.91,19.28,18.61,23330000.0,0.0287,CFG
2016-06-29,19.52,19.25,19.59,18.86,8300000.000000001,0.028999999999999998,CFG
2016-06-30,19.98,19.77,20.12,19.63,10740000.0,0.0236,CFG
2016-07-01,19.65,19.88,19.91,19.38,5720000.0,-0.0165,CFG
2016-07-05,18.9,19.31,19.34,18.73,5690000.0,-0.0382,CFG
2016-07-06,18.99,18.65,19.01,18.58,7900000.0,0.0048,CFG
2016-07-07,19.42,18.99,19.44,18.99,8140000.000000001,0.0226,CFG
2016-07-08,19.85,19.79,20.01,19.52,8870000.0,0.022099999999999998,CFG
2016-07-11,20.12,20.03,20.23,19.94,4950000.0,0.013600000000000001,CFG
2016-07-12,20.44,20.45,20.69,20.36,6520000.0,0.0159,CFG
2016-07-13,20.56,20.37,20.61,20.21,3950000.0,0.0059,CFG
2016-07-14,20.99,21.0,21.36,20.82,4670000.0,0.0209,CFG
2016-07-15,20.98,21.14,21.27,20.95,5160000.0,-0.0005,CFG
2016-07-18,20.98,20.94,21.08,20.74,8279999.999999999,0.0,CFG
2016-07-19,21.03,20.77,21.18,20.77,5200000.0,0.0024,CFG
2016-07-20,21.32,21.06,21.53,20.84,8470000.0,0.0138,CFG
2016-07-21,21.68,22.26,22.5,21.52,12970000.0,0.0169,CFG
2016-07-22,21.8,21.75,22.0,21.61,6390000.0,0.0055000000000000005,CFG
2016-07-25,22.03,21.74,22.07,21.74,5910000.0,0.0106,CFG
2016-07-26,22.49,21.99,22.56,21.91,6200000.0,0.0209,CFG
2016-07-27,22.58,22.47,22.75,22.25,8850000.0,0.004,CFG
2016-07-28,22.45,22.55,22.73,22.3,6200000.0,-0.0058,CFG
2016-07-29,22.33,22.37,22.73,22.28,4010000.0,-0.0053,CFG
2016-08-01,22.2,22.25,22.52,22.12,4850000.0,-0.0058,CFG
2016-08-02,22.05,22.16,22.44,21.92,5920000.0,-0.0068000000000000005,CFG
2016-08-03,22.46,22.07,22.48,22.0,4840000.0,0.018600000000000002,CFG
2016-08-04,22.61,22.45,22.73,22.45,5900000.0,0.0067,CFG
2016-08-05,23.39,22.95,23.45,22.86,7330000.0,0.0345,CFG
2016-08-08,23.45,23.49,23.69,23.38,5400000.0,0.0026,CFG
2016-08-09,23.49,23.38,23.59,23.28,5150000.0,0.0017000000000000001,CFG
2016-08-10,23.25,23.45,23.53,23.16,3480000.0,-0.0102,CFG
2016-08-11,23.4,23.29,23.52,23.15,3690000.0,0.006500000000000001,CFG
2016-08-12,23.27,23.22,23.29,22.96,3080000.0,-0.005600000000000001,CFG
2016-08-15,23.54,23.42,23.68,23.35,4490000.0,0.0116,CFG
2016-08-16,23.39,23.35,23.66,23.32,4760000.0,-0.0064,CFG
2016-08-17,23.44,23.32,23.54,23.32,4240000.0,0.0021,CFG
2016-08-18,23.39,23.46,23.59,23.32,3800000.0,-0.0021,CFG
2016-08-19,23.58,23.31,23.62,23.2,2950000.0,0.008100000000000001,CFG
2016-08-22,23.5,23.56,23.62,23.37,3140000.0,-0.0034000000000000002,CFG
2016-08-23,23.53,23.63,23.76,23.5,4700000.0,0.0013,CFG
2016-08-24,23.49,23.58,23.75,23.43,4030000.0000000005,-0.0017000000000000001,CFG
2016-08-25,23.64,23.47,23.7,23.37,2290000.0,0.0064,CFG
2016-08-26,24.12,23.7,24.16,23.64,6160000.0,0.0203,CFG
2016-08-29,24.46,24.2,24.69,24.18,6640000.0,0.0141,CFG
2016-08-30,24.73,24.52,24.81,24.08,4560000.0,0.011000000000000001,CFG
2016-08-31,24.77,24.75,24.8,24.43,6700000.0,0.0016,CFG
2016-09-01,24.52,24.86,24.96,24.3,4630000.0,-0.0101,CFG
2016-09-02,24.68,24.59,24.88,24.41,4890000.0,0.006500000000000001,CFG
2016-09-06,24.3,24.67,24.73,24.16,5000000.0,-0.0154,CFG
2016-09-07,24.57,24.24,24.64,24.15,3650000.0,0.0111,CFG
2016-09-08,24.92,24.62,24.94,24.5,4290000.0,0.014199999999999999,CFG
2016-09-09,24.81,24.73,25.07,24.7,7100000.0,-0.0044,CFG
2016-09-12,25.07,24.6,25.11,24.33,6580000.0,0.0105,CFG
2016-09-13,24.62,24.72,24.79,24.22,6660000.0,-0.0179,CFG
2016-09-14,24.4,24.61,24.82,24.35,4670000.0,-0.0089,CFG
2016-09-15,24.48,24.31,24.62,24.26,5130000.0,0.0033,CFG
2016-09-16,24.1,24.26,24.32,23.94,8750000.0,-0.0155,CFG
2016-09-19,24.19,24.27,24.53,24.11,4030000.0000000005,0.0037,CFG
2016-09-20,24.17,24.39,24.45,23.98,4080000.0,-0.0008,CFG
2016-09-21,24.31,24.35,24.54,24.08,3830000.0,0.0058,CFG
2016-09-22,24.24,24.39,24.5,24.16,4440000.0,-0.0029,CFG
2016-09-23,24.41,24.16,24.57,24.11,4940000.0,0.006999999999999999,CFG
2016-09-26,23.96,24.19,24.27,23.84,4710000.0,-0.0184,CFG
2016-09-27,24.31,23.9,24.33,23.81,3870000.0,0.0146,CFG
2016-09-28,24.41,24.31,24.47,23.89,8700000.0,0.0040999999999999995,CFG
2016-09-29,24.05,24.47,24.59,23.84,5070000.0,-0.0147,CFG
2016-09-30,24.71,24.28,24.82,24.12,6660000.0,0.0274,CFG
2016-10-03,24.6,24.57,24.72,24.42,3170000.0,-0.0045000000000000005,CFG
2016-10-04,24.99,24.67,25.34,24.64,5960000.0,0.0159,CFG
2016-10-05,25.57,25.15,25.68,25.05,5300000.0,0.0232,CFG
2016-10-06,25.69,25.59,25.79,25.33,3920000.0,0.004699999999999999,CFG
2016-10-07,25.5,25.7,25.8,25.22,4940000.0,-0.0074,CFG
2016-10-10,25.54,25.79,25.91,25.49,3130000.0,0.0016,CFG
2016-10-11,24.96,25.54,25.76,24.83,7270000.0,-0.0227,CFG
2016-10-12,25.25,24.99,25.48,24.95,4080000.0,0.0116,CFG
2016-10-13,24.52,24.94,24.95,24.22,4790000.0,-0.028900000000000002,CFG
2016-10-14,24.79,24.92,25.1,24.61,3600000.0,0.011000000000000001,CFG
2016-10-17,24.58,24.84,25.0,24.43,3490000.0,-0.0085,CFG
2016-10-18,24.85,24.93,24.95,24.56,3370000.0,0.011000000000000001,CFG
2016-10-19,25.3,24.93,25.41,24.93,3580000.0,0.0181,CFG
2016-10-20,25.55,25.19,25.74,25.14,6620000.0,0.009899999999999999,CFG
2016-10-21,25.97,25.68,26.09,25.5,4310000.0,0.016399999999999998,CFG
2016-10-24,26.35,26.36,26.49,26.17,5130000.0,0.0146,CFG
2016-10-25,26.46,26.4,26.55,26.19,4260000.0,0.0042,CFG
2016-10-26,26.87,26.37,26.87,26.34,4990000.0,0.0155,CFG
2016-10-27,26.87,27.06,27.21,26.77,5740000.0,0.0,CFG
2016-10-28,26.35,26.87,26.89,26.21,7860000.0,-0.0194,CFG
2016-10-31,26.34,26.38,26.54,26.25,5900000.0,-0.0004,CFG
2016-11-01,26.84,26.52,26.85,26.34,7870000.0,0.019,CFG
2016-11-02,26.1,26.63,26.66,25.87,8420000.0,-0.0276,CFG
2016-11-03,26.27,26.26,26.5,26.16,4930000.0,0.006500000000000001,CFG
2016-11-04,26.41,26.26,26.76,25.98,3640000.0,0.0053,CFG
2016-11-07,27.35,26.94,27.37,26.94,5130000.0,0.0356,CFG
2016-11-08,26.95,26.82,27.16,26.46,5130000.0,-0.0146,CFG
2016-11-09,28.2,27.29,28.44,27.2,12780000.0,0.0464,CFG
2016-11-10,29.6,28.66,30.0,28.66,12030000.0,0.0496,CFG
2016-11-11,29.85,29.42,30.0,29.05,16250000.0,0.0084,CFG
2016-11-14,30.88,30.13,31.01,30.09,14670000.0,0.0345,CFG
2016-11-15,30.94,30.5,31.16,30.09,10090000.0,0.0019,CFG
2016-11-16,30.73,30.35,30.79,30.26,7470000.0,-0.0068000000000000005,CFG
2016-11-17,31.73,30.73,31.8,30.69,9740000.0,0.0325,CFG
2016-11-18,31.97,31.81,32.13,31.65,8230000.0,0.0076,CFG
2016-11-21,31.93,32.23,32.23,31.7,4590000.0,-0.0013,CFG
2016-11-22,31.92,32.17,32.26,31.77,8289999.999999999,-0.0003,CFG
2016-11-23,32.4,31.99,32.63,31.82,5690000.0,0.015,CFG
2016-11-25,32.46,32.39,32.46,32.25,1510000.0,0.0019,CFG
2016-11-28,31.78,32.14,32.36,31.69,5530000.0,-0.0209,CFG
2016-11-29,32.39,31.96,32.59,31.86,5710000.0,0.0192,CFG
2016-11-30,33.51,33.05,33.7,33.05,7350000.0,0.0346,CFG
2016-12-01,34.38,33.87,34.91,33.83,7610000.0,0.026000000000000002,CFG
2016-12-02,34.15,34.54,34.54,33.81,5880000.0,-0.0067,CFG
2016-12-05,34.15,34.55,34.75,33.89,6610000.0,0.0,CFG
2016-12-06,34.7,34.61,34.81,34.22,4590000.0,0.0161,CFG
2016-12-07,35.06,34.73,35.08,34.12,6270000.0,0.0104,CFG
2016-12-08,35.54,35.37,35.75,34.76,6600000.0,0.0137,CFG
2016-12-09,35.51,35.54,35.59,34.87,4750000.0,-0.0008,CFG
2016-12-12,35.01,35.08,35.69,34.76,4840000.0,-0.0141,CFG
2016-12-13,34.8,35.15,35.2,34.13,6050000.0,-0.006,CFG
2016-12-14,34.63,34.43,35.81,34.16,7100000.0,-0.0049,CFG
2016-12-15,35.4,35.12,35.81,34.58,6350000.0,0.0222,CFG
2016-12-16,35.32,35.71,36.05,35.12,13130000.0,-0.0023,CFG
2016-12-19,35.37,35.3,35.42,34.86,5260000.0,0.0014000000000000002,CFG
2016-12-20,36.08,35.72,36.13,35.58,3430000.0,0.020099999999999996,CFG
2016-12-21,36.02,36.05,36.1,35.7,2900000.0,-0.0017000000000000001,CFG
2016-12-22,36.0,36.02,36.16,35.86,3790000.0,-0.0006,CFG
2016-12-23,36.33,36.02,36.33,35.91,1900000.0,0.0092,CFG
2016-12-27,36.46,36.39,36.56,36.17,1940000.0,0.0036,CFG
2016-12-28,36.0,36.48,36.52,35.88,2840000.0,-0.0126,CFG
2016-12-29,35.28,35.95,36.02,35.23,3780000.0,-0.02,CFG
2016-12-30,35.63,35.34,35.67,35.15,3390000.0,0.009899999999999999,CFG
2017-01-03,35.86,36.44,37.08,35.56,5050000.0,0.006500000000000001,CFG
2017-01-04,36.17,36.03,36.25,35.83,4350000.0,0.0086,CFG
2017-01-05,35.72,36.02,36.26,35.23,3730000.0,-0.0124,CFG
2017-01-06,35.91,35.91,36.08,35.71,3620000.0,0.0053,CFG
2017-01-09,35.68,35.63,35.83,35.15,3040000.0,-0.0064,CFG
2017-01-10,36.28,35.88,36.37,35.8,3730000.0,0.0168,CFG
2017-01-11,36.27,36.17,36.37,35.84,4270000.0,-0.0003,CFG
2017-01-12,35.92,36.1,36.14,35.16,3960000.0,-0.0096,CFG
2017-01-13,36.29,36.2,36.98,35.9,5200000.0,0.0103,CFG
2017-01-17,34.12,35.83,35.91,33.97,8470000.0,-0.059800000000000006,CFG
2017-01-18,34.99,34.36,35.02,33.8,6390000.0,0.0255,CFG
2017-01-19,34.73,34.93,35.42,34.41,5740000.0,-0.0074,CFG
2017-01-20,35.82,35.56,36.18,35.3,8160000.0,0.031400000000000004,CFG
2017-01-23,35.89,35.6,35.97,35.38,4890000.0,0.002,CFG
2017-01-24,36.3,35.96,36.41,35.88,6050000.0,0.011399999999999999,CFG
2017-01-25,37.52,36.76,37.54,36.67,5710000.0,0.0336,CFG
2017-01-26,37.54,37.51,37.95,37.21,4800000.0,0.0005,CFG
2017-01-27,36.99,37.43,37.48,36.87,4280000.0,-0.0147,CFG
2017-01-30,36.53,36.54,36.76,35.9,4980000.0,-0.0124,CFG
2017-01-31,36.17,36.33,36.87,35.87,4770000.0,-0.009899999999999999,CFG
2017-02-01,36.49,36.54,37.16,36.38,4800000.0,0.0088,CFG
2017-02-02,36.04,36.19,36.22,35.65,4360000.0,-0.0123,CFG
2017-02-03,36.79,36.81,36.91,36.36,3870000.0,0.0208,CFG
2017-02-06,36.47,36.31,36.92,36.21,4630000.0,-0.0087,CFG
2017-02-07,36.59,36.6,36.81,36.33,3820000.0,0.0033,CFG
2017-02-08,35.35,36.25,36.28,35.24,8450000.0,-0.0339,CFG
2017-02-09,36.24,35.58,36.27,35.21,5730000.0,0.0252,CFG
2017-02-10,36.42,36.15,36.53,36.09,3280000.0,0.005,CFG
2017-02-13,36.92,36.81,37.2,36.71,3510000.0,0.0137,CFG
2017-02-14,37.98,36.92,38.07,36.77,5150000.0,0.0287,CFG
2017-02-15,38.37,38.1,38.43,37.76,3840000.0,0.0103,CFG
2017-02-16,38.25,38.11,38.4,37.98,2760000.0,-0.0031,CFG
2017-02-17,37.84,37.72,37.84,37.45,5500000.0,-0.010700000000000001,CFG
2017-02-21,38.05,38.01,38.23,37.62,4620000.0,0.0055000000000000005,CFG
2017-02-22,37.67,37.81,37.94,37.51,5250000.0,-0.01,CFG
2017-02-23,37.25,37.84,37.86,36.77,5960000.0,-0.0111,CFG
2017-02-24,36.65,36.75,37.16,36.46,7560000.0,-0.0161,CFG
2017-02-27,37.19,36.77,37.26,36.66,4019999.9999999995,0.0147,CFG
2017-02-28,37.37,37.0,37.44,36.82,4450000.0,0.0048,CFG
2017-03-01,39.59,38.42,39.75,38.34,7130000.0,0.0594,CFG
2017-03-02,38.05,39.68,39.74,38.01,5930000.0,-0.038900000000000004,CFG
2017-03-03,38.31,38.24,38.53,38.13,4490000.0,0.0068000000000000005,CFG
2017-03-06,38.27,38.07,38.45,37.75,2720000.0,-0.001,CFG
2017-03-07,37.97,38.22,38.35,37.76,2630000.0,-0.0078000000000000005,CFG
2017-03-08,37.85,38.57,38.64,37.77,3450000.0,-0.0032,CFG
2017-03-09,37.73,37.99,38.26,37.54,2950000.0,-0.0032,CFG
2017-03-10,37.64,38.06,38.14,36.97,4470000.0,-0.0024,CFG
2017-03-13,37.37,37.59,37.87,37.29,4179999.9999999995,-0.0072,CFG
2017-03-14,37.19,37.2,37.26,36.73,3380000.0,-0.0048,CFG
2017-03-15,36.78,37.4,37.63,36.65,5340000.0,-0.011000000000000001,CFG
2017-03-16,37.1,37.06,37.31,36.77,3360000.0,0.0087,CFG
2017-03-17,36.62,37.05,37.2,36.42,13510000.0,-0.0129,CFG
2017-03-20,36.23,36.5,36.65,36.1,5880000.0,-0.0106,CFG
2017-03-21,34.36,36.52,36.61,34.21,7590000.0,-0.0516,CFG
2017-03-22,34.43,34.12,34.9,33.45,7070000.0,0.002,CFG
2017-03-23,34.57,34.3,35.27,34.06,4740000.0,0.0040999999999999995,CFG
2017-03-24,34.51,34.79,34.93,34.02,4920000.0,-0.0017000000000000001,CFG
2017-03-27,34.24,33.45,34.31,32.99,5080000.0,-0.0078000000000000005,CFG
2017-03-28,35.03,34.08,35.29,34.05,4380000.0,0.0231,CFG
2017-03-29,34.49,35.0,35.18,33.86,11160000.0,-0.0154,CFG
2017-03-30,34.88,34.55,35.25,34.31,5520000.0,0.0113,CFG
2017-03-31,34.55,34.67,35.03,34.41,5060000.0,-0.0095,CFG
2017-04-03,34.82,34.64,35.0,34.09,5150000.0,0.0078000000000000005,CFG
2017-04-04,34.9,34.57,35.15,34.4,4650000.0,0.0023,CFG
2017-04-05,34.38,35.34,35.55,34.37,4950000.0,-0.0149,CFG
2017-04-06,34.92,34.37,35.04,34.15,3100000.0,0.015700000000000002,CFG
2017-04-07,34.63,34.54,34.91,34.3,3750000.0,-0.0083,CFG
2017-04-10,34.38,34.62,35.09,34.2,3940000.0,-0.0072,CFG
2017-04-11,34.38,34.12,34.38,33.63,4160000.0,0.0,CFG
2017-04-12,33.73,34.29,34.34,33.5,4050000.0,-0.0189,CFG
2017-04-13,33.24,33.56,34.14,33.24,3880000.0,-0.014499999999999999,CFG
2017-04-17,33.92,33.28,33.96,33.13,3350000.0,0.020499999999999997,CFG
2017-04-18,33.7,33.64,34.09,33.35,4820000.0,-0.006500000000000001,CFG
2017-04-19,34.22,34.04,34.49,33.89,7390000.0,0.0154,CFG
2017-04-20,35.27,34.65,35.75,34.65,5210000.0,0.030699999999999998,CFG
2017-04-21,34.9,35.28,35.5,34.52,7130000.0,-0.0105,CFG
2017-04-24,35.85,36.09,36.57,35.66,7970000.0,0.027200000000000002,CFG
2017-04-25,36.45,36.48,36.65,36.15,7080000.0,0.0167,CFG
2017-04-26,36.8,36.34,37.1,36.32,5830000.0,0.0096,CFG
2017-04-27,36.77,36.82,36.94,36.25,7430000.0,-0.0008,CFG
2017-04-28,36.71,36.77,37.25,36.59,7820000.0,-0.0016,CFG
2017-05-01,37.13,36.99,37.48,36.9,4660000.0,0.011399999999999999,CFG
2017-05-02,36.84,37.09,37.33,36.53,3860000.0,-0.0078000000000000005,CFG
2017-05-03,37.21,36.6,37.3,36.46,3540000.0,0.01,CFG
2017-05-04,37.34,37.68,38.01,37.27,3840000.0,0.0034999999999999996,CFG
2017-05-05,36.97,37.42,37.49,36.83,3110000.0,-0.009899999999999999,CFG
2017-05-08,37.36,37.02,37.62,37.02,2760000.0,0.0105,CFG
2017-05-09,37.18,37.41,37.69,37.02,2620000.0,-0.0048,CFG
2017-05-10,37.21,37.05,37.25,36.83,2500000.0,0.0008,CFG
2017-05-11,37.0,37.04,37.17,36.51,2630000.0,-0.005600000000000001,CFG
2017-05-12,36.65,36.8,36.8,36.0,3350000.0,-0.0095,CFG
2017-05-15,37.02,36.72,37.08,36.63,3530000.0,0.0101,CFG
2017-05-16,37.08,37.09,37.31,36.72,3490000.0,0.0016,CFG
2017-05-17,34.57,35.48,36.07,34.35,9940000.0,-0.0677,CFG
2017-05-18,34.46,34.32,35.03,34.32,6110000.0,-0.0032,CFG
2017-05-19,34.57,34.69,35.01,34.43,5270000.0,0.0032,CFG
2017-05-22,34.57,34.79,34.96,34.29,4210000.0,0.0,CFG
2017-05-23,35.09,34.68,35.29,34.41,4380000.0,0.015,CFG
2017-05-24,34.63,35.19,35.19,34.45,4150000.0000000005,-0.0131,CFG
2017-05-25,34.57,34.7,34.97,34.45,3950000.0,-0.0017000000000000001,CFG
2017-05-26,34.64,34.51,34.82,34.34,4870000.0,0.002,CFG
2017-05-30,34.25,34.42,34.51,34.12,6640000.0,-0.0113,CFG
2017-05-31,34.1,34.34,34.39,33.49,5850000.0,-0.0044,CFG
2017-06-01,34.5,34.27,34.7,33.97,4070000.0000000005,0.011699999999999999,CFG
2017-06-02,34.13,34.18,34.4,33.76,5800000.0,-0.010700000000000001,CFG
2017-06-05,33.98,34.18,34.48,33.97,4940000.0,-0.0044,CFG
2017-06-06,33.86,33.64,34.08,33.4,3280000.0,-0.0034999999999999996,CFG
2017-06-07,34.52,34.05,34.71,33.81,3640000.0,0.0195,CFG
2017-06-08,35.62,34.53,36.03,34.39,5830000.0,0.0319,CFG
2017-06-09,36.34,35.89,36.74,35.87,4730000.0,0.0202,CFG
2017-06-12,36.61,36.35,36.98,36.2,6390000.0,0.0074,CFG
2017-06-13,36.88,36.88,37.18,36.71,3770000.0,0.0074,CFG
2017-06-14,36.58,36.54,36.6,35.61,5380000.0,-0.008100000000000001,CFG
2017-06-15,36.71,36.33,36.99,36.32,3170000.0,0.0036,CFG
2017-06-16,36.37,36.75,36.78,36.29,5090000.0,-0.009300000000000001,CFG
2017-06-19,36.55,36.65,36.99,36.38,3140000.0,0.0049,CFG
2017-06-20,35.94,36.29,36.49,35.84,3050000.0,-0.0167,CFG
2017-06-21,35.2,36.05,36.06,35.15,3830000.0,-0.0206,CFG
2017-06-22,34.98,35.14,35.2,34.53,4440000.0,-0.0063,CFG
2017-06-23,34.49,35.14,35.21,34.05,11280000.0,-0.013999999999999999,CFG
2017-06-26,34.66,34.6,35.0,34.4,6670000.0,0.0049,CFG
2017-06-27,34.84,34.92,35.28,34.72,3570000.0,0.0052,CFG
2017-06-28,35.34,35.18,35.65,35.1,5230000.0,0.0144,CFG
2017-06-29,35.65,36.18,36.73,35.18,5570000.0,0.0088,CFG
2017-06-30,35.68,35.89,36.01,35.29,3280000.0,0.0008,CFG
2017-07-03,36.54,35.89,36.76,35.76,2330000.0,0.0241,CFG
2017-07-05,36.88,36.66,37.05,36.21,5210000.0,0.009300000000000001,CFG
2017-07-06,36.6,36.87,37.25,36.53,4150000.0000000005,-0.0076,CFG
2017-07-07,37.07,36.73,37.13,36.39,4090000.0,0.0128,CFG
2017-07-10,37.05,36.93,37.25,36.71,4070000.0000000005,-0.0005,CFG
2017-07-11,36.73,37.11,37.21,36.56,3530000.0,-0.0086,CFG
2017-07-12,36.52,36.6,36.61,36.08,3110000.0,-0.005699999999999999,CFG
2017-07-13,36.85,36.64,36.93,36.4,2900000.0,0.009000000000000001,CFG
2017-07-14,36.24,36.22,36.46,35.79,3610000.0,-0.0166,CFG
2017-07-17,36.09,36.16,36.36,35.88,2910000.0,-0.0040999999999999995,CFG
2017-07-18,35.59,35.81,35.89,35.29,3340000.0,-0.0139,CFG
2017-07-19,35.27,35.78,35.78,34.91,3630000.0,-0.009000000000000001,CFG
2017-07-20,35.25,35.25,35.41,34.82,4890000.0,-0.0006,CFG
2017-07-21,34.48,35.19,35.9,34.33,6950000.0,-0.0218,CFG
2017-07-24,35.45,34.55,35.58,34.5,4740000.0,0.0281,CFG
2017-07-25,35.85,36.14,36.32,35.7,5390000.0,0.0113,CFG
2017-07-26,35.17,36.01,36.03,35.0,4160000.0,-0.019,CFG
2017-07-27,35.04,35.25,35.51,34.7,5040000.0,-0.0037,CFG
2017-07-28,34.94,35.04,35.21,34.75,2790000.0,-0.0029,CFG
2017-07-31,35.08,35.0,35.27,34.84,3430000.0,0.004,CFG
2017-08-01,35.22,35.37,35.4,34.97,3070000.0,0.004,CFG
2017-08-02,35.62,35.19,35.62,35.12,3560000.0,0.011399999999999999,CFG
2017-08-03,35.22,35.53,35.66,35.15,4179999.9999999995,-0.011200000000000002,CFG
2017-08-04,35.62,35.62,36.3,35.53,3750000.0,0.011399999999999999,CFG
2017-08-07,35.35,35.62,35.72,35.34,4099999.9999999995,-0.0076,CFG
2017-08-08,35.34,35.27,36.06,35.22,3550000.0,-0.0003,CFG
2017-08-09,35.03,34.96,35.09,34.7,2560000.0,-0.0088,CFG
2017-08-10,33.71,34.64,34.84,33.67,4240000.0,-0.0377,CFG
2017-08-11,33.39,33.73,34.04,33.22,4220000.0,-0.0095,CFG
2017-08-14,34.22,33.91,34.62,33.8,3060000.0,0.024900000000000002,CFG
2017-08-15,33.99,34.65,34.91,33.97,3190000.0,-0.0067,CFG
2017-08-16,33.95,34.15,34.39,33.8,2990000.0,-0.0012,CFG
2017-08-17,32.81,33.85,33.99,32.77,4200000.0,-0.0336,CFG
2017-08-18,33.06,32.75,33.41,32.46,3970000.0,0.0076,CFG
2017-08-21,32.7,33.06,33.11,32.6,6710000.0,-0.0109,CFG
2017-08-22,33.42,32.96,33.47,32.91,4830000.0,0.022000000000000002,CFG
2017-08-23,33.5,33.14,34.0,33.08,3890000.0,0.0024,CFG
2017-08-24,34.0,33.68,34.05,33.54,5450000.0,0.0149,CFG
2017-08-25,33.85,34.11,34.37,33.84,2760000.0,-0.0044,CFG
2017-08-28,33.47,33.94,33.98,33.29,5160000.0,-0.011200000000000002,CFG
2017-08-29,33.31,32.92,33.43,32.67,4450000.0,-0.0048,CFG
2017-08-30,33.39,33.34,33.8,33.34,3180000.0,0.0024,CFG
2017-08-31,33.13,33.59,33.65,33.11,3630000.0,-0.0078000000000000005,CFG
2017-09-01,33.61,33.28,33.9,33.15,2880000.0,0.014499999999999999,CFG
2017-09-05,32.65,33.41,33.45,32.51,3950000.0,-0.0286,CFG
2017-09-06,32.77,32.89,33.18,32.61,4000000.0,0.0037,CFG
2017-09-07,32.08,32.69,32.74,31.51,5220000.0,-0.021099999999999997,CFG
2017-09-08,32.81,32.12,33.02,32.12,5450000.0,0.022799999999999997,CFG
2017-09-11,33.46,33.24,33.77,33.08,4410000.0,0.019799999999999998,CFG
2017-09-12,34.48,33.63,34.75,33.61,5620000.0,0.0305,CFG
2017-09-13,34.69,34.3,34.95,34.22,4050000.0,0.0060999999999999995,CFG
2017-09-14,34.78,34.96,35.34,34.74,5510000.0,0.0026,CFG
2017-09-15,35.16,34.69,35.17,34.42,6790000.0,0.0109,CFG
2017-09-18,35.59,35.18,35.72,35.13,3550000.0,0.012199999999999999,CFG
2017-09-19,35.82,35.62,36.01,35.47,4240000.0,0.006500000000000001,CFG
2017-09-20,35.79,35.85,35.98,35.03,8890000.0,-0.0008,CFG
2017-09-21,36.27,35.83,36.38,35.81,4440000.0,0.0134,CFG
2017-09-22,36.35,36.09,36.52,36.03,2600000.0,0.0022,CFG
2017-09-25,36.46,36.32,36.66,36.06,3920000.0,0.003,CFG
2017-09-26,36.82,36.54,37.01,36.36,4179999.9999999995,0.009899999999999999,CFG
2017-09-27,37.22,37.52,37.65,37.12,4290000.0,0.0109,CFG
2017-09-28,37.07,37.35,37.43,36.78,3760000.0,-0.004,CFG
2017-09-29,37.87,37.17,38.05,37.05,5710000.0,0.0216,CFG
2017-10-02,37.22,37.53,37.7,36.92,9020000.0,-0.0172,CFG
2017-10-03,36.84,37.25,37.4,36.74,6930000.0,-0.0102,CFG
2017-10-04,36.57,36.12,36.77,36.1,11400000.0,-0.0073,CFG
2017-10-05,37.13,36.68,37.33,36.47,4740000.0,0.015300000000000001,CFG
2017-10-06,37.49,37.31,37.68,37.07,5050000.0,0.0097,CFG
2017-10-09,37.31,37.6,37.81,37.14,3700000.0,-0.0048,CFG
2017-10-10,37.81,37.34,37.86,37.27,3640000.0,0.0134,CFG
2017-10-11,37.45,37.58,37.74,37.18,4010000.0,-0.0095,CFG
2017-10-12,37.16,37.54,37.68,37.04,2890000.0,-0.0077,CFG
2017-10-13,36.98,37.0,37.34,36.51,3740000.0,-0.0048,CFG
2017-10-16,37.05,37.04,37.31,36.92,3370000.0,0.0019,CFG
2017-10-17,36.68,37.24,37.25,36.6,3310000.0,-0.01,CFG
2017-10-18,37.18,36.88,37.32,36.65,5670000.0,0.013600000000000001,CFG
2017-10-19,37.43,36.8,37.53,36.68,4630000.0,0.0067,CFG
2017-10-20,38.33,38.35,38.7,37.74,6990000.0,0.024,CFG
2017-10-23,38.5,38.51,38.82,38.35,8430000.0,0.0044,CFG
2017-10-24,38.37,38.61,38.94,38.3,6310000.0,-0.0034000000000000002,CFG
2017-10-25,38.03,38.4,38.54,37.67,5420000.0,-0.0089,CFG
2017-10-26,38.51,38.3,38.99,38.19,4600000.0,0.0126,CFG
2017-10-27,38.45,38.37,38.54,38.22,2460000.0,-0.0016,CFG
2017-10-30,38.08,38.25,38.4,37.89,3720000.0,-0.0096,CFG
2017-10-31,38.01,37.97,38.34,37.91,3200000.0,-0.0018,CFG
2017-11-01,38.37,38.21,38.98,38.12,5280000.0,0.0095,CFG
2017-11-02,38.74,38.26,38.88,37.9,3350000.0,0.0096,CFG
2017-11-03,38.82,38.68,39.1,38.53,2950000.0,0.0021,CFG
2017-11-06,38.72,38.69,38.9,38.48,2230000.0,-0.0026,CFG
2017-11-07,37.67,38.8,38.99,37.55,4870000.0,-0.0271,CFG
2017-11-08,37.31,37.45,37.57,36.98,5050000.0,-0.0096,CFG
2017-11-09,36.81,36.97,37.32,36.46,4780000.0,-0.0134,CFG
2017-11-10,36.68,36.85,37.08,36.62,3620000.0,-0.0034999999999999996,CFG
2017-11-13,37.2,36.47,37.28,36.25,4720000.0,0.014199999999999999,CFG
2017-11-14,38.07,37.02,38.14,36.92,4900000.0,0.023399999999999997,CFG
2017-11-15,38.14,37.68,38.35,37.4,4190000.0000000005,0.0018,CFG
2017-11-16,37.92,38.5,38.74,37.91,3580000.0,-0.0058,CFG
2017-11-17,38.17,37.65,38.37,37.57,2100000.0,0.0066,CFG
2017-11-20,38.25,38.31,38.49,38.1,4019999.9999999995,0.0021,CFG
2017-11-21,37.9,38.37,38.37,37.79,4700000.0,-0.0092,CFG
2017-11-22,37.83,38.0,38.24,37.8,2850000.0,-0.0018,CFG
2017-11-24,37.75,38.02,38.09,37.62,807180.0,-0.0021,CFG
2017-11-27,37.63,37.74,37.87,37.47,2300000.0,-0.0032,CFG
2017-11-28,38.78,37.75,38.84,37.72,5320000.0,0.030600000000000002,CFG
2017-11-29,40.67,39.25,41.08,39.11,8740000.0,0.0487,CFG
2017-11-30,40.7,41.08,41.77,40.66,13190000.0,0.0007000000000000001,CFG
2017-12-01,40.69,40.9,41.19,39.42,6690000.0,-0.0002,CFG
2017-12-04,41.85,41.49,42.52,41.32,6490000.0,0.0285,CFG
2017-12-05,40.89,41.83,42.09,40.74,6210000.0,-0.0229,CFG
2017-12-06,40.63,40.67,40.91,40.24,4270000.0,-0.0064,CFG
2017-12-07,41.43,40.41,41.44,40.27,4690000.0,0.0197,CFG
2017-12-08,41.74,41.64,41.8,41.18,3200000.0,0.0075,CFG
2017-12-11,41.42,41.7,41.92,41.16,3260000.0,-0.0077,CFG
2017-12-12,41.92,41.66,42.2,41.42,4220000.0,0.0121,CFG
2017-12-13,41.34,41.9,42.34,41.31,4000000.0,-0.0138,CFG
2017-12-14,40.87,41.58,41.74,40.7,3640000.0,-0.011399999999999999,CFG
2017-12-15,41.7,41.29,42.19,41.02,9190000.0,0.0203,CFG
2017-12-18,42.03,42.04,42.72,41.73,4450000.0,0.0079,CFG
2017-12-19,42.08,42.56,42.84,42.06,5360000.0,0.0012,CFG
2017-12-20,41.93,42.58,42.67,41.75,2520000.0,-0.0036,CFG
2017-12-21,42.6,42.39,42.93,42.2,4099999.9999999995,0.016,CFG
2017-12-22,42.63,42.85,42.91,42.21,3620000.0,0.0007000000000000001,CFG
2017-12-26,42.52,42.63,42.92,42.34,2410000.0,-0.0026,CFG
2017-12-27,42.36,42.45,42.52,42.15,2350000.0,-0.0038,CFG
2017-12-28,42.44,42.43,42.46,42.1,1460000.0,0.0019,CFG
2017-12-29,41.98,42.44,42.66,41.95,2640000.0,-0.0108,CFG
2018-01-02,42.68,42.35,42.68,42.02,5070000.0,0.0167,CFG
2018-01-03,43.17,42.57,43.29,42.44,6280000.0,0.0115,CFG
2018-01-04,43.68,43.58,44.33,43.39,6740000.0,0.0118,CFG
2018-01-05,43.88,43.89,44.24,43.65,7320000.0,0.0046,CFG
2018-01-08,44.06,43.8,44.27,43.63,4730000.0,0.0040999999999999995,CFG
2018-01-09,44.19,44.17,44.85,44.01,5430000.0,0.003,CFG
2018-01-10,44.9,44.34,45.46,44.28,2910000.0,0.0161,CFG
2018-01-11,45.3,45.06,45.3,44.63,3290000.0,0.0089,CFG
2018-01-12,45.52,45.61,45.79,45.29,2270000.0,0.0049,CFG
2018-01-16,45.25,45.79,45.93,44.95,2980000.0,-0.0059,CFG
2018-01-17,45.84,45.52,46.01,44.83,3730000.0,0.013000000000000001,CFG
2018-01-18,45.76,45.95,46.12,45.22,6070000.0,-0.0017000000000000001,CFG
2018-01-19,46.82,46.14,47.32,45.64,7830000.0,0.0232,CFG
2018-01-22,47.81,47.24,47.87,47.01,4200000.0,0.021099999999999997,CFG
2018-01-23,47.87,47.69,48.14,47.3,3890000.0,0.0013,CFG
2018-01-24,47.38,48.07,48.23,47.12,7290000.0,-0.0102,CFG
2018-01-25,46.67,47.6,47.64,46.34,5610000.0,-0.015,CFG
2018-01-26,46.95,46.8,47.02,46.41,3980000.0,0.006,CFG
2018-01-29,46.75,46.83,47.17,46.66,4270000.0,-0.0043,CFG
2018-01-30,46.17,46.41,46.95,46.16,3730000.0,-0.0124,CFG
2018-01-31,45.9,46.05,46.69,45.78,4150000.0000000005,-0.0058,CFG
2018-02-01,46.81,45.91,46.85,45.76,6740000.0,0.019799999999999998,CFG
2018-02-02,46.02,46.65,47.06,45.77,6070000.0,-0.0169,CFG
2018-02-05,43.68,45.08,46.24,43.57,5850000.0,-0.0508,CFG
2018-02-06,44.6,42.5,45.08,41.48,8300000.000000001,0.021099999999999997,CFG
2018-02-07,44.84,44.33,45.39,43.7,6550000.0,0.0054,CFG
2018-02-08,42.19,44.89,45.02,42.17,4710000.0,-0.0591,CFG
2018-02-09,43.05,42.94,43.48,41.49,6870000.0,0.0204,CFG
2018-02-12,43.96,43.51,44.52,43.15,4380000.0,0.021099999999999997,CFG
2018-02-13,44.39,43.53,44.42,43.39,3440000.0,0.0098,CFG
2018-02-14,45.85,44.01,45.89,44.01,6310000.0,0.0329,CFG
2018-02-15,46.02,46.33,46.64,45.6,3040000.0,0.0037,CFG
2018-02-16,45.93,45.73,46.56,45.73,2800000.0,-0.002,CFG
2018-02-20,46.09,45.89,46.61,45.69,4780000.0,0.0034999999999999996,CFG
2018-02-21,46.3,45.98,46.96,45.76,4490000.0,0.0046,CFG
2018-02-22,45.45,46.53,46.79,45.37,2470000.0,-0.0184,CFG
2018-02-23,46.43,45.71,46.44,45.66,2390000.0,0.0216,CFG
2018-02-26,44.54,46.52,46.62,43.82,14460000.0,-0.0407,CFG
2018-02-27,43.75,44.52,45.46,43.75,13970000.0,-0.0177,CFG
2018-02-28,43.49,44.17,44.7,43.47,8100000.0,-0.0059,CFG
2018-03-01,43.53,43.54,44.53,43.21,7400000.0,0.0009,CFG
2018-03-02,44.18,43.14,44.27,42.58,5850000.0,0.0149,CFG
2018-03-05,44.86,43.73,45.08,43.38,5290000.0,0.0154,CFG
2018-03-06,45.32,45.16,45.51,44.44,3840000.0,0.0103,CFG
2018-03-07,45.44,44.76,45.56,44.6,3470000.0,0.0026,CFG
2018-03-08,45.22,45.68,45.9,44.56,3960000.0,-0.0048,CFG
2018-03-09,46.26,45.58,46.31,45.33,4260000.0,0.023,CFG
2018-03-12,46.15,46.3,46.66,46.11,3580000.0,-0.0024,CFG
2018-03-13,45.73,46.47,46.55,45.62,3040000.0,-0.0091,CFG
2018-03-14,45.13,45.86,45.91,44.99,5010000.0,-0.0131,CFG
2018-03-15,44.96,45.37,45.46,44.76,3240000.0,-0.0038,CFG
2018-03-16,44.87,45.08,45.65,44.85,6370000.0,-0.002,CFG
2018-03-19,44.91,44.86,45.06,44.27,3170000.0,0.0009,CFG
2018-03-20,44.77,45.19,45.42,44.69,2060000.0,-0.0031,CFG
2018-03-21,44.92,44.77,45.56,44.53,3600000.0,0.0034000000000000002,CFG
2018-03-22,42.95,44.29,44.53,42.87,5410000.0,-0.043899999999999995,CFG
2018-03-23,41.27,43.1,43.23,41.19,5170000.0,-0.0391,CFG
2018-03-26,43.12,42.03,43.23,41.71,6220000.0,0.044800000000000006,CFG
2018-03-27,41.59,43.25,43.42,41.2,5430000.0,-0.0355,CFG
2018-03-28,41.55,41.8,41.97,40.8,5280000.0,-0.001,CFG
2018-03-29,41.98,41.82,42.17,41.42,6670000.0,0.0103,CFG
2018-04-02,41.1,41.94,42.0,40.45,4660000.0,-0.021,CFG
2018-04-03,41.81,41.25,41.97,41.08,3580000.0,0.0173,CFG
2018-04-04,42.77,41.47,42.87,41.07,4960000.0,0.023,CFG
2018-04-05,43.02,43.06,43.36,42.49,5230000.0,0.0058,CFG
2018-04-06,41.48,42.33,42.48,40.98,5380000.0,-0.0358,CFG
2018-04-09,41.74,41.71,42.75,41.66,4320000.0,0.0063,CFG
2018-04-10,42.7,42.5,42.93,42.18,3650000.0,0.023,CFG
2018-04-11,42.18,42.25,42.51,42.05,3160000.0,-0.012199999999999999,CFG
2018-04-12,43.24,42.63,43.49,42.59,3780000.0,0.025099999999999997,CFG
2018-04-13,42.28,43.52,43.62,42.03,3790000.0,-0.0222,CFG
2018-04-16,42.37,42.7,42.93,41.96,2920000.0,0.0021,CFG
2018-04-17,41.29,42.63,42.76,40.82,7110000.0,-0.0255,CFG
2018-04-18,41.03,41.38,41.83,40.7,6790000.0,-0.0063,CFG
2018-04-19,41.86,41.14,41.98,41.07,5860000.0,0.0202,CFG
2018-04-20,41.98,42.0,42.51,41.52,5390000.0,0.0029,CFG
2018-04-23,42.51,42.56,43.01,42.3,5520000.0,0.0126,CFG
2018-04-24,42.27,42.89,43.51,41.7,5980000.0,-0.005600000000000001,CFG
2018-04-25,42.52,42.14,42.81,41.62,3770000.0,0.0059,CFG
2018-04-26,41.98,42.44,42.61,41.94,3830000.0,-0.0127,CFG
2018-04-27,42.47,41.95,42.49,41.83,3440000.0,0.011699999999999999,CFG
2018-04-30,41.49,42.63,42.82,41.49,2840000.0,-0.0231,CFG
2018-05-01,40.95,41.1,41.34,40.33,7340000.0,-0.013000000000000001,CFG
2018-05-02,41.01,40.96,41.87,40.91,5700000.0,0.0015,CFG
2018-05-03,40.41,40.67,40.99,39.98,4179999.9999999995,-0.0146,CFG
2018-05-04,41.03,40.17,41.35,39.91,2740000.0,0.015300000000000001,CFG
2018-05-07,41.07,41.12,41.37,40.7,2590000.0,0.001,CFG
2018-05-08,41.32,41.16,41.9,40.92,3660000.0,0.0060999999999999995,CFG
2018-05-09,42.17,41.56,42.34,41.41,3180000.0,0.0206,CFG
2018-05-10,42.36,42.17,42.58,41.72,2610000.0,0.0045000000000000005,CFG
2018-05-11,42.4,42.47,42.6,42.19,2430000.0,0.0009,CFG
2018-05-14,42.34,42.62,42.65,42.16,2370000.0,-0.0014000000000000002,CFG
2018-05-15,42.72,42.28,43.12,42.25,3500000.0,0.009000000000000001,CFG
2018-05-16,42.54,42.52,42.85,42.3,2910000.0,-0.0042,CFG
2018-05-17,42.5,42.41,42.72,42.08,3580000.0,-0.0009,CFG
2018-05-18,41.56,42.32,42.47,41.56,3460000.0,-0.022099999999999998,CFG
2018-05-21,41.89,41.77,42.22,41.6,3850000.0,0.0079,CFG
2018-05-22,42.19,41.99,42.58,41.98,3420000.0,0.0072,CFG
2018-05-23,41.79,42.02,42.24,41.49,6260000.0,-0.0095,CFG
2018-05-24,41.54,41.59,41.7,40.66,4450000.0,-0.006,CFG
2018-05-25,41.51,41.3,41.59,41.04,3600000.0,-0.0007000000000000001,CFG
2018-05-29,39.41,40.99,41.03,39.07,6900000.0,-0.0506,CFG
2018-05-30,40.44,40.25,40.63,39.91,4360000.0,0.026099999999999998,CFG
2018-05-31,40.85,40.7,41.0,40.22,9030000.0,0.0101,CFG
2018-06-01,41.63,41.46,42.06,41.36,4170000.0,0.0191,CFG
2018-06-04,41.91,41.76,42.04,41.67,4780000.0,0.0067,CFG
2018-06-05,41.49,41.78,41.98,41.06,4019999.9999999995,-0.01,CFG
2018-06-06,42.38,41.6,42.51,41.6,3700000.0,0.0215,CFG
2018-06-07,41.91,42.55,42.72,41.82,4810000.0,-0.0111,CFG
2018-06-08,41.98,41.77,42.04,41.57,4139999.9999999995,0.0017000000000000001,CFG
2018-06-11,41.85,42.23,42.57,41.74,4650000.0,-0.0031,CFG
2018-06-12,42.21,41.97,42.53,41.84,5630000.0,0.0086,CFG
2018-06-13,41.84,42.33,42.87,41.79,5710000.0,-0.0088,CFG
2018-06-14,41.4,42.09,42.18,40.98,5400000.0,-0.0105,CFG
2018-06-15,41.7,41.33,41.82,40.5,8039999.999999999,0.0072,CFG
2018-06-18,41.85,41.34,42.1,41.07,4820000.0,0.0036,CFG
2018-06-19,41.75,41.34,41.88,41.17,4110000.0000000005,-0.0024,CFG
2018-06-20,41.89,42.1,42.23,41.69,4320000.0,0.0034000000000000002,CFG
2018-06-21,41.93,41.69,42.19,41.23,2770000.0,0.001,CFG
2018-06-22,41.18,41.92,42.2,41.1,5760000.0,-0.0179,CFG
2018-06-25,40.85,41.03,41.08,40.26,7720000.0,-0.008,CFG
2018-06-26,40.14,40.88,40.99,39.92,6470000.0,-0.0174,CFG
2018-06-27,39.56,40.02,40.59,39.48,4850000.0,-0.0144,CFG
2018-06-28,39.51,39.68,39.9,39.3,3800000.0,-0.0013,CFG
2018-06-29,38.9,39.85,40.25,38.84,6870000.0,-0.0154,CFG
2018-07-02,39.38,38.7,39.41,38.65,4340000.0,0.0123,CFG
2018-07-03,38.96,39.39,39.7,38.93,1700000.0,-0.010700000000000001,CFG
2018-07-05,39.18,39.27,39.51,38.96,4980000.0,0.005600000000000001,CFG
2018-07-06,39.35,38.97,39.53,38.71,3670000.0,0.0043,CFG
2018-07-09,40.5,39.54,40.66,39.44,4630000.0,0.0292,CFG
2018-07-10,40.04,40.6,40.83,39.8,2980000.0,-0.011399999999999999,CFG
2018-07-11,39.79,39.8,40.28,39.71,3090000.0,-0.0062,CFG
2018-07-12,39.57,40.13,40.15,39.4,5140000.0,-0.0055000000000000005,CFG
2018-07-13,39.36,39.4,39.72,38.95,4340000.0,-0.0053,CFG
2018-07-16,39.98,39.61,40.24,39.52,4280000.0,0.0158,CFG
2018-07-17,40.04,39.98,40.41,39.91,3970000.0,0.0015,CFG
2018-07-18,41.04,40.07,41.07,40.07,4280000.0,0.025,CFG
2018-07-19,40.66,40.94,40.99,40.2,5820000.0,-0.009300000000000001,CFG
2018-07-20,40.2,41.1,41.22,39.76,5900000.0,-0.0113,CFG
2018-07-23,40.53,40.11,40.77,40.11,5400000.0,0.008199999999999999,CFG
2018-07-24,40.04,40.62,40.66,39.87,7860000.0,-0.0121,CFG
2018-07-25,39.92,39.97,40.14,39.53,4640000.0,-0.003,CFG
2018-07-26,39.96,40.0,40.57,39.91,4710000.0,0.001,CFG
2018-07-27,40.1,40.11,40.57,39.8,4099999.9999999995,0.0034999999999999996,CFG
2018-07-30,40.07,40.24,40.33,39.99,4520000.0,-0.0007000000000000001,CFG
2018-07-31,39.78,40.02,40.07,39.41,3590000.0,-0.0072,CFG
2018-08-01,39.92,40.03,40.41,39.83,4070000.0000000005,0.0034999999999999996,CFG
2018-08-02,40.29,39.52,40.41,39.42,3450000.0,0.009300000000000001,CFG
2018-08-03,40.42,40.12,40.47,40.1,4110000.0000000005,0.0032,CFG
2018-08-06,40.13,40.4,40.4,39.85,3610000.0,-0.0072,CFG
2018-08-07,40.41,40.22,40.77,40.2,3370000.0,0.006999999999999999,CFG
2018-08-08,41.01,40.39,41.12,40.36,2950000.0,0.0148,CFG
2018-08-09,40.59,40.93,41.1,40.56,2690000.0,-0.0102,CFG
2018-08-10,40.27,40.02,40.44,39.8,2140000.0,-0.0079,CFG
2018-08-13,39.84,40.27,40.56,39.82,2500000.0,-0.010700000000000001,CFG
2018-08-14,40.4,39.95,40.59,39.88,3020000.0,0.0141,CFG
2018-08-15,39.75,40.06,40.25,39.62,4200000.0,-0.0161,CFG
2018-08-16,40.46,40.02,40.61,40.0,3500000.0,0.0179,CFG
2018-08-17,40.69,40.39,40.77,40.27,2270000.0,0.005699999999999999,CFG
2018-08-20,40.85,40.63,40.87,40.56,2089999.9999999998,0.0039000000000000003,CFG
2018-08-21,41.27,40.87,41.57,40.83,3270000.0,0.0103,CFG
2018-08-22,41.25,41.08,41.31,40.91,2520000.0,-0.0005,CFG
2018-08-23,41.04,41.23,41.31,40.8,2710000.0,-0.0051,CFG
2018-08-24,40.95,41.21,41.33,40.89,3290000.0,-0.0022,CFG
2018-08-27,41.43,41.05,41.73,41.05,2520000.0,0.011699999999999999,CFG
2018-08-28,41.5,41.59,41.76,41.28,3140000.0,0.0017000000000000001,CFG
2018-08-29,41.13,41.59,41.59,40.95,3490000.0,-0.0089,CFG
2018-08-30,40.92,41.15,41.21,40.81,3080000.0,-0.0051,CFG
2018-08-31,41.16,40.8,41.28,40.55,2660000.0,0.0059,CFG
2018-09-04,41.23,41.25,41.42,40.88,2880000.0,0.0017000000000000001,CFG
2018-09-05,41.48,41.23,41.67,41.14,3800000.0,0.0060999999999999995,CFG
2018-09-06,41.19,41.52,41.67,41.07,2610000.0,-0.006999999999999999,CFG
2018-09-07,41.01,41.36,41.36,40.8,3540000.0,-0.0044,CFG
2018-09-10,40.76,41.13,41.14,40.67,1940000.0,-0.0060999999999999995,CFG
2018-09-11,41.03,40.74,41.27,40.67,4960000.0,0.0066,CFG
2018-09-12,40.36,40.99,41.26,40.21,4410000.0,-0.0163,CFG
2018-09-13,39.77,40.5,40.56,39.61,5480000.0,-0.0146,CFG
2018-09-14,40.14,39.86,40.49,39.73,3620000.0,0.009300000000000001,CFG
2018-09-17,39.89,40.25,40.25,39.84,2460000.0,-0.0062,CFG
2018-09-18,39.81,39.95,40.12,39.65,3400000.0,-0.002,CFG
2018-09-19,40.42,39.87,40.6,39.77,3340000.0,0.015300000000000001,CFG
2018-09-20,41.03,40.66,41.17,40.58,3010000.0,0.0151,CFG
2018-09-21,40.98,41.13,41.17,40.81,5110000.0,-0.0012,CFG
2018-09-24,40.41,40.87,41.13,40.29,3090000.0,-0.0139,CFG
2018-09-25,40.14,40.58,40.62,40.12,2650000.0,-0.0067,CFG
2018-09-26,39.41,40.35,40.35,39.35,3970000.0,-0.0182,CFG
2018-09-27,38.93,39.43,39.52,38.84,3580000.0,-0.012199999999999999,CFG
2018-09-28,38.57,38.67,39.02,38.47,4720000.0,-0.0092,CFG
2018-10-01,38.36,38.8,39.02,38.17,3390000.0,-0.0054,CFG
2018-10-02,38.07,38.24,38.52,37.97,4210000.0,-0.0076,CFG
2018-10-03,38.83,38.4,39.09,38.13,4660000.0,0.02,CFG
2018-10-04,39.1,38.86,39.69,38.82,4090000.0,0.006999999999999999,CFG
2018-10-05,38.78,39.27,39.45,38.56,2960000.0,-0.008199999999999999,CFG
2018-10-08,39.23,38.7,39.38,38.57,2320000.0,0.0116,CFG
2018-10-09,38.97,39.1,39.35,38.84,3450000.0,-0.0066,CFG
2018-10-10,38.16,39.1,39.41,38.14,5220000.0,-0.0208,CFG
2018-10-11,36.99,37.98,38.15,36.85,7640000.0,-0.030699999999999998,CFG
2018-10-12,36.11,37.99,37.99,35.25,7470000.0,-0.023799999999999998,CFG
2018-10-15,35.85,36.09,36.36,35.66,5710000.0,-0.0072,CFG
2018-10-16,35.71,36.02,36.06,35.05,7530000.0,-0.0039000000000000003,CFG
2018-10-17,35.89,35.67,36.37,35.2,6390000.0,0.005,CFG
2018-10-18,34.92,35.71,35.95,34.88,7500000.0,-0.027000000000000003,CFG
2018-10-19,36.37,35.66,36.89,35.41,6620000.0,0.0415,CFG
2018-10-22,35.77,37.1,37.29,35.65,9610000.0,-0.0165,CFG
2018-10-23,36.24,35.34,36.51,35.15,8940000.0,0.0131,CFG
2018-10-24,35.03,36.09,36.22,34.96,7260000.0,-0.0334,CFG
2018-10-25,35.89,35.25,36.27,35.25,5660000.0,0.0246,CFG
2018-10-26,35.86,35.57,36.11,35.29,5800000.0,-0.0008,CFG
2018-10-29,36.16,36.4,36.74,35.77,5340000.0,0.0084,CFG
2018-10-30,36.33,36.14,36.39,35.55,6000000.0,0.004699999999999999,CFG
2018-10-31,37.35,36.75,37.92,36.73,6490000.0,0.0281,CFG
2018-11-01,37.41,37.6,37.89,37.21,5540000.0,0.0016,CFG
2018-11-02,37.52,37.79,38.17,37.11,4680000.0,0.0029,CFG
2018-11-05,37.73,37.44,37.88,37.29,2740000.0,0.005600000000000001,CFG
2018-11-06,37.73,37.55,37.98,37.38,6470000.0,0.0,CFG
2018-11-07,38.14,37.91,38.25,37.26,2670000.0,0.0109,CFG
2018-11-08,38.3,38.03,38.64,37.75,3890000.0,0.0042,CFG
2018-11-09,38.06,38.16,38.56,37.84,3380000.0,-0.0063,CFG
2018-11-12,37.62,38.0,38.29,37.56,4980000.0,-0.0116,CFG
2018-11-13,37.69,37.62,38.21,37.58,3580000.0,0.0019,CFG
2018-11-14,36.21,37.82,37.92,35.91,8900000.0,-0.0393,CFG
2018-11-15,36.58,35.9,36.58,35.51,6490000.0,0.0102,CFG
2018-11-16,36.26,36.31,36.53,36.09,5820000.0,-0.0087,CFG
2018-11-19,35.95,36.27,36.59,35.52,5900000.0,-0.0085,CFG
2018-11-20,35.23,35.65,35.84,35.08,5510000.0,-0.02,CFG
2018-11-21,35.5,35.49,35.96,34.82,3500000.0,0.0077,CFG
2018-11-23,35.19,35.18,35.53,35.02,1600000.0,-0.0087,CFG
2018-11-26,36.06,35.71,36.49,35.65,7780000.0,0.024700000000000003,CFG
2018-11-27,36.05,36.06,36.5,35.79,4300000.0,-0.0003,CFG
2018-11-28,36.43,36.04,36.56,35.5,4260000.0,0.0105,CFG
2018-11-29,36.03,36.08,36.38,35.88,4320000.0,-0.011000000000000001,CFG
2018-11-30,36.36,36.04,36.67,35.83,5520000.0,0.0092,CFG
2018-12-03,36.55,36.9,37.11,36.19,5410000.0,0.0052,CFG
2018-12-04,34.44,36.24,36.44,34.07,7390000.0,-0.057699999999999994,CFG
2018-12-06,33.78,33.87,34.25,33.0,7860000.0,-0.0192,CFG
2018-12-07,33.01,33.66,34.03,32.8,5180000.0,-0.022799999999999997,CFG
2018-12-10,32.05,32.82,32.86,31.55,7210000.0,-0.0291,CFG
2018-12-11,31.68,32.39,32.82,31.52,6130000.0,-0.0115,CFG
2018-12-12,31.63,32.13,32.3,31.57,5630000.0,-0.0016,CFG
2018-12-13,30.88,31.64,31.75,30.75,6160000.0,-0.023700000000000002,CFG
2018-12-14,30.26,30.52,31.15,30.07,5920000.0,-0.020099999999999996,CFG
2018-12-17,30.08,30.0,30.72,29.79,6460000.0,-0.0059,CFG
2018-12-18,29.81,30.27,30.64,29.67,7930000.0,-0.009000000000000001,CFG
2018-12-19,29.0,29.69,30.28,28.8,6760000.0,-0.027200000000000002,CFG
2018-12-20,28.85,28.84,29.3,28.48,6700000.0,-0.0052,CFG
2018-12-21,28.52,28.86,29.37,28.36,10890000.0,-0.011399999999999999,CFG
2018-12-24,27.94,28.26,28.51,27.75,4310000.0,-0.0203,CFG
2018-12-26,29.49,28.11,29.56,27.62,6940000.0,0.0555,CFG
2018-12-27,29.58,29.05,29.59,28.49,6010000.0,0.0031,CFG
2018-12-28,29.57,29.68,30.04,29.29,5820000.0,-0.0003,CFG
2018-12-31,29.73,29.63,30.07,29.27,5720000.0,0.0054,CFG
