time,ADX
2020-03-20,15.6876
2020-03-19,15.2540
2020-03-18,14.8258
2020-03-17,14.3737
2020-03-16,13.9602
2020-03-13,13.5474
2020-03-12,13.1927
2020-03-11,12.7672
2020-03-10,12.4864
2020-03-09,12.2214
2020-03-06,11.9261
2020-03-05,11.7644
2020-03-04,11.6959
2020-03-03,11.6627
2020-03-02,11.6290
2020-02-28,11.5295
2020-02-27,11.2183
2020-02-26,11.0281
2020-02-25,11.0023
2020-02-24,10.9900
2020-02-21,11.1268
2020-02-20,11.1481
2020-02-19,11.1428
2020-02-18,11.0527
2020-02-14,10.9922
2020-02-13,10.9064
2020-02-12,10.8192
2020-02-11,10.7095
2020-02-10,10.6074
2020-02-07,10.5417
2020-02-06,10.4931
2020-02-05,10.4165
2020-02-04,10.3558
2020-02-03,10.3462
2020-01-31,10.4062
2020-01-30,10.4673
2020-01-29,10.4682
2020-01-28,10.4026
2020-01-27,10.3495
2020-01-24,10.3441
2020-01-23,10.2252
2020-01-22,10.0518
2020-01-21,9.8270
2020-01-17,9.6119
2020-01-16,9.3871
2020-01-15,9.1799
2020-01-14,9.0007
2020-01-13,8.8262
2020-01-10,8.6592
2020-01-09,8.4982
2020-01-08,8.3473
2020-01-07,8.2084
2020-01-06,8.1062
2020-01-03,8.0023
2020-01-02,7.8785
2019-12-31,7.7213
2019-12-30,7.6072
2019-12-27,7.4804
2019-12-26,7.3089
2019-12-24,7.1479
2019-12-23,7.0075
2019-12-20,6.8606
2019-12-19,6.7147
2019-12-18,6.6007
2019-12-17,6.4969
2019-12-16,6.3917
2019-12-13,6.2857
2019-12-12,6.2031
2019-12-11,6.1301
2019-12-10,6.1122
2019-12-09,6.0973
2019-12-06,6.0631
2019-12-05,6.0282
2019-12-04,6.0475
2019-12-03,6.0672
2019-12-02,6.1314
2019-11-29,6.1158
2019-11-27,6.0391
2019-11-26,5.9523
2019-11-25,5.8842
2019-11-22,5.8304
2019-11-21,5.8130
2019-11-20,5.8002
2019-11-19,5.7873
2019-11-18,5.7291
2019-11-15,5.6759
2019-11-14,5.6281
2019-11-13,5.6178
2019-11-12,5.6075
2019-11-11,5.5856
2019-11-08,5.5875
2019-11-07,5.5895
2019-11-06,5.5791
2019-11-05,5.6009
2019-11-04,5.6117
2019-11-01,5.6176
2019-10-31,5.6538
2019-10-30,5.7245
2019-10-29,5.7915
2019-10-28,5.8442
2019-10-25,5.9041
2019-10-24,5.9926
2019-10-23,6.0869
2019-10-22,6.1638
2019-10-21,6.2483
2019-10-18,6.3223
2019-10-17,6.3854
2019-10-16,6.4739
2019-10-15,6.5465
2019-10-14,6.6203
2019-10-11,6.6458
2019-10-10,6.6719
2019-10-09,6.6228
2019-10-08,6.5390
2019-10-07,6.4471
2019-10-04,6.4151
2019-10-03,6.3721
2019-10-02,6.2520
2019-10-01,6.1569
2019-09-30,6.1573
2019-09-27,6.2043
2019-09-26,6.2520
2019-09-25,6.3308
2019-09-24,6.4109
2019-09-23,6.5004
2019-09-20,6.5889
2019-09-19,6.6748
2019-09-18,6.7310
2019-09-17,6.8108
2019-09-16,6.8664
2019-09-13,6.9293
2019-09-12,6.9728
2019-09-11,7.0169
2019-09-10,7.0922
2019-09-09,7.2024
2019-09-06,7.2946
2019-09-05,7.3951
2019-09-04,7.4974
2019-09-03,7.5737
2019-08-30,7.6110
2019-08-29,7.6815
2019-08-28,7.7369
2019-08-27,7.7243
2019-08-26,7.7227
2019-08-23,7.6870
2019-08-22,7.6508
2019-08-21,7.7186
2019-08-20,7.8091
2019-08-19,7.8925
2019-08-16,7.9994
2019-08-15,8.0447
2019-08-14,8.0244
2019-08-13,8.0256
2019-08-12,8.0866
2019-08-09,8.0825
2019-08-08,8.1227
2019-08-07,8.1636
2019-08-06,8.1158
2019-08-05,8.1025
2019-08-02,8.0889
2019-08-01,8.2130
2019-07-31,8.2767
2019-07-30,8.3148
2019-07-29,8.2599
2019-07-26,8.1735
2019-07-25,8.0856
2019-07-24,8.0166
2019-07-23,7.9464
2019-07-22,7.8989
2019-07-19,7.8775
2019-07-18,7.8556
2019-07-17,7.8470
2019-07-16,7.8150
2019-07-15,7.7466
2019-07-12,7.6608
2019-07-11,7.5799
2019-07-10,7.5167
2019-07-09,7.4525
2019-07-08,7.4220
2019-07-05,7.3776
2019-07-03,7.3324
2019-07-02,7.2667
2019-07-01,7.2363
2019-06-28,7.2054
2019-06-27,7.2302
2019-06-26,7.2805
2019-06-25,7.3318
2019-06-24,7.3783
2019-06-21,7.3732
2019-06-20,7.3628
2019-06-19,7.3619
2019-06-18,7.4038
2019-06-17,7.4481
2019-06-14,7.5494
2019-06-13,7.6572
2019-06-12,7.7627
2019-06-11,7.8812
2019-06-10,7.9951
2019-06-07,8.0994
2019-06-06,8.2356
2019-06-05,8.3187
2019-06-04,8.3596
2019-06-03,8.3599
2019-05-31,8.2815
2019-05-30,8.2351
2019-05-29,8.2295
2019-05-28,8.2104
2019-05-24,8.2490
2019-05-23,8.3199
2019-05-22,8.3833
2019-05-21,8.5228
2019-05-20,8.6593
2019-05-17,8.7869
2019-05-16,8.9135
2019-05-15,9.0394
2019-05-14,9.1572
2019-05-13,9.2656
2019-05-10,9.3529
2019-05-09,9.4836
2019-05-08,9.5880
2019-05-07,9.7402
2019-05-06,9.8949
2019-05-03,9.9850
2019-05-02,10.0146
2019-05-01,10.0731
2019-04-30,10.0856
2019-04-29,10.1085
2019-04-26,10.1001
2019-04-25,10.1080
2019-04-24,10.1275
2019-04-23,10.1203
2019-04-22,10.1139
2019-04-18,10.1522
2019-04-17,10.1931
2019-04-16,10.2277
2019-04-15,10.2527
2019-04-12,10.2886
2019-04-11,10.3215
2019-04-10,10.3825
2019-04-09,10.4505
2019-04-08,10.5242
2019-04-05,10.5858
2019-04-04,10.6527
2019-04-03,10.7392
2019-04-02,10.8272
2019-04-01,10.9356
2019-03-29,11.0512
2019-03-28,11.2209
2019-03-27,11.4025
2019-03-26,11.5872
2019-03-25,11.7663
2019-03-22,11.9513
2019-03-21,12.1439
2019-03-20,12.3127
2019-03-19,12.5105
2019-03-18,12.6944
2019-03-15,12.9079
2019-03-14,13.1211
2019-03-13,13.3134
2019-03-12,13.5090
2019-03-11,13.6720
2019-03-08,13.8151
2019-03-07,13.8953
2019-03-06,14.0006
2019-03-05,14.1507
2019-03-04,14.3245
2019-03-01,14.5012
2019-02-28,14.7102
2019-02-27,14.9002
2019-02-26,15.0936
2019-02-25,15.3109
2019-02-22,15.5400
2019-02-21,15.7438
2019-02-20,15.9318
2019-02-19,16.1362
2019-02-15,16.3403
2019-02-14,16.5304
2019-02-13,16.6970
2019-02-12,16.8897
2019-02-11,17.0651
2019-02-08,17.1976
2019-02-07,17.3169
2019-02-06,17.4450
2019-02-05,17.6226
2019-02-04,17.8032
2019-02-01,17.9661
2019-01-31,18.1194
2019-01-30,18.2638
2019-01-29,18.3831
2019-01-28,18.4438
2019-01-25,18.4963
2019-01-24,18.5884
2019-01-23,18.6427
2019-01-22,18.6980
2019-01-18,18.7592
2019-01-17,18.8561
2019-01-16,18.9080
2019-01-15,18.9305
2019-01-14,18.9332
2019-01-11,18.8979
2019-01-10,18.8693
2019-01-09,18.8403
2019-01-08,18.8179
2019-01-07,18.7710
2019-01-04,18.7021
2019-01-03,18.5875
2019-01-02,18.3971
2018-12-31,18.2251
2018-12-28,18.0645
2018-12-27,17.9012
2018-12-26,17.6837
2018-12-24,17.4265
2018-12-21,17.0636
2018-12-20,16.7426
2018-12-19,16.4449
2018-12-18,16.1864
2018-12-17,15.9624
2018-12-14,15.7365
2018-12-13,15.5722
2018-12-12,15.4535
2018-12-11,15.3477
2018-12-10,15.2202
2018-12-07,15.0416
2018-12-06,14.9048
2018-12-04,14.7427
2018-12-03,14.6683
2018-11-30,14.6957
2018-11-29,14.6476
2018-11-28,14.5844
2018-11-27,14.5008
2018-11-26,14.2866
2018-11-23,14.0506
2018-11-21,13.7500
2018-11-20,13.4670
2018-11-19,13.1761
2018-11-16,12.9424
2018-11-15,12.7461
2018-11-14,12.5208
2018-11-13,12.3118
2018-11-12,12.1399
2018-11-09,11.9750
2018-11-08,11.8695
2018-11-07,11.8104
2018-11-06,11.7504
2018-11-05,11.5561
2018-11-02,11.3279
2018-11-01,11.0959
2018-10-31,10.8238
2018-10-30,10.5349
2018-10-29,10.1098
2018-10-26,9.6774
2018-10-25,9.2694
2018-10-24,8.9084
2018-10-23,8.5414
2018-10-22,8.2253
2018-10-19,7.9965
2018-10-18,7.7828
2018-10-17,7.5656
2018-10-16,7.3911
2018-10-15,7.2047
2018-10-12,6.9158
2018-10-11,6.6215
2018-10-10,6.3221
2018-10-09,6.1500
2018-10-08,6.1715
2018-10-05,6.1786
2018-10-04,6.2035
2018-10-03,6.2651
2018-10-02,6.3156
2018-10-01,6.3891
2018-09-28,6.4637
2018-09-27,6.5633
2018-09-26,6.6693
2018-09-25,6.7770
2018-09-24,6.8701
2018-09-21,6.9652
2018-09-20,7.0242
2018-09-19,7.0992
2018-09-18,7.2067
2018-09-17,7.3130
2018-09-14,7.4044
2018-09-13,7.5212
2018-09-12,7.6361
2018-09-11,7.7225
2018-09-10,7.8049
2018-09-07,7.9106
2018-09-06,8.0104
2018-09-05,8.1194
2018-09-04,8.2528
2018-08-31,8.3774
2018-08-30,8.4884
2018-08-29,8.5929
2018-08-28,8.6918
2018-08-27,8.8208
2018-08-24,8.9645
2018-08-23,9.0714
2018-08-22,9.1627
2018-08-21,9.2599
2018-08-20,9.3702
2018-08-17,9.4513
2018-08-16,9.5243
2018-08-15,9.5866
2018-08-14,9.5969
2018-08-13,9.6569
2018-08-10,9.7178
2018-08-09,9.7921
2018-08-08,9.9230
2018-08-07,10.0585
2018-08-06,10.2023
2018-08-03,10.3263
2018-08-02,10.4237
2018-08-01,10.4991
2018-07-31,10.5949
2018-07-30,10.6968
2018-07-27,10.7946
2018-07-26,10.9142
2018-07-25,11.0905
2018-07-24,11.2698
2018-07-23,11.4143
2018-07-20,11.5150
2018-07-19,11.6270
2018-07-18,11.7409
2018-07-17,11.8685
2018-07-16,11.9929
2018-07-13,12.0923
2018-07-12,12.1933
2018-07-11,12.2852
2018-07-10,12.3509
2018-07-09,12.4453
2018-07-06,12.5188
2018-07-05,12.5508
2018-07-03,12.5254
2018-07-02,12.4968
2018-06-29,12.4472
2018-06-28,12.4280
2018-06-27,12.3666
2018-06-26,12.3162
2018-06-25,12.2915
2018-06-22,12.2663
2018-06-21,12.3335
2018-06-20,12.4018
2018-06-19,12.5066
2018-06-18,12.5926
2018-06-15,12.7054
2018-06-14,12.8285
2018-06-13,12.9807
2018-06-12,13.1355
2018-06-11,13.3004
2018-06-08,13.4705
2018-06-07,13.6230
2018-06-06,13.7780
2018-06-05,13.9217
2018-06-04,14.0302
2018-06-01,14.1340
2018-05-31,14.2161
2018-05-30,14.2718
2018-05-29,14.3312
2018-05-25,14.3555
2018-05-24,14.4395
2018-05-23,14.5250
2018-05-22,14.6153
2018-05-21,14.7264
2018-05-18,14.8453
2018-05-17,14.9302
2018-05-16,15.0198
2018-05-15,15.1032
2018-05-14,15.1715
2018-05-11,15.2756
2018-05-10,15.3649
2018-05-09,15.4437
2018-05-08,15.4788
2018-05-07,15.4679
2018-05-04,15.4699
2018-05-03,15.4486
2018-05-02,15.3618
2018-05-01,15.3231
2018-04-30,15.2728
2018-04-27,15.2526
2018-04-26,15.2473
2018-04-25,15.2402
2018-04-24,15.1732
2018-04-23,15.1112
2018-04-20,15.1035
2018-04-19,15.0994
2018-04-18,15.1251
2018-04-17,15.1826
2018-04-16,15.2334
2018-04-13,15.2350
2018-04-12,15.2248
2018-04-11,15.2266
2018-04-10,15.2035
2018-04-09,15.1800
2018-04-06,15.1341
2018-04-05,15.0875
2018-04-04,15.1246
2018-04-03,15.1214
2018-04-02,15.0595
2018-03-29,14.9965
2018-03-28,15.0092
2018-03-27,14.9707
2018-03-26,14.9357
2018-03-23,14.8739
2018-03-22,14.8037
2018-03-21,14.8099
2018-03-20,14.9220
2018-03-19,15.0069
2018-03-16,15.0931
2018-03-15,15.2736
2018-03-14,15.4571
2018-03-13,15.6487
2018-03-12,15.8683
2018-03-09,16.1278
2018-03-08,16.3729
2018-03-07,16.5350
2018-03-06,16.6805
2018-03-05,16.8445
2018-03-02,17.0035
2018-03-01,17.1022
2018-02-28,17.2226
2018-02-27,17.4380
2018-02-26,17.7142
2018-02-23,18.0135
2018-02-22,18.2526
2018-02-21,18.4618
2018-02-20,18.6810
2018-02-16,18.8831
2018-02-15,19.1220
2018-02-14,19.3176
2018-02-13,19.4529
2018-02-12,19.5143
2018-02-09,19.5767
2018-02-08,19.5587
2018-02-07,19.6226
2018-02-06,19.8940
2018-02-05,20.1014
2018-02-02,20.4212
2018-02-01,20.4088
2018-01-31,20.1769
2018-01-30,19.9395
2018-01-29,19.6746
2018-01-26,19.2463
2018-01-25,18.8108
2018-01-24,18.4159
2018-01-23,18.0143
2018-01-22,17.6279
2018-01-19,17.2544
2018-01-18,16.9247
2018-01-17,16.5998
2018-01-16,16.2695
2018-01-12,15.9335
2018-01-11,15.6372
2018-01-10,15.3859
2018-01-09,15.1744
2018-01-08,14.9018
2018-01-05,14.6526
2018-01-04,14.4127
2018-01-03,14.2079
2018-01-02,14.0430
2017-12-29,13.9321
2017-12-28,13.8314
2017-12-27,13.6850
2017-12-26,13.5424
2017-12-22,13.4064
2017-12-21,13.2672
2017-12-20,13.1056
2017-12-19,12.9460
2017-12-18,12.7624
2017-12-15,12.5514
2017-12-14,12.3809
2017-12-13,12.2419
2017-12-12,12.0496
2017-12-11,11.8605
2017-12-08,11.6960
2017-12-07,11.5551
2017-12-06,11.4451
2017-12-05,11.3543
2017-12-04,11.2484
2017-12-01,11.0891
2017-11-30,10.9728
2017-11-29,10.7151
2017-11-28,10.5261
2017-11-27,10.3583
2017-11-24,10.2639
2017-11-22,10.1762
2017-11-21,10.0993
2017-11-20,10.0210
2017-11-17,10.0043
2017-11-16,9.9901
2017-11-15,9.9756
2017-11-14,10.0291
2017-11-13,10.0400
2017-11-10,10.0123
2017-11-09,9.9992
2017-11-08,9.9859
2017-11-07,9.8786
2017-11-06,9.7695
2017-11-03,9.6721
2017-11-02,9.5914
2017-11-01,9.5369
2017-10-31,9.4377
2017-10-30,9.3752
2017-10-27,9.3116
2017-10-26,9.2469
2017-10-25,9.2425
2017-10-24,9.2379
2017-10-23,9.1261
2017-10-20,9.0123
2017-10-19,8.8801
2017-10-18,8.7947
2017-10-17,8.6466
2017-10-16,8.5125
2017-10-13,8.3771
2017-10-12,8.2461
2017-10-11,8.1213
2017-10-10,7.9948
2017-10-09,7.8661
2017-10-06,7.7473
2017-10-05,7.6351
2017-10-04,7.5209
2017-10-03,7.4471
2017-10-02,7.3916
2017-09-29,7.3567
2017-09-28,7.3578
2017-09-27,7.3921
2017-09-26,7.4270
2017-09-25,7.4943
2017-09-22,7.5666
2017-09-21,7.6045
2017-09-20,7.6328
2017-09-19,7.6616
2017-09-18,7.6637
2017-09-15,7.6659
2017-09-14,7.6970
2017-09-13,7.7351
2017-09-12,7.7707
2017-09-11,7.8125
2017-09-08,7.8825
2017-09-07,7.9981
2017-09-06,8.1190
2017-09-05,8.2419
2017-09-01,8.3669
2017-08-31,8.4205
2017-08-30,8.4943
2017-08-29,8.6235
2017-08-28,8.7416
2017-08-25,8.8762
2017-08-24,9.0006
2017-08-23,9.1405
2017-08-22,9.2628
2017-08-21,9.3871
2017-08-18,9.4864
2017-08-17,9.5999
2017-08-16,9.7505
2017-08-15,9.7892
2017-08-14,9.8516
2017-08-11,9.9177
2017-08-10,10.0641
2017-08-09,10.2129
2017-08-08,10.2585
2017-08-07,10.2665
2017-08-04,10.3137
2017-08-03,10.3654
2017-08-02,10.4336
2017-08-01,10.5030
2017-07-31,10.5530
2017-07-28,10.6059
2017-07-27,10.6763
2017-07-26,10.7480
2017-07-25,10.7557
2017-07-24,10.7651
2017-07-21,10.8041
2017-07-20,10.8458
2017-07-19,10.8739
2017-07-18,10.9159
2017-07-17,11.0053
2017-07-14,11.0678
2017-07-13,11.1313
2017-07-12,11.2479
2017-07-11,11.3797
2017-07-10,11.5680
2017-07-07,11.7307
2017-07-06,11.9161
2017-07-05,12.1150
2017-07-03,12.2595
2017-06-30,12.3789
2017-06-29,12.5248
2017-06-28,12.6732
2017-06-27,12.7296
2017-06-26,12.7973
2017-06-23,12.7865
2017-06-22,12.8081
2017-06-21,12.8202
2017-06-20,12.8324
2017-06-19,12.8184
2017-06-16,12.7804
2017-06-15,12.8146
2017-06-14,12.8495
2017-06-13,12.8402
2017-06-12,12.8173
2017-06-09,12.8331
2017-06-08,12.8492
2017-06-07,12.8095
2017-06-06,12.7830
2017-06-05,12.7404
2017-06-02,12.6684
2017-06-01,12.5952
2017-05-31,12.5543
2017-05-30,12.5611
2017-05-26,12.5415
2017-05-25,12.5091
2017-05-24,12.4762
2017-05-23,12.4873
2017-05-22,12.5151
2017-05-19,12.5623
2017-05-18,12.6330
2017-05-17,12.7535
2017-05-16,12.8615
2017-05-15,12.7902
2017-05-12,12.7238
2017-05-11,12.6975
2017-05-10,12.6708
2017-05-09,12.5900
2017-05-08,12.5079
2017-05-05,12.4329
2017-05-04,12.3637
2017-05-03,12.3201
2017-05-02,12.2813
2017-05-01,12.2139
2017-04-28,12.1453
2017-04-27,12.0782
2017-04-26,12.0151
2017-04-25,11.9327
2017-04-24,11.8670
2017-04-21,11.8506
2017-04-20,11.9063
2017-04-19,11.9630
2017-04-18,12.0522
2017-04-17,12.1585
2017-04-13,12.2666
2017-04-12,12.3797
2017-04-11,12.4452
2017-04-10,12.5118
2017-04-07,12.5204
2017-04-06,12.5379
2017-04-05,12.5556
2017-04-04,12.5671
2017-04-03,12.6376
2017-03-31,12.7094
2017-03-30,12.7093
2017-03-29,12.7092
2017-03-28,12.7319
2017-03-27,12.7550
2017-03-24,12.8409
2017-03-23,12.8734
2017-03-22,12.8798
2017-03-21,12.9096
2017-03-20,12.9173
2017-03-17,12.8028
2017-03-16,12.6489
2017-03-15,12.4924
2017-03-14,12.3333
2017-03-13,12.2371
2017-03-10,12.0911
2017-03-09,11.9427
2017-03-08,11.8156
2017-03-07,11.6565
2017-03-06,11.4737
2017-03-03,11.2763
2017-03-02,11.0409
2017-03-01,10.7788
2017-02-28,10.5123
2017-02-27,10.3373
2017-02-24,10.1457
2017-02-23,9.9635
2017-02-22,9.7680
2017-02-21,9.5542
2017-02-17,9.3368
2017-02-16,9.1614
2017-02-15,8.9830
2017-02-14,8.8017
2017-02-13,8.6581
2017-02-10,8.5305
2017-02-09,8.4394
2017-02-08,8.3729
2017-02-07,8.3558
2017-02-06,8.3187
2017-02-03,8.2917
2017-02-02,8.2642
2017-02-01,8.2845
2017-01-31,8.3020
2017-01-30,8.3543
2017-01-27,8.4042
2017-01-26,8.3614
2017-01-25,8.3078
2017-01-24,8.2579
2017-01-23,8.2566
2017-01-20,8.2996
2017-01-19,8.3115
2017-01-18,8.3326
2017-01-17,8.3345
2017-01-13,8.3364
2017-01-12,8.3040
2017-01-11,8.2935
2017-01-10,8.2569
2017-01-09,8.2019
2017-01-06,8.1580
2017-01-05,8.1133
2017-01-04,8.1013
2017-01-03,8.0847
2016-12-30,8.0962
2016-12-29,8.1413
2016-12-28,8.1466
2016-12-27,8.1347
2016-12-23,8.0566
2016-12-22,8.0085
2016-12-21,7.9614
2016-12-20,7.8781
2016-12-19,7.7895
2016-12-16,7.7147
2016-12-15,7.6386
2016-12-14,7.5612
2016-12-13,7.4825
2016-12-12,7.3470
2016-12-09,7.2475
2016-12-08,7.1585
2016-12-07,7.0916
2016-12-06,7.0533
2016-12-05,7.1053
2016-12-02,7.1692
2016-12-01,7.2726
2016-11-30,7.3777
2016-11-29,7.4453
2016-11-28,7.5260
2016-11-25,7.6004
2016-11-23,7.6558
2016-11-22,7.7396
2016-11-21,7.8248
2016-11-18,7.9308
2016-11-17,8.0636
2016-11-16,8.1927
2016-11-15,8.2955
2016-11-14,8.4000
2016-11-11,8.4757
2016-11-10,8.5349
2016-11-09,8.5951
2016-11-08,8.6165
2016-11-07,8.5589
2016-11-04,8.4465
2016-11-03,8.2042
2016-11-02,7.9614
2016-11-01,7.7372
2016-10-31,7.5192
2016-10-28,7.3728
2016-10-27,7.2239
2016-10-26,7.1100
2016-10-25,6.9889
2016-10-24,6.8955
2016-10-21,6.8151
2016-10-20,6.6877
2016-10-19,6.5676
2016-10-18,6.4590
2016-10-17,6.3335
2016-10-14,6.1731
2016-10-13,6.0336
2016-10-12,5.8503
2016-10-11,5.7142
2016-10-10,5.5758
2016-10-07,5.5288
2016-10-06,5.4670
2016-10-05,5.4210
2016-10-04,5.3893
2016-10-03,5.3570
2016-09-30,5.3574
2016-09-29,5.3631
2016-09-28,5.3601
2016-09-27,5.3770
2016-09-26,5.3561
2016-09-23,5.3454
2016-09-22,5.3927
2016-09-21,5.4629
2016-09-20,5.4846
2016-09-19,5.4569
2016-09-16,5.4288
2016-09-15,5.3752
2016-09-14,5.3206
2016-09-13,5.2302
2016-09-12,5.1393
2016-09-09,5.0469
2016-09-08,4.9771
2016-09-07,5.0581
2016-09-06,5.1420
2016-09-02,5.2268
2016-09-01,5.3075
2016-08-31,5.3527
2016-08-30,5.4120
2016-08-29,5.5010
2016-08-26,5.5914
2016-08-25,5.6834
2016-08-24,5.7535
2016-08-23,5.8200
2016-08-22,5.8386
2016-08-19,5.8818
2016-08-18,5.9263
2016-08-17,5.9548
2016-08-16,5.9952
2016-08-15,6.0063
2016-08-12,5.9926
2016-08-11,5.9996
2016-08-10,6.0067
2016-08-09,6.0278
2016-08-08,6.0292
2016-08-05,6.0366
2016-08-04,6.0509
2016-08-03,6.1049
2016-08-02,6.1718
2016-08-01,6.2399
2016-07-29,6.2559
2016-07-28,6.2752
2016-07-27,6.3059
2016-07-26,6.3371
2016-07-25,6.3725
2016-07-22,6.4037
2016-07-21,6.4319
2016-07-20,6.4619
2016-07-19,6.4790
2016-07-18,6.5223
2016-07-15,6.5649
2016-07-14,6.6081
2016-07-13,6.6469
2016-07-12,6.7151
2016-07-11,6.7868
2016-07-08,6.8878
2016-07-07,6.9918
2016-07-06,7.0432
2016-07-05,7.0748
2016-07-01,7.1222
2016-06-30,7.2092
2016-06-29,7.2741
2016-06-28,7.2757
2016-06-27,7.1780
2016-06-24,7.0657
2016-06-23,7.0427
2016-06-22,7.1506
2016-06-21,7.2453
2016-06-20,7.3243
2016-06-17,7.4047
2016-06-16,7.4220
2016-06-15,7.4396
2016-06-14,7.5082
2016-06-13,7.5656
2016-06-10,7.6624
2016-06-09,7.7922
2016-06-08,7.8741
2016-06-07,7.9430
2016-06-06,8.0166
2016-06-03,8.1069
2016-06-02,8.2235
2016-06-01,8.3332
2016-05-31,8.4560
2016-05-27,8.5714
2016-05-26,8.7002
2016-05-25,8.8434
2016-05-24,8.9890
2016-05-23,9.1071
2016-05-20,9.1628
2016-05-19,9.2195
2016-05-18,9.2385
2016-05-17,9.2781
2016-05-16,9.3334
2016-05-13,9.4033
2016-05-12,9.4609
2016-05-11,9.5431
2016-05-10,9.6537
2016-05-09,9.7662
2016-05-06,9.8273
2016-05-05,9.8725
2016-05-04,9.9330
2016-05-03,9.9944
2016-05-02,10.0780
2016-04-29,10.1886
2016-04-28,10.2774
2016-04-27,10.4122
2016-04-26,10.5746
2016-04-25,10.7480
2016-04-22,10.9065
2016-04-21,11.0762
2016-04-20,11.2622
2016-04-19,11.4332
2016-04-18,11.6230
2016-04-15,11.8025
2016-04-14,11.9585
2016-04-13,12.1212
2016-04-12,12.2760
2016-04-11,12.3914
2016-04-08,12.5133
2016-04-07,12.6320
2016-04-06,12.7526
2016-04-05,12.8941
2016-04-04,13.0273
2016-04-01,13.2033
2016-03-31,13.3823
2016-03-30,13.5919
2016-03-29,13.8067
2016-03-28,13.9910
2016-03-24,14.1503
2016-03-23,14.2980
2016-03-22,14.4722
2016-03-21,14.6605
2016-03-18,14.8464
2016-03-17,15.0323
2016-03-16,15.2089
2016-03-15,15.3595
2016-03-14,15.4793
2016-03-11,15.6132
2016-03-10,15.7449
2016-03-09,15.8432
2016-03-08,15.9172
2016-03-07,15.9924
2016-03-04,16.0887
2016-03-03,16.1866
2016-03-02,16.2549
2016-03-01,16.3097
2016-02-29,16.3487
2016-02-26,16.3470
2016-02-25,16.3663
2016-02-24,16.3629
2016-02-23,16.3178
2016-02-22,16.3142
2016-02-19,16.3180
2016-02-18,16.2625
2016-02-17,16.2250
2016-02-16,16.1869
2016-02-12,16.0722
2016-02-11,15.8845
2016-02-10,15.6513
2016-02-09,15.4686
2016-02-08,15.2504
2016-02-05,15.0285
2016-02-04,14.8647
2016-02-03,14.7396
2016-02-02,14.5899
2016-02-01,14.4759
2016-01-29,14.3964
2016-01-28,14.2990
2016-01-27,14.1080
2016-01-26,13.9138
2016-01-25,13.6904
2016-01-22,13.4622
2016-01-21,13.2320
2016-01-20,12.9508
2016-01-19,12.6302
2016-01-15,12.3768
2016-01-14,12.1192
2016-01-13,11.8882
2016-01-12,11.6643
2016-01-11,11.4794
2016-01-08,11.2621
2016-01-07,11.0680
2016-01-06,10.9030
2016-01-05,10.8029
2016-01-04,10.7462
2015-12-31,10.6886
2015-12-30,10.7335
2015-12-29,10.8172
2015-12-28,10.9022
2015-12-24,10.9322
2015-12-23,10.9925
2015-12-22,11.0474
2015-12-21,11.0501
2015-12-18,11.0028
2015-12-17,10.9548
2015-12-16,10.9780
2015-12-15,11.0032
2015-12-14,10.9714
2015-12-11,10.8566
2015-12-10,10.7703
2015-12-09,10.7584
2015-12-08,10.7463
2015-12-07,10.7679
2015-12-04,10.8217
2015-12-03,10.8764
2015-12-02,10.9094
2015-12-01,11.0209
2015-11-30,11.1478
2015-11-27,11.2529
2015-11-25,11.3681
2015-11-24,11.4903
2015-11-23,11.6146
2015-11-20,11.7657
2015-11-19,11.9225
2015-11-18,12.0579
2015-11-17,12.1921
2015-11-16,12.2846
2015-11-13,12.3461
2015-11-12,12.3874
2015-11-11,12.4784
2015-11-10,12.6345
2015-11-09,12.7855
2015-11-06,12.9391
2015-11-05,13.1294
2015-11-04,13.3379
2015-11-03,13.5633
2015-11-02,13.7915
2015-10-30,14.0043
2015-10-29,14.1942
2015-10-28,14.3943
2015-10-27,14.5930
2015-10-26,14.7507
2015-10-23,14.9266
2015-10-22,15.1056
2015-10-21,15.2327
2015-10-20,15.3220
2015-10-19,15.4310
2015-10-16,15.5310
2015-10-15,15.6306
2015-10-14,15.7105
2015-10-13,15.7582
2015-10-12,15.8266
2015-10-09,15.9121
2015-10-08,15.9991
2015-10-07,16.0794
2015-10-06,16.1229
2015-10-05,16.1496
2015-10-02,16.1713
2015-10-01,16.1059
2015-09-30,15.9802
2015-09-29,15.8356
2015-09-28,15.6353
2015-09-25,15.4421
2015-09-24,15.3103
2015-09-23,15.1356
2015-09-22,14.9953
2015-09-21,14.8527
2015-09-18,14.7507
2015-09-17,14.6471
2015-09-16,14.5980
2015-09-15,14.4880
2015-09-14,14.3393
2015-09-11,14.1337
2015-09-10,13.9192
2015-09-09,13.7010
2015-09-08,13.4802
2015-09-04,13.2072
2015-09-03,12.8674
2015-09-02,12.5704
2015-09-01,12.1931
2015-08-31,11.8094
2015-08-28,11.5145
2015-08-27,11.2297
2015-08-26,10.9286
2015-08-25,10.4786
2015-08-24,10.0211
2015-08-21,9.5557
2015-08-20,9.2546
2015-08-19,9.0846
2015-08-18,8.9966
2015-08-17,8.9699
2015-08-14,8.9407
2015-08-13,8.8757
2015-08-12,8.8096
2015-08-11,8.7295
2015-08-10,8.7124
2015-08-07,8.7073
2015-08-06,8.6252
2015-08-05,8.5621
2015-08-04,8.5525
2015-08-03,8.5077
2015-07-31,8.4622
2015-07-30,8.4570
2015-07-29,8.4390
2015-07-28,8.4207
2015-07-27,8.3514
2015-07-24,8.2196
2015-07-23,8.1216
2015-07-22,8.0817
2015-07-21,8.0742
2015-07-20,8.0825
2015-07-17,8.1155
2015-07-16,8.1358
2015-07-15,8.1413
2015-07-14,8.1118
2015-07-13,8.0743
2015-07-10,7.9969
2015-07-09,7.8484
2015-07-08,7.6711
2015-07-07,7.4909
2015-07-06,7.3075
2015-07-02,7.1577
2015-07-01,7.0385
2015-06-30,6.9092
2015-06-29,6.7476
2015-06-26,6.5841
2015-06-25,6.5218
2015-06-24,6.4768
2015-06-23,6.4507
2015-06-22,6.4574
2015-06-19,6.4642
2015-06-18,6.4438
2015-06-17,6.4230
2015-06-16,6.3346
2015-06-15,6.2116
2015-06-12,6.0651
2015-06-11,5.9672
2015-06-10,5.9100
2015-06-09,5.8289
2015-06-08,5.6631
2015-06-05,5.5137
2015-06-04,5.3802
2015-06-03,5.2657
2015-06-02,5.1970
2015-06-01,5.1115
2015-05-29,5.0345
2015-05-28,4.9630
2015-05-27,4.9135
2015-05-26,4.8631
2015-05-22,4.8089
2015-05-21,4.8330
2015-05-20,4.8575
2015-05-19,4.8824
2015-05-18,4.9134
2015-05-15,4.9410
2015-05-14,4.9447
2015-05-13,4.9408
2015-05-12,4.9016
2015-05-11,4.8455
2015-05-08,4.8408
2015-05-07,4.8360
2015-05-06,4.7522
2015-05-05,4.6670
2015-05-04,4.6366
2015-05-01,4.6689
2015-04-30,4.6615
2015-04-29,4.6446
2015-04-28,4.6863
2015-04-27,4.7288
2015-04-24,4.8089
2015-04-23,4.8726
2015-04-22,4.9387
2015-04-21,5.0071
2015-04-20,5.0867
2015-04-17,5.1505
2015-04-16,5.2113
2015-04-15,5.2432
2015-04-14,5.2756
2015-04-13,5.3473
2015-04-10,5.3925
2015-04-09,5.4531
2015-04-08,5.5421
2015-04-07,5.6199
2015-04-06,5.7071
2015-04-02,5.7875
2015-04-01,5.8255
2015-03-31,5.8505
2015-03-30,5.9285
2015-03-27,6.0078
2015-03-26,6.0096
2015-03-25,6.0115
2015-03-24,6.0566
2015-03-23,6.1256
2015-03-20,6.1551
2015-03-19,6.1878
2015-03-18,6.2659
2015-03-17,6.3453
2015-03-16,6.3991
2015-03-13,6.4537
2015-03-12,6.4552
2015-03-11,6.4568
2015-03-10,6.4046
2015-03-09,6.3640
2015-03-06,6.4039
2015-03-05,6.4444
2015-03-04,6.5349
2015-03-03,6.6268
2015-03-02,6.7083
2015-02-27,6.7713
2015-02-26,6.8498
2015-02-25,6.9296
2015-02-24,6.9917
2015-02-23,7.0596
2015-02-20,7.1516
2015-02-19,7.2451
2015-02-18,7.3646
2015-02-17,7.4872
2015-02-13,7.6119
2015-02-12,7.7267
2015-02-11,7.8193
2015-02-10,7.8700
2015-02-09,7.9138
2015-02-06,7.9148
2015-02-05,7.9368
2015-02-04,7.9327
2015-02-03,7.9019
2015-02-02,7.8572
2015-01-30,7.7214
2015-01-29,7.6134
2015-01-28,7.5036
2015-01-27,7.4217
2015-01-26,7.3847
2015-01-23,7.4027
2015-01-22,7.4470
2015-01-21,7.4922
2015-01-20,7.4567
2015-01-16,7.3904
2015-01-15,7.2953
2015-01-14,7.2070
2015-01-13,7.1076
2015-01-12,7.0570
2015-01-09,7.0434
2015-01-08,7.0727
2015-01-07,7.1015
2015-01-06,7.0197
2015-01-05,6.9364
2015-01-02,6.9196
2014-12-31,6.9872
2014-12-30,7.0932
2014-12-29,7.1551
2014-12-26,7.1968
2014-12-24,7.2419
2014-12-23,7.3036
2014-12-22,7.3688
2014-12-19,7.4594
2014-12-18,7.5543
2014-12-17,7.6624
2014-12-16,7.6203
2014-12-15,7.5774
2014-12-12,7.5629
2014-12-11,7.6107
2014-12-10,7.7341
2014-12-09,7.8597
2014-12-08,7.9527
2014-12-05,7.9740
2014-12-04,7.9316
2014-12-03,7.8953
2014-12-02,7.8415
2014-12-01,7.8105
2014-11-28,7.7885
2014-11-26,7.7058
2014-11-25,7.6293
2014-11-24,7.5515
2014-11-21,7.4845
2014-11-20,7.4165
2014-11-19,7.4010
2014-11-18,7.3905
2014-11-17,7.3759
2014-11-14,7.4014
2014-11-13,7.4299
2014-11-12,7.4590
2014-11-11,7.5064
2014-11-10,7.5435
2014-11-07,7.5890
2014-11-06,7.6486
2014-11-05,7.7171
2014-11-04,7.8103
2014-11-03,7.9287
2014-10-31,8.0092
2014-10-30,8.1099
2014-10-29,8.2242
2014-10-28,8.3149
2014-10-27,8.3866
2014-10-24,8.3914
2014-10-23,8.3963
2014-10-22,8.3901
2014-10-21,8.3407
2014-10-20,8.2665
2014-10-17,8.0521
2014-10-16,7.8068
2014-10-15,7.4658
2014-10-14,7.1112
2014-10-13,6.8835
2014-10-10,6.6587
2014-10-09,6.5264
2014-10-08,6.4635
2014-10-07,6.3997
2014-10-06,6.3680
2014-10-03,6.4222
2014-10-02,6.4499
2014-10-01,6.3968
2014-09-30,6.4024
2014-09-29,6.5007
2014-09-26,6.6042
2014-09-25,6.7134
2014-09-24,6.8245
2014-09-23,6.8826
2014-09-22,6.9599
2014-09-19,7.0020
2014-09-18,6.9729
2014-09-17,6.9712
2014-09-16,6.9760
2014-09-15,7.0156
2014-09-12,7.1206
2014-09-11,7.2194
2014-09-10,7.2944
2014-09-09,7.3750
2014-09-08,7.4497
2014-09-05,7.4763
2014-09-04,7.5033
2014-09-03,7.5198
2014-09-02,7.5114
2014-08-29,7.5150
2014-08-28,7.5293
2014-08-27,7.5623
2014-08-26,7.5713
2014-08-25,7.5700
2014-08-22,7.5802
2014-08-21,7.6222
2014-08-20,7.6562
2014-08-19,7.7142
2014-08-18,7.7960
2014-08-15,7.9204
2014-08-14,8.0306
2014-08-13,8.1066
2014-08-12,8.1555
2014-08-11,8.1679
2014-08-08,8.1996
2014-08-07,8.1777
2014-08-06,8.1398
2014-08-05,8.1255
2014-08-04,8.1194
2014-08-01,8.1404
2014-07-31,8.1380
2014-07-30,8.1887
2014-07-29,8.2851
2014-07-28,8.3499
2014-07-25,8.4294
2014-07-24,8.4790
2014-07-23,8.4771
2014-07-22,8.4837
2014-07-21,8.5021
2014-07-18,8.5576
2014-07-17,8.6140
2014-07-16,8.6714
2014-07-15,8.6397
2014-07-14,8.6128
2014-07-11,8.5645
2014-07-10,8.5573
2014-07-09,8.5500
2014-07-08,8.4863
2014-07-07,8.4216
2014-07-03,8.2824
2014-07-02,8.1361
2014-07-01,8.0183
2014-06-30,7.8986
2014-06-27,7.8279
2014-06-26,7.7662
2014-06-25,7.7091
2014-06-24,7.6385
2014-06-23,7.5628
2014-06-20,7.4382
2014-06-19,7.3101
2014-06-18,7.1934
2014-06-17,7.0819
2014-06-16,7.0164
2014-06-13,6.9586
2014-06-12,6.9132
2014-06-11,6.8670
2014-06-10,6.7593
2014-06-09,6.6299
2014-06-06,6.4874
2014-06-05,6.3621
2014-06-04,6.2599
2014-06-03,6.2001
2014-06-02,6.1515
2014-05-30,6.1020
2014-05-29,6.0580
2014-05-28,6.0266
2014-05-27,6.0133
2014-05-23,6.0072
2014-05-22,6.0384
2014-05-21,6.0872
2014-05-20,6.1630
2014-05-19,6.2539
2014-05-16,6.3311
2014-05-15,6.4365
2014-05-14,6.5436
2014-05-13,6.5683
2014-05-12,6.5544
2014-05-09,6.5571
2014-05-08,6.6235
2014-05-07,6.6797
2014-05-06,6.7731
2014-05-05,6.8388
2014-05-02,6.9055
2014-05-01,6.9297
2014-04-30,6.9636
2014-04-29,7.0095
2014-04-28,7.0717
2014-04-25,7.1470
2014-04-24,7.1910
2014-04-23,7.1971
2014-04-22,7.2173
2014-04-21,7.2379
2014-04-17,7.3009
2014-04-16,7.3725
2014-04-15,7.4695
2014-04-14,7.5616
2014-04-11,7.6203
2014-04-10,7.6800
2014-04-09,7.7959
2014-04-08,7.8659
2014-04-07,7.9987
2014-04-04,8.1192
2014-04-03,8.1597
2014-04-02,8.1223
2014-04-01,8.0795
2014-03-31,8.0607
2014-03-28,8.0785
2014-03-27,8.1268
2014-03-26,8.2163
2014-03-25,8.2657
2014-03-24,8.3307
2014-03-21,8.3968
2014-03-20,8.4090
2014-03-19,8.4586
2014-03-18,8.5092
2014-03-17,8.5262
2014-03-14,8.5841
2014-03-13,8.6791
2014-03-12,8.7667
2014-03-11,8.8058
2014-03-10,8.8065
2014-03-07,8.8230
2014-03-06,8.8252
2014-03-05,8.8127
2014-03-04,8.8183
2014-03-03,8.8250
2014-02-28,8.8961
2014-02-27,8.9154
2014-02-26,8.9830
2014-02-25,9.0586
2014-02-24,9.1355
2014-02-21,9.2137
2014-02-20,9.3382
2014-02-19,9.4770
2014-02-18,9.6092
2014-02-14,9.7138
2014-02-13,9.8243
2014-02-12,9.9770
2014-02-11,10.1075
2014-02-10,10.2508
2014-02-07,10.3661
2014-02-06,10.4761
2014-02-05,10.4930
2014-02-04,10.4320
2014-02-03,10.3898
2014-01-31,10.3468
2014-01-30,10.4184
2014-01-29,10.5097
2014-01-28,10.5659
2014-01-27,10.6572
2014-01-24,10.7501
2014-01-23,10.9122
2014-01-22,10.9895
2014-01-21,10.9683
2014-01-17,10.9468
2014-01-16,10.9375
2014-01-15,10.9033
2014-01-14,10.8675
2014-01-13,10.8750
2014-01-10,10.8826
2014-01-09,10.8081
2014-01-08,10.7324
2014-01-07,10.6671
2014-01-06,10.6006
2014-01-03,10.5435
2014-01-02,10.4599
2013-12-31,10.3748
2013-12-30,10.2176
2013-12-27,10.0811
2013-12-26,9.9372
2013-12-24,9.7977
2013-12-23,9.6877
2013-12-20,9.5879
2013-12-19,9.5069
2013-12-18,9.4697
2013-12-17,9.4320
2013-12-16,9.4838
2013-12-13,9.5346
2013-12-12,9.6304
2013-12-11,9.7279
2013-12-10,9.7936
2013-12-09,9.7624
2013-12-06,9.7096
2013-12-05,9.6760
2013-12-04,9.6922
2013-12-03,9.7086
2013-12-02,9.6848
2013-11-29,9.6093
2013-11-27,9.5061
2013-11-26,9.4202
2013-11-25,9.3329
2013-11-22,9.2452
2013-11-21,9.1674
2013-11-20,9.1154
2013-11-19,9.0676
2013-11-18,8.9851
2013-11-15,8.8862
2013-11-14,8.7995
2013-11-13,8.7343
2013-11-12,8.7013
2013-11-11,8.7045
2013-11-08,8.6836
2013-11-07,8.6718
2013-11-06,8.6598
2013-11-05,8.5678
2013-11-04,8.4973
2013-11-01,8.3996
2013-10-31,8.3108
2013-10-30,8.2070
2013-10-29,8.0947
2013-10-28,7.9554
2013-10-25,7.8366
2013-10-24,7.7326
2013-10-23,7.6460
2013-10-22,7.5635
2013-10-21,7.4544
2013-10-18,7.3809
2013-10-17,7.3143
2013-10-16,7.2863
2013-10-15,7.2983
2013-10-14,7.3468
2013-10-11,7.3982
2013-10-10,7.4778
2013-10-09,7.5988
2013-10-08,7.6135
2013-10-07,7.6604
2013-10-04,7.7853
2013-10-03,7.9114
2013-10-02,8.0397
2013-10-01,8.1295
2013-09-30,8.2138
2013-09-27,8.3357
2013-09-26,8.4099
2013-09-25,8.4600
2013-09-24,8.5191
2013-09-23,8.5666
2013-09-20,8.6059
2013-09-19,8.5961
2013-09-18,8.5369
2013-09-17,8.4780
2013-09-16,8.5044
2013-09-13,8.5333
2013-09-12,8.6250
2013-09-11,8.7183
2013-09-10,8.8164
2013-09-09,8.9356
2013-09-06,9.0712
2013-09-05,9.1784
2013-09-04,9.3312
2013-09-03,9.4782
2013-08-30,9.6101
2013-08-29,9.6978
2013-08-28,9.7978
2013-08-27,9.8779
2013-08-26,9.9652
2013-08-23,10.1082
2013-08-22,10.2725
2013-08-21,10.4321
2013-08-20,10.5840
2013-08-19,10.7619
2013-08-16,10.9428
2013-08-15,11.0999
2013-08-14,11.2356
2013-08-13,11.2617
2013-08-12,11.2883
2013-08-09,11.3348
2013-08-08,11.3705
2013-08-07,11.3965
2013-08-06,11.4404
2013-08-05,11.4489
2013-08-02,11.4123
2013-08-01,11.3751
2013-07-31,11.3434
2013-07-30,11.3428
2013-07-29,11.3601
2013-07-26,11.3855
2013-07-25,11.4113
2013-07-24,11.4211
2013-07-23,11.4208
2013-07-22,11.3853
2013-07-19,11.3529
2013-07-18,11.3373
2013-07-17,11.3214
2013-07-16,11.3314
2013-07-15,11.3447
2013-07-12,11.3349
2013-07-11,11.3381
2013-07-10,11.3522
2013-07-09,11.4252
2013-07-08,11.5115
2013-07-05,11.6303
2013-07-03,11.7933
2013-07-02,11.9817
2013-07-01,12.1811
2013-06-28,12.3809
2013-06-27,12.5603
2013-06-26,12.7611
2013-06-25,12.9187
2013-06-24,13.0313
2013-06-21,13.1270
2013-06-20,13.2820
2013-06-19,13.4622
2013-06-18,13.5675
2013-06-17,13.6291
2013-06-14,13.7188
2013-06-13,13.8303
2013-06-12,13.9492
2013-06-11,14.0586
2013-06-10,14.1204
2013-06-07,14.1128
2013-06-06,14.1192
2013-06-05,14.2014
2013-06-04,14.2460
2013-06-03,14.2153
2013-05-31,14.2051
2013-05-30,14.1568
2013-05-29,14.0191
2013-05-28,13.8966
2013-05-24,13.7066
2013-05-23,13.5955
2013-05-22,13.4825
2013-05-21,13.2956
2013-05-20,13.0268
2013-05-17,12.7602
2013-05-16,12.5063
2013-05-15,12.2709
2013-05-14,12.0315
2013-05-13,11.8223
2013-05-10,11.6622
2013-05-09,11.5076
2013-05-08,11.3504
2013-05-07,11.1983
2013-05-06,11.0675
2013-05-03,10.9570
2013-05-02,10.8493
2013-05-01,10.8140
2013-04-30,10.7822
2013-04-29,10.7237
2013-04-26,10.6677
2013-04-25,10.6521
2013-04-24,10.6296
2013-04-23,10.6441
2013-04-22,10.6724
2013-04-19,10.7580
2013-04-18,10.8861
2013-04-17,11.0229
2013-04-16,11.1269
2013-04-15,11.1920
2013-04-12,11.2581
2013-04-11,11.1869
2013-04-10,11.0812
2013-04-09,11.0057
2013-04-08,10.9906
2013-04-05,11.0217
2013-04-04,11.0669
2013-04-03,11.0432
2013-04-02,11.0192
2013-04-01,10.9259
2013-03-28,10.8437
2013-03-27,10.7454
2013-03-26,10.6707
2013-03-25,10.5952
2013-03-22,10.5183
2013-03-21,10.4689
2013-03-20,10.4187
2013-03-19,10.3425
2013-03-18,10.2819
2013-03-15,10.1858
2013-03-14,10.0308
2013-03-13,9.8743
2013-03-12,9.7408
2013-03-11,9.6051
2013-03-08,9.4689
2013-03-07,9.3442
2013-03-06,9.2420
2013-03-05,9.1400
2013-03-04,9.0427
2013-03-01,9.0124
2013-02-28,9.0023
2013-02-27,8.9282
2013-02-26,8.8733
2013-02-25,8.9036
2013-02-22,8.9205
2013-02-21,8.8634
2013-02-20,8.8205
2013-02-19,8.7014
2013-02-15,8.5335
2013-02-14,8.3892
2013-02-13,8.2467
2013-02-12,8.0913
2013-02-11,7.9425
2013-02-08,7.8066
2013-02-07,7.6683
2013-02-06,7.5484
2013-02-05,7.3940
2013-02-04,7.2370
2013-02-01,7.0839
2013-01-31,6.9124
2013-01-30,6.7755
2013-01-29,6.6194
2013-01-28,6.4628
2013-01-25,6.3257
2013-01-24,6.1864
2013-01-23,6.0482
2013-01-22,5.9296
2013-01-18,5.8218
2013-01-17,5.7362
2013-01-16,5.6521
2013-01-15,5.6077
2013-01-14,5.5650
2013-01-11,5.5132
2013-01-10,5.4524
2013-01-09,5.3922
2013-01-08,5.3578
2013-01-07,5.3330
2013-01-04,5.2874
2013-01-03,5.2312
2013-01-02,5.1826
2012-12-31,5.1435
2012-12-28,5.2271
2012-12-27,5.2777
2012-12-26,5.3300
2012-12-24,5.4007
2012-12-21,5.4395
2012-12-20,5.4789
2012-12-19,5.4774
2012-12-18,5.4636
2012-12-17,5.4495
2012-12-14,5.4990
2012-12-13,5.5918
2012-12-12,5.6708
2012-12-11,5.7080
2012-12-10,5.7623
2012-12-07,5.8534
2012-12-06,5.9409
2012-12-05,6.0047
2012-12-04,6.0696
2012-12-03,6.1559
2012-11-30,6.2586
2012-11-29,6.3478
2012-11-28,6.4386
2012-11-27,6.4954
2012-11-26,6.5994
2012-11-23,6.7051
2012-11-21,6.8126
2012-11-20,6.8547
2012-11-19,6.8919
2012-11-16,6.9187
2012-11-15,6.8468
2012-11-14,6.7894
2012-11-13,6.7459
2012-11-12,6.7673
2012-11-09,6.8100
2012-11-08,6.8534
2012-11-07,6.9136
2012-11-06,7.0133
2012-11-05,7.0361
2012-11-02,7.1102
2012-11-01,7.1660
2012-10-31,7.2453
2012-10-26,7.3632
2012-10-25,7.4864
2012-10-24,7.6077
2012-10-23,7.7235
2012-10-22,7.8396
2012-10-19,7.9015
2012-10-18,7.9334
2012-10-17,7.8699
2012-10-16,7.8116
2012-10-15,7.7756
2012-10-12,7.7898
2012-10-11,7.8149
2012-10-10,7.8098
2012-10-09,7.8096
2012-10-08,7.7649
2012-10-05,7.6674
2012-10-04,7.5513
2012-10-03,7.4595
2012-10-02,7.3965
2012-10-01,7.3420
2012-09-28,7.2786
2012-09-27,7.2486
2012-09-26,7.2181
2012-09-25,7.2170
2012-09-24,7.1701
2012-09-21,7.0778
2012-09-20,6.9514
2012-09-19,6.8421
2012-09-18,6.6963
2012-09-17,6.5600
2012-09-14,6.4152
2012-09-13,6.2571
2012-09-12,6.1305
2012-09-11,6.0848
2012-09-10,6.0432
2012-09-07,6.0010
2012-09-06,5.9479
2012-09-05,5.9137
2012-09-04,5.9620
2012-08-31,6.0111
2012-08-30,6.0517
2012-08-29,6.1038
2012-08-28,6.1199
2012-08-27,6.1375
2012-08-24,6.1418
2012-08-23,6.1555
2012-08-22,6.1601
2012-08-21,6.1411
2012-08-20,6.1065
2012-08-17,6.0989
2012-08-16,6.0817
2012-08-15,6.0683
2012-08-14,6.0858
2012-08-13,6.1036
2012-08-10,6.1350
2012-08-09,6.1669
2012-08-08,6.1885
2012-08-07,6.2161
2012-08-06,6.2441
2012-08-03,6.2952
2012-08-02,6.3639
2012-08-01,6.4503
2012-07-31,6.5209
2012-07-30,6.5734
2012-07-27,6.6195
2012-07-26,6.6742
2012-07-25,6.7627
2012-07-24,6.7879
2012-07-23,6.8136
2012-07-20,6.8655
2012-07-19,6.9654
2012-07-18,7.0362
2012-07-17,7.1250
2012-07-16,7.2435
2012-07-13,7.3368
2012-07-12,7.4316
2012-07-11,7.4720
2012-07-10,7.5380
2012-07-09,7.6148
2012-07-06,7.7264
2012-07-05,7.8444
2012-07-03,7.9410
2012-07-02,8.0374
2012-06-29,8.1625
2012-06-28,8.2985
2012-06-27,8.3332
2012-06-26,8.3918
2012-06-25,8.4155
2012-06-22,8.4395
2012-06-21,8.5162
2012-06-20,8.5943
2012-06-19,8.7340
2012-06-18,8.8760
2012-06-15,8.9808
2012-06-14,9.0704
2012-06-13,9.1276
2012-06-12,9.1630
2012-06-11,9.1885
2012-06-08,9.2177
2012-06-07,9.2131
2012-06-06,9.2229
2012-06-05,9.1830
2012-06-04,9.0373
2012-06-01,8.8688
2012-05-31,8.7266
2012-05-30,8.6448
2012-05-29,8.5978
2012-05-25,8.5756
2012-05-24,8.5111
2012-05-23,8.4452
2012-05-22,8.3649
2012-05-21,8.3243
2012-05-18,8.2357
2012-05-17,8.1291
2012-05-16,8.0596
2012-05-15,8.0522
2012-05-14,8.0567
2012-05-11,8.0884
2012-05-10,8.1624
2012-05-09,8.2574
2012-05-08,8.3461
2012-05-07,8.4522
2012-05-04,8.5738
2012-05-03,8.6829
2012-05-02,8.7162
2012-05-01,8.7297
2012-04-30,8.7365
2012-04-27,8.7835
2012-04-26,8.8187
2012-04-25,8.8697
2012-04-24,8.9577
2012-04-23,9.1028
2012-04-20,9.2503
2012-04-19,9.3334
2012-04-18,9.4179
2012-04-17,9.4545
2012-04-16,9.4917
2012-04-13,9.5735
2012-04-12,9.6399
2012-04-11,9.7075
2012-04-10,9.8214
2012-04-09,9.9373
2012-04-05,9.9775
2012-04-04,9.9606
2012-04-03,9.9387
2012-04-02,9.8739
2012-03-30,9.8080
2012-03-29,9.7767
2012-03-28,9.7621
2012-03-27,9.7252
2012-03-26,9.6279
2012-03-23,9.5368
2012-03-22,9.4980
2012-03-21,9.4511
2012-03-20,9.3549
2012-03-19,9.2570
2012-03-16,9.1382
2012-03-15,9.0414
2012-03-14,8.9526
2012-03-13,8.8719
2012-03-12,8.7996
2012-03-09,8.7970
2012-03-08,8.7944
2012-03-07,8.8108
2012-03-06,8.8723
2012-03-05,8.9348
2012-03-02,8.9276
2012-03-01,8.8923
2012-02-29,8.8563
2012-02-28,8.8197
2012-02-27,8.7974
2012-02-24,8.7782
2012-02-23,8.7274
2012-02-22,8.6893
2012-02-21,8.6388
2012-02-17,8.5782
2012-02-16,8.5288
2012-02-15,8.4909
2012-02-14,8.4611
2012-02-13,8.4436
2012-02-10,8.4183
2012-02-09,8.3984
2012-02-08,8.3541
2012-02-07,8.3178
2012-02-06,8.2856
2012-02-03,8.2656
2012-02-02,8.2453
2012-02-01,8.2672
2012-01-31,8.2894
2012-01-30,8.3361
2012-01-27,8.3977
2012-01-26,8.4269
2012-01-25,8.4511
2012-01-24,8.4890
2012-01-23,8.5598
2012-01-20,8.6207
2012-01-19,8.7006
2012-01-18,8.7819
2012-01-17,8.8835
2012-01-13,9.0000
2012-01-12,9.1397
2012-01-11,9.2600
2012-01-10,9.3901
2012-01-09,9.5224
2012-01-06,9.6741
2012-01-05,9.8280
2012-01-04,9.9845
2012-01-03,10.1330
2011-12-30,10.2840
2011-12-29,10.3868
2011-12-28,10.4899
2011-12-27,10.5948
2011-12-23,10.7324
2011-12-22,10.8629
2011-12-21,10.9710
2011-12-20,11.0562
2011-12-19,11.1374
2011-12-16,11.1750
2011-12-15,11.2403
2011-12-14,11.2933
2011-12-13,11.3472
2011-12-12,11.4226
2011-12-09,11.5156
2011-12-08,11.6253
2011-12-07,11.7368
2011-12-06,11.8778
2011-12-05,12.0385
2011-12-02,12.2020
2011-12-01,12.3537
2011-11-30,12.4886
2011-11-29,12.6170
2011-11-28,12.6494
2011-11-25,12.6673
2011-11-23,12.6258
2011-11-22,12.5893
2011-11-21,12.5887
2011-11-18,12.5908
2011-11-17,12.6465
2011-11-16,12.7032
2011-11-15,12.8123
2011-11-14,12.9408
2011-11-11,13.0762
2011-11-10,13.2139
2011-11-09,13.3080
2011-11-08,13.4037
2011-11-07,13.5562
2011-11-04,13.6763
2011-11-03,13.7965
2011-11-02,13.9188
2011-11-01,13.9975
2011-10-31,14.0776
2011-10-28,14.2305
2011-10-27,14.4339
2011-10-26,14.6407
2011-10-25,14.7483
2011-10-24,14.8691
2011-10-21,15.0155
2011-10-20,15.1243
2011-10-19,15.1891
2011-10-18,15.2721
2011-10-17,15.3565
2011-10-14,15.4223
2011-10-13,15.5024
2011-10-12,15.5439
2011-10-11,15.5963
2011-10-10,15.6000
2011-10-07,15.5935
2011-10-06,15.5296
2011-10-05,15.4501
2011-10-04,15.3203
2011-10-03,15.1339
2011-09-30,14.9823
2011-09-29,14.8821
2011-09-28,14.7951
2011-09-27,14.7247
2011-09-26,14.6759
2011-09-23,14.5434
2011-09-22,14.3468
2011-09-21,14.1468
2011-09-20,14.0330
2011-09-19,13.9841
2011-09-16,13.9193
2011-09-15,13.8851
2011-09-14,13.8200
2011-09-13,13.7349
2011-09-12,13.5735
2011-09-09,13.3678
2011-09-08,13.1808
2011-09-07,13.0572
2011-09-06,12.9141
2011-09-02,12.6923
2011-09-01,12.5258
2011-08-31,12.4265
2011-08-30,12.3377
2011-08-29,12.2137
2011-08-26,12.0560
2011-08-25,11.7978
2011-08-24,11.5752
2011-08-23,11.3062
2011-08-22,10.9737
2011-08-19,10.5719
2011-08-18,10.1650
2011-08-17,9.7680
2011-08-16,9.4724
2011-08-15,9.1554
2011-08-12,8.8331
2011-08-11,8.4457
2011-08-10,8.0410
2011-08-09,7.5719
2011-08-08,7.0948
2011-08-05,6.6437
2011-08-04,6.2889
2011-08-03,6.0044
2011-08-02,5.8104
2011-08-01,5.6714
2011-07-29,5.5964
2011-07-28,5.5474
2011-07-27,5.5542
2011-07-26,5.5767
2011-07-25,5.6445
2011-07-22,5.7075
2011-07-21,5.7485
2011-07-20,5.7901
2011-07-19,5.8818
2011-07-18,5.9662
2011-07-15,6.0042
2011-07-14,6.0866
2011-07-13,6.1705
2011-07-12,6.2641
2011-07-11,6.3648
2011-07-08,6.4665
2011-07-07,6.5025
2011-07-06,6.5154
2011-07-05,6.5861
2011-07-01,6.6445
2011-06-30,6.7040
2011-06-29,6.7981
2011-06-28,6.8424
2011-06-27,6.8352
2011-06-24,6.7757
2011-06-23,6.7109
2011-06-22,6.6450
2011-06-21,6.6661
2011-06-20,6.6833
2011-06-17,6.6252
2011-06-16,6.5633
2011-06-15,6.4747
2011-06-14,6.3983
2011-06-13,6.3581
2011-06-10,6.2471
2011-06-09,6.1437
2011-06-08,6.0801
2011-06-07,5.9810
2011-06-06,5.9071
2011-06-03,5.8320
2011-06-02,5.8050
2011-06-01,5.8074
2011-05-31,5.8419
2011-05-27,5.9327
2011-05-26,5.9956
2011-05-25,6.0325
2011-05-24,6.0581
2011-05-23,6.0746
2011-05-20,6.0915
2011-05-19,6.1812
2011-05-18,6.2752
2011-05-17,6.3711
2011-05-16,6.4190
2011-05-13,6.5046
2011-05-12,6.6122
2011-05-11,6.7215
2011-05-10,6.8143
2011-05-09,6.8566
2011-05-06,6.9410
2011-05-05,7.0269
2011-05-04,7.1408
2011-05-03,7.2032
2011-05-02,7.2307
2011-04-29,7.2169
2011-04-28,7.2270
2011-04-27,7.2487
2011-04-26,7.2878
2011-04-25,7.3600
2011-04-21,7.4842
2011-04-20,7.6047
2011-04-19,7.7193
2011-04-18,7.7468
2011-04-15,7.7747
2011-04-14,7.8833
2011-04-13,7.9660
2011-04-12,8.0796
2011-04-11,8.1965
2011-04-08,8.3042
2011-04-07,8.4052
2011-04-06,8.4916
2011-04-05,8.5590
2011-04-04,8.6323
2011-04-01,8.7129
2011-03-31,8.7948
2011-03-30,8.9108
2011-03-29,9.0288
2011-03-28,9.1644
2011-03-25,9.3168
2011-03-24,9.4741
2011-03-23,9.6030
2011-03-22,9.6883
2011-03-21,9.8095
2011-03-18,9.9327
2011-03-17,10.0083
2011-03-16,10.0410
2011-03-15,10.0743
2011-03-14,10.1543
2011-03-11,10.3130
2011-03-10,10.4497
2011-03-09,10.5790
2011-03-08,10.6282
2011-03-07,10.6782
2011-03-04,10.7292
2011-03-03,10.7411
2011-03-02,10.7532
2011-03-01,10.8364
2011-02-28,10.9048
2011-02-25,10.9065
2011-02-24,10.9428
2011-02-23,11.0194
2011-02-22,11.0721
2011-02-18,11.0633
2011-02-17,10.9167
2011-02-16,10.7774
2011-02-15,10.6506
2011-02-14,10.5493
2011-02-11,10.4338
2011-02-10,10.3246
2011-02-09,10.2445
2011-02-08,10.1463
2011-02-07,10.0405
2011-02-04,9.9405
2011-02-03,9.8841
2011-02-02,9.8362
2011-02-01,9.7478
2011-01-31,9.6578
2011-01-28,9.6517
2011-01-27,9.6455
2011-01-26,9.5389
2011-01-25,9.4365
2011-01-24,9.3660
2011-01-21,9.2870
2011-01-20,9.2094
2011-01-19,9.1615
2011-01-18,9.0734
2011-01-14,8.9238
2011-01-13,8.7823
2011-01-12,8.6635
2011-01-11,8.5427
2011-01-10,8.4570
2011-01-07,8.3925
2011-01-06,8.3270
2011-01-05,8.2159
2011-01-04,8.1049
2011-01-03,8.0054
2010-12-31,7.9042
2010-12-30,7.8660
2010-12-29,7.8168
2010-12-28,7.7549
2010-12-27,7.7023
2010-12-23,7.6544
2010-12-22,7.5936
2010-12-21,7.5277
2010-12-20,7.4737
2010-12-17,7.4396
2010-12-16,7.4211
2010-12-15,7.4100
2010-12-14,7.3937
2010-12-13,7.3593
2010-12-10,7.3149
2010-12-09,7.2921
2010-12-08,7.2891
2010-12-07,7.3069
2010-12-06,7.3096
2010-12-03,7.3456
2010-12-02,7.3831
2010-12-01,7.4343
2010-11-30,7.5387
2010-11-29,7.6094
2010-11-26,7.6814
2010-11-24,7.8049
2010-11-23,7.9306
2010-11-22,8.0348
2010-11-19,8.1698
2010-11-18,8.2908
2010-11-17,8.4140
2010-11-16,8.5103
2010-11-15,8.6083
2010-11-12,8.7082
2010-11-11,8.8098
2010-11-10,8.8716
2010-11-09,8.9344
2010-11-08,8.9799
2010-11-05,8.9913
2010-11-04,8.9918
2010-11-03,9.0121
2010-11-02,9.1150
2010-11-01,9.2025
2010-10-29,9.2918
2010-10-28,9.4205
2010-10-27,9.5514
2010-10-26,9.7054
2010-10-25,9.8396
2010-10-22,9.9494
2010-10-21,10.1054
2010-10-20,10.2640
2010-10-19,10.4269
2010-10-18,10.5768
2010-10-15,10.7288
2010-10-14,10.8990
2010-10-13,11.0805
2010-10-12,11.2483
2010-10-11,11.4165
2010-10-08,11.6099
2010-10-07,11.8034
2010-10-06,11.9864
2010-10-05,12.1845
2010-10-04,12.3859
2010-10-01,12.5396
2010-09-30,12.7213
2010-09-29,12.9061
2010-09-28,13.0643
2010-09-27,13.2251
2010-09-24,13.4210
2010-09-23,13.6167
2010-09-22,13.7743
2010-09-21,13.9628
2010-09-20,14.1696
2010-09-17,14.3673
2010-09-16,14.5226
2010-09-15,14.6595
2010-09-14,14.7987
2010-09-13,14.9431
2010-09-10,15.0782
2010-09-09,15.1710
2010-09-08,15.2633
2010-09-07,15.3329
2010-09-03,15.4015
2010-09-02,15.4779
2010-09-01,15.5043
2010-08-31,15.5002
2010-08-30,15.3996
2010-08-27,15.3171
2010-08-26,15.2332
2010-08-25,15.1619
2010-08-24,15.0819
2010-08-23,15.0173
2010-08-20,15.0030
2010-08-19,14.9671
2010-08-18,14.9479
2010-08-17,14.9677
2010-08-16,14.9879
2010-08-13,14.9466
2010-08-12,14.9289
2010-08-11,14.9109
2010-08-10,14.9232
2010-08-09,14.9978
2010-08-06,15.1000
2010-08-05,15.1828
2010-08-04,15.2998
2010-08-03,15.4207
2010-08-02,15.5327
2010-07-30,15.6465
2010-07-29,15.6926
2010-07-28,15.7523
2010-07-27,15.8405
2010-07-26,15.9483
2010-07-23,16.0383
2010-07-22,16.0921
2010-07-21,16.1257
2010-07-20,16.1305
2010-07-19,16.1181
2010-07-16,16.0734
2010-07-15,16.0332
2010-07-14,16.0341
2010-07-13,16.0528
2010-07-12,16.0718
2010-07-09,16.0276
2010-07-08,15.9736
2010-07-07,15.8947
2010-07-06,15.7780
2010-07-02,15.5927
2010-07-01,15.3686
2010-06-30,15.1406
2010-06-29,14.9452
2010-06-28,14.7613
2010-06-25,14.6567
2010-06-24,14.5504
2010-06-23,14.4511
2010-06-22,14.3829
2010-06-21,14.3352
2010-06-18,14.3220
2010-06-17,14.2729
2010-06-16,14.2113
2010-06-15,14.1518
2010-06-14,14.0805
2010-06-11,13.9745
2010-06-10,13.8184
2010-06-09,13.6438
2010-06-08,13.4297
2010-06-07,13.1579
2010-06-04,12.8974
2010-06-03,12.6547
2010-06-02,12.4773
2010-06-01,12.2703
2010-05-28,12.0456
2010-05-27,11.8508
2010-05-26,11.6526
2010-05-25,11.4038
2010-05-24,11.0895
2010-05-21,10.8406
2010-05-20,10.5873
2010-05-19,10.3664
2010-05-18,10.2141
2010-05-17,10.1035
2010-05-14,9.9648
2010-05-13,9.8541
2010-05-12,9.8282
2010-05-11,9.7991
2010-05-10,9.7606
2010-05-07,9.6966
2010-05-06,9.5176
2010-05-05,9.3355
2010-05-04,9.4551
2010-05-03,9.6134
2010-04-30,9.6860
2010-04-29,9.7599
2010-04-28,9.8038
2010-04-27,9.9059
2010-04-26,10.0097
2010-04-23,9.9775
2010-04-22,9.9547
2010-04-21,9.9592
2010-04-20,9.9211
2010-04-19,9.8918
2010-04-16,9.9046
2010-04-15,9.9025
2010-04-14,9.7893
2010-04-13,9.6868
2010-04-12,9.6282
2010-04-09,9.5375
2010-04-08,9.4632
2010-04-07,9.4121
2010-04-06,9.3491
2010-04-05,9.2564
2010-04-01,9.1779
2010-03-31,9.1229
2010-03-30,9.0945
2010-03-29,9.0497
2010-03-26,9.0161
2010-03-25,8.9855
2010-03-24,8.9367
2010-03-23,8.9169
2010-03-22,8.8968
2010-03-19,8.9032
2010-03-18,8.8983
2010-03-17,8.8661
2010-03-16,8.8333
2010-03-15,8.8362
2010-03-12,8.8753
2010-03-11,8.8901
2010-03-10,8.9175
2010-03-09,8.9530
2010-03-08,9.0002
2010-03-05,9.0648
2010-03-04,9.1369
2010-03-03,9.2719
2010-03-02,9.4091
2010-03-01,9.5574
2010-02-26,9.7012
2010-02-25,9.8114
2010-02-24,9.9079
2010-02-23,10.0427
2010-02-22,10.1797
2010-02-19,10.3334
2010-02-18,10.4898
2010-02-17,10.6650
2010-02-16,10.8201
2010-02-12,10.9567
2010-02-11,11.0221
2010-02-10,11.0887
2010-02-09,11.1297
2010-02-08,11.1739
2010-02-05,11.1849
2010-02-04,11.1788
2010-02-03,11.2363
2010-02-02,11.4146
2010-02-01,11.5960
2010-01-29,11.7157
2010-01-28,11.8375
2010-01-27,11.9884
2010-01-26,12.1602
2010-01-25,12.3620
2010-01-22,12.5656
2010-01-21,12.7726
2010-01-20,12.8806
2010-01-19,12.9256
2010-01-15,12.9411
2010-01-14,12.9667
2010-01-13,12.9343
2010-01-12,12.9084
2010-01-11,12.8984
2010-01-08,12.8394
2010-01-07,12.7946
2010-01-06,12.7593
2010-01-05,12.7348
2010-01-04,12.7187
2009-12-31,12.7119
2009-12-30,12.7266
2009-12-29,12.7098
2009-12-28,12.6739
2009-12-24,12.6374
2009-12-23,12.6132
2009-12-22,12.6048
2009-12-21,12.6005
2009-12-18,12.6047
2009-12-17,12.6554
2009-12-16,12.6988
2009-12-15,12.6924
2009-12-14,12.6927
2009-12-11,12.6826
2009-12-10,12.6924
2009-12-09,12.7096
2009-12-08,12.7569
2009-12-07,12.7942
2009-12-04,12.7827
2009-12-03,12.7710
2009-12-02,12.7502
2009-12-01,12.7025
2009-11-30,12.6638
2009-11-27,12.6699
2009-11-25,12.6762
2009-11-24,12.5977
2009-11-23,12.5286
2009-11-20,12.4583
2009-11-19,12.4396
2009-11-18,12.4142
2009-11-17,12.3302
2009-11-16,12.2464
2009-11-13,12.1613
2009-11-12,12.1208
2009-11-11,12.0797
2009-11-10,12.0026
2009-11-09,11.9500
2009-11-06,11.9060
2009-11-05,11.9264
2009-11-04,11.9623
2009-11-03,12.0164
2009-11-02,12.1186
2009-10-30,12.2225
2009-10-29,12.3135
2009-10-28,12.3682
2009-10-27,12.4348
2009-10-26,12.4330
2009-10-23,12.4132
2009-10-22,12.3526
2009-10-21,12.2927
2009-10-20,12.2064
2009-10-19,12.0971
2009-10-16,11.9848
2009-10-15,11.8853
2009-10-14,11.7653
2009-10-13,11.6521
2009-10-12,11.5853
2009-10-09,11.4986
2009-10-08,11.4322
2009-10-07,11.3670
2009-10-06,11.3355
2009-10-05,11.3035
2009-10-02,11.3217
2009-10-01,11.3754
2009-09-30,11.3963
2009-09-29,11.3552
2009-09-28,11.2700
2009-09-25,11.1958
2009-09-24,11.1533
2009-09-23,11.0924
2009-09-22,10.9745
2009-09-21,10.8719
2009-09-18,10.7856
2009-09-17,10.6717
2009-09-16,10.5559
2009-09-15,10.4541
2009-09-14,10.3854
2009-09-11,10.3329
2009-09-10,10.2672
2009-09-09,10.2114
2009-09-08,10.1761
2009-09-04,10.1689
2009-09-03,10.1890
2009-09-02,10.2476
2009-09-01,10.3164
2009-08-31,10.3719
2009-08-28,10.3654
2009-08-27,10.3285
2009-08-26,10.3082
2009-08-25,10.2685
2009-08-24,10.2117
2009-08-21,10.1592
2009-08-20,10.1278
2009-08-19,10.1476
2009-08-18,10.1944
2009-08-17,10.2666
2009-08-14,10.3399
2009-08-13,10.3611
2009-08-12,10.3615
2009-08-11,10.3630
2009-08-10,10.3836
2009-08-07,10.3761
2009-08-06,10.3684
2009-08-05,10.3873
2009-08-04,10.4006
2009-08-03,10.4066
2009-07-31,10.4218
2009-07-30,10.4646
2009-07-29,10.5081
2009-07-28,10.6026
2009-07-27,10.6966
2009-07-24,10.7835
2009-07-23,10.8790
2009-07-22,10.9771
2009-07-21,11.1283
2009-07-20,11.2909
2009-07-17,11.4693
2009-07-16,11.6505
2009-07-15,11.8347
2009-07-14,11.9952
2009-07-13,12.0798
2009-07-10,12.1519
2009-07-09,12.1736
2009-07-08,12.2093
2009-07-07,12.2425
2009-07-06,12.3017
2009-07-02,12.3776
2009-07-01,12.4794
2009-06-30,12.6448
2009-06-29,12.8079
2009-06-26,12.9822
2009-06-25,13.1433
2009-06-24,13.3056
2009-06-23,13.4425
2009-06-22,13.5485
2009-06-19,13.6663
2009-06-18,13.8414
2009-06-17,14.0057
2009-06-16,14.1636
2009-06-15,14.3430
2009-06-12,14.5451
2009-06-11,14.7903
2009-06-10,15.0338
2009-06-09,15.2798
2009-06-08,15.5274
2009-06-05,15.7807
2009-06-04,16.0194
2009-06-03,16.2842
2009-06-02,16.5534
2009-06-01,16.7922
2009-05-29,17.0387
2009-05-28,17.3003
2009-05-27,17.5406
2009-05-26,17.7948
2009-05-22,18.0483
2009-05-21,18.2696
2009-05-20,18.4946
2009-05-19,18.7718
2009-05-18,19.0342
2009-05-15,19.2858
2009-05-14,19.5103
2009-05-13,19.7463
2009-05-12,19.9869
2009-05-11,20.2605
2009-05-08,20.5653
2009-05-07,20.8759
2009-05-06,21.1905
2009-05-05,21.4899
2009-05-04,21.7661
2009-05-01,22.0470
2009-04-30,22.2703
2009-04-29,22.5021
2009-04-28,22.7226
2009-04-27,22.9058
2009-04-24,23.1061
2009-04-23,23.3099
2009-04-22,23.4731
2009-04-21,23.6482
2009-04-20,23.7991
2009-04-17,23.9621
2009-04-16,24.1788
2009-04-15,24.3870
2009-04-14,24.5585
2009-04-13,24.7411
2009-04-09,24.9356
2009-04-08,25.1167
2009-04-07,25.2344
2009-04-06,25.3542
2009-04-03,25.4895
2009-04-02,25.6334
2009-04-01,25.7797
2009-03-31,25.8548
2009-03-30,25.9427
2009-03-27,26.0288
2009-03-26,26.1688
2009-03-25,26.3121
2009-03-24,26.4439
2009-03-23,26.5999
2009-03-20,26.7580
2009-03-19,26.8409
2009-03-18,26.9487
2009-03-17,27.0580
2009-03-16,27.1115
2009-03-13,27.1575
2009-03-12,27.1661
2009-03-11,27.1613
2009-03-10,27.1067
2009-03-09,27.0210
2009-03-06,26.8728
2009-03-05,26.7221
2009-03-04,26.5822
2009-03-03,26.4650
2009-03-02,26.3148
2009-02-27,26.1710
2009-02-26,26.0675
2009-02-25,25.9843
2009-02-24,25.9011
2009-02-23,25.8054
2009-02-20,25.7081
2009-02-19,25.6238
2009-02-18,25.5667
2009-02-17,25.5129
2009-02-13,25.4693
2009-02-12,25.4720
2009-02-11,25.4658
2009-02-10,25.4784
2009-02-09,25.4922
2009-02-06,25.5586
2009-02-05,25.6170
2009-02-04,25.6322
2009-02-03,25.6601
2009-02-02,25.6683
2009-01-30,25.6507
2009-01-29,25.6440
2009-01-28,25.6663
2009-01-27,25.6910
2009-01-26,25.6568
2009-01-23,25.6221
2009-01-22,25.5564
2009-01-21,25.4957
2009-01-20,25.4341
2009-01-16,25.3716
2009-01-15,25.3386
2009-01-14,25.2915
2009-01-13,25.2669
2009-01-12,25.2722
2009-01-09,25.2803
2009-01-08,25.3180
2009-01-07,25.3670
2009-01-06,25.4236
2009-01-05,25.5125
2009-01-02,25.5890
2008-12-31,25.6632
2008-12-30,25.6920
2008-12-29,25.6837
2008-12-26,25.6406
2008-12-24,25.6074
2008-12-23,25.5658
2008-12-22,25.5235
2008-12-19,25.4805
2008-12-18,25.4648
2008-12-17,25.4488
2008-12-16,25.4527
2008-12-15,25.4490
2008-12-12,25.3897
2008-12-11,25.3269
2008-12-10,25.2807
2008-12-09,25.2511
2008-12-08,25.2211
2008-12-05,25.1905
2008-12-04,25.0890
2008-12-03,25.0006
2008-12-02,24.9062
2008-12-01,24.7692
2008-11-28,24.6299
2008-11-26,24.5504
2008-11-25,24.4541
2008-11-24,24.3219
2008-11-21,24.1814
2008-11-20,23.9161
2008-11-19,23.6521
2008-11-18,23.4353
2008-11-17,23.2341
2008-11-14,23.0505
2008-11-13,22.8841
2008-11-12,22.7073
2008-11-11,22.5587
2008-11-10,22.4425
2008-11-07,22.3481
2008-11-06,22.2129
2008-11-05,22.0755
2008-11-04,21.9884
2008-11-03,21.9232
2008-10-31,21.7957
2008-10-30,21.6660
2008-10-29,21.4930
2008-10-28,21.3171
2008-10-27,21.0802
2008-10-24,20.7428
2008-10-23,20.4051
2008-10-22,20.0666
2008-10-21,19.7378
2008-10-20,19.4763
2008-10-17,19.2102
2008-10-16,18.9381
2008-10-15,18.5843
2008-10-14,18.2605
2008-10-13,18.0012
2008-10-10,17.6535
2008-10-09,17.1267
2008-10-08,16.6577
2008-10-07,16.2483
2008-10-06,15.8619
2008-10-03,15.4833
2008-10-02,15.2206
2008-10-01,14.9736
2008-09-30,14.7687
2008-09-29,14.5602
2008-09-26,14.3483
2008-09-25,14.2732
2008-09-24,14.1976
2008-09-23,14.0569
2008-09-22,13.9272
2008-09-19,13.8298
2008-09-18,13.7449
2008-09-17,13.4978
2008-09-16,13.2874
2008-09-15,13.0988
2008-09-12,12.9530
2008-09-11,12.8927
2008-09-10,12.8153
2008-09-09,12.7589
2008-09-08,12.7082
2008-09-05,12.7084
2008-09-04,12.6154
2008-09-03,12.5569
2008-09-02,12.5784
2008-08-29,12.6174
2008-08-28,12.6848
2008-08-27,12.7561
2008-08-26,12.7792
2008-08-25,12.7722
2008-08-22,12.7692
2008-08-21,12.7981
2008-08-20,12.7899
2008-08-19,12.7640
2008-08-18,12.7424
2008-08-15,12.7483
2008-08-14,12.7951
2008-08-13,12.8366
2008-08-12,12.8600
2008-08-11,12.9106
2008-08-08,12.9766
2008-08-07,12.9968
2008-08-06,12.9815
2008-08-05,12.9945
2008-08-04,12.9863
2008-08-01,12.8982
2008-07-31,12.8252
2008-07-30,12.7782
2008-07-29,12.7284
2008-07-28,12.6073
2008-07-25,12.4736
2008-07-24,12.3774
2008-07-23,12.2796
2008-07-22,12.2386
2008-07-21,12.1508
2008-07-18,12.0282
2008-07-17,11.8845
2008-07-16,11.7384
2008-07-15,11.5313
2008-07-14,11.2807
2008-07-11,11.0795
2008-07-10,10.8757
2008-07-09,10.6941
2008-07-08,10.5274
2008-07-07,10.3467
2008-07-03,10.1621
2008-07-02,9.9999
2008-07-01,9.8565
2008-06-30,9.6878
2008-06-27,9.5485
2008-06-26,9.4040
2008-06-25,9.2827
2008-06-24,9.2355
2008-06-23,9.1562
2008-06-20,9.1028
2008-06-19,9.0486
2008-06-18,9.0340
2008-06-17,9.0267
2008-06-16,9.0641
2008-06-13,9.0964
2008-06-12,9.1152
2008-06-11,9.1129
2008-06-10,9.1212
2008-06-09,9.1710
2008-06-06,9.2216
2008-06-05,9.2970
2008-06-04,9.4205
2008-06-03,9.5005
2008-06-02,9.5818
2008-05-30,9.6847
2008-05-29,9.8441
2008-05-28,10.0063
2008-05-27,10.1293
2008-05-23,10.2434
2008-05-22,10.3612
2008-05-21,10.5246
2008-05-20,10.6908
2008-05-19,10.8293
2008-05-16,10.9350
2008-05-15,11.0804
2008-05-14,11.2320
2008-05-13,11.3972
2008-05-12,11.5786
2008-05-09,11.7571
2008-05-08,11.9139
2008-05-07,12.0870
2008-05-06,12.2676
2008-05-05,12.4663
2008-05-02,12.6683
2008-05-01,12.8689
2008-04-30,13.0694
2008-04-29,13.2593
2008-04-28,13.4331
2008-04-25,13.6285
2008-04-24,13.8177
2008-04-23,14.0066
2008-04-22,14.1744
2008-04-21,14.3415
2008-04-18,14.5327
2008-04-17,14.7271
2008-04-16,14.8581
2008-04-15,14.9834
2008-04-14,15.0394
2008-04-11,15.0908
2008-04-10,15.1534
2008-04-09,15.2567
2008-04-08,15.3618
2008-04-07,15.4910
2008-04-04,15.6404
2008-04-03,15.7780
2008-04-02,15.9052
2008-04-01,16.0404
2008-03-31,16.1594
2008-03-28,16.1757
2008-03-27,16.1926
2008-03-26,16.2342
2008-03-25,16.2974
2008-03-24,16.3711
2008-03-20,16.4461
2008-03-19,16.4494
2008-03-18,16.4586
2008-03-17,16.4405
2008-03-14,16.3051
2008-03-13,16.1986
2008-03-12,16.1034
2008-03-11,16.0537
2008-03-10,15.9679
2008-03-07,15.8065
2008-03-06,15.6596
2008-03-05,15.5486
2008-03-04,15.4674
2008-03-03,15.3463
2008-02-29,15.2470
2008-02-28,15.1562
2008-02-27,15.1391
2008-02-26,15.1402
2008-02-25,15.1385
2008-02-22,15.0999
2008-02-21,15.0018
2008-02-20,14.9264
2008-02-19,14.8372
2008-02-15,14.7633
2008-02-14,14.6369
2008-02-13,14.5261
2008-02-12,14.4201
2008-02-11,14.2913
2008-02-08,14.0983
2008-02-07,13.9034
2008-02-06,13.7051
2008-02-05,13.5169
2008-02-04,13.3473
2008-02-01,13.2563
2008-01-31,13.1637
2008-01-30,13.0395
2008-01-29,12.9501
2008-01-28,12.7976
2008-01-25,12.6094
2008-01-24,12.4278
2008-01-23,12.2023
2008-01-22,11.9230
2008-01-18,11.5842
2008-01-17,11.3074
2008-01-16,11.0604
2008-01-15,10.8771
2008-01-14,10.7258
2008-01-11,10.6222
2008-01-10,10.5169
2008-01-09,10.4108
2008-01-08,10.2389
2008-01-07,10.0850
2008-01-04,9.9625
2008-01-03,9.8556
2008-01-02,9.8250
2007-12-31,9.7939
2007-12-28,9.8209
2007-12-27,9.8657
2007-12-26,9.9222
2007-12-24,10.0125
2007-12-21,10.1008
2007-12-20,10.1544
2007-12-19,10.1355
2007-12-18,10.1162
2007-12-17,10.0833
2007-12-14,10.0740
2007-12-13,10.1216
2007-12-12,10.1738
2007-12-11,10.2268
2007-12-10,10.3007
2007-12-07,10.4534
2007-12-06,10.5868
2007-12-05,10.7149
2007-12-04,10.7807
2007-12-03,10.8024
2007-11-30,10.8488
2007-11-29,10.8982
2007-11-28,10.9018
2007-11-27,10.8987
2007-11-26,10.7563
2007-11-23,10.6115
2007-11-21,10.4915
2007-11-20,10.3542
2007-11-19,10.2231
2007-11-16,10.1161
2007-11-15,10.0401
2007-11-14,9.9628
2007-11-13,9.9414
2007-11-12,9.8846
2007-11-09,9.7720
2007-11-08,9.6820
2007-11-07,9.5950
2007-11-06,9.5695
2007-11-05,9.6090
2007-11-02,9.6166
2007-11-01,9.6313
2007-10-31,9.6858
2007-10-30,9.8078
2007-10-29,9.8888
2007-10-26,9.9916
2007-10-25,10.0664
2007-10-24,10.1014
2007-10-23,10.1165
2007-10-22,10.1725
2007-10-19,10.1886
2007-10-18,10.2336
2007-10-17,10.3766
2007-10-16,10.5221
2007-10-15,10.6976
2007-10-12,10.8613
2007-10-11,10.9835
2007-10-10,11.1079
2007-10-09,11.2678
2007-10-08,11.4308
2007-10-05,11.6242
2007-10-04,11.8208
2007-10-03,11.9644
2007-10-02,12.1104
2007-10-01,12.2711
2007-09-28,12.4344
2007-09-27,12.5520
2007-09-26,12.6826
2007-09-25,12.8058
2007-09-24,12.8954
2007-09-21,13.0118
2007-09-20,13.1375
2007-09-19,13.2599
2007-09-18,13.3935
2007-09-17,13.4704
2007-09-14,13.4278
2007-09-13,13.3880
2007-09-12,13.3475
2007-09-11,13.2711
2007-09-10,13.1685
2007-09-07,13.0274
2007-09-06,12.9071
2007-09-05,12.8295
2007-09-04,12.7506
2007-08-31,12.6847
2007-08-30,12.5652
2007-08-29,12.3962
2007-08-28,12.2071
2007-08-27,12.0149
2007-08-24,11.8996
2007-08-23,11.7824
2007-08-22,11.6368
2007-08-21,11.4626
2007-08-20,11.2504
2007-08-17,11.0213
2007-08-16,10.7832
2007-08-15,10.4090
2007-08-14,10.1013
2007-08-13,9.8398
2007-08-10,9.6381
2007-08-09,9.4155
2007-08-08,9.2519
2007-08-07,9.1527
2007-08-06,8.9863
2007-08-03,8.7250
2007-08-02,8.4746
2007-08-01,8.3030
2007-07-31,8.0910
2007-07-30,7.9217
2007-07-27,7.7002
2007-07-26,7.4895
2007-07-25,7.2954
2007-07-24,7.2317
2007-07-23,7.1856
2007-07-20,7.2413
2007-07-19,7.2980
2007-07-18,7.4140
2007-07-17,7.5203
2007-07-16,7.6028
2007-07-13,7.6867
2007-07-12,7.7755
2007-07-11,7.8973
2007-07-10,7.9057
2007-07-09,7.9314
2007-07-06,8.0374
2007-07-05,8.1361
2007-07-03,8.2077
2007-07-02,8.2869
2007-06-29,8.3349
2007-06-28,8.3742
2007-06-27,8.4581
2007-06-26,8.5035
2007-06-25,8.5786
2007-06-22,8.6646
2007-06-21,8.7894
2007-06-20,8.9351
2007-06-19,9.0535
2007-06-18,9.1076
2007-06-15,9.1439
2007-06-14,9.1809
2007-06-13,9.2738
2007-06-12,9.4193
2007-06-11,9.5694
2007-06-08,9.6899
2007-06-07,9.8503
2007-06-06,9.9988
2007-06-05,10.0241
2007-06-04,9.9834
2007-06-01,9.9017
2007-05-31,9.8187
2007-05-30,9.7566
2007-05-29,9.7177
2007-05-25,9.7175
2007-05-24,9.7382
2007-05-23,9.7592
2007-05-22,9.6830
2007-05-21,9.6201
2007-05-18,9.5522
2007-05-17,9.5157
2007-05-16,9.5048
2007-05-15,9.5079
2007-05-14,9.5110
2007-05-11,9.5325
2007-05-10,9.5763
2007-05-09,9.6208
2007-05-08,9.5982
2007-05-07,9.5954
2007-05-04,9.5651
2007-05-03,9.5373
2007-05-02,9.5405
2007-05-01,9.5631
2007-04-30,9.6419
2007-04-27,9.6918
2007-04-26,9.7076
2007-04-25,9.7098
2007-04-24,9.7186
2007-04-23,9.7871
2007-04-20,9.8216
2007-04-19,9.8689
2007-04-18,9.9677
2007-04-17,10.0578
2007-04-16,10.1601
2007-04-13,10.2921
2007-04-12,10.4275
2007-04-11,10.5380
2007-04-10,10.6614
2007-04-09,10.8265
2007-04-05,10.9911
2007-04-04,11.1420
2007-04-03,11.2708
2007-04-02,11.4019
2007-03-30,11.4549
2007-03-29,11.5088
2007-03-28,11.5838
2007-03-27,11.6638
2007-03-26,11.7991
2007-03-23,11.9366
2007-03-22,12.1245
2007-03-21,12.3094
2007-03-20,12.4975
2007-03-19,12.5513
2007-03-16,12.5584
2007-03-15,12.5323
2007-03-14,12.4952
2007-03-13,12.4120
2007-03-12,12.3878
2007-03-09,12.4631
2007-03-08,12.5397
2007-03-07,12.6045
2007-03-06,12.6300
2007-03-05,12.6363
2007-03-02,12.6056
2007-03-01,12.6362
2007-02-28,12.6673
2007-02-27,12.7792
2007-02-26,12.8930
2007-02-23,12.8592
2007-02-22,12.8027
2007-02-21,12.7286
2007-02-20,12.6640
2007-02-16,12.5983
2007-02-15,12.5518
2007-02-14,12.4925
2007-02-13,12.4340
2007-02-12,12.4468
2007-02-09,12.4904
2007-02-08,12.5205
2007-02-07,12.4827
2007-02-06,12.4170
2007-02-05,12.3654
2007-02-02,12.3174
2007-02-01,12.2638
2007-01-31,12.2237
2007-01-30,12.2101
2007-01-29,12.2687
2007-01-26,12.3394
2007-01-25,12.4113
2007-01-24,12.4474
2007-01-23,12.4445
2007-01-22,12.4915
2007-01-19,12.5394
2007-01-18,12.5544
2007-01-17,12.5697
2007-01-16,12.5547
2007-01-12,12.5466
2007-01-11,12.5528
2007-01-10,12.5814
2007-01-09,12.6731
2007-01-08,12.7684
2007-01-05,12.8690
2007-01-04,12.9598
2007-01-03,13.0348
2006-12-29,13.1111
2006-12-28,13.1301
2006-12-27,13.1145
2006-12-26,13.0986
2006-12-22,13.1331
2006-12-21,13.1681
2006-12-20,13.1668
2006-12-19,13.1139
2006-12-18,13.0638
2006-12-15,12.9732
2006-12-14,12.8472
2006-12-13,12.7398
2006-12-12,12.6821
2006-12-11,12.6379
2006-12-08,12.5666
2006-12-07,12.5016
2006-12-06,12.4141
2006-12-05,12.2959
2006-12-04,12.1787
2006-12-01,12.0783
2006-11-30,12.0180
2006-11-29,11.9030
2006-11-28,11.8106
2006-11-27,11.7831
2006-11-24,11.7303
2006-11-22,11.5470
2006-11-21,11.3374
2006-11-20,11.1453
2006-11-17,10.9499
2006-11-16,10.7662
2006-11-15,10.5648
2006-11-14,10.3712
2006-11-13,10.2069
2006-11-10,10.0736
2006-11-09,9.9714
2006-11-08,9.8553
2006-11-07,9.7229
2006-11-06,9.5903
2006-11-03,9.4891
2006-11-02,9.4364
2006-11-01,9.4003
2006-10-31,9.3361
2006-10-30,9.2300
2006-10-27,9.1132
2006-10-26,8.9778
2006-10-25,8.8150
2006-10-24,8.6778
2006-10-23,8.5672
2006-10-20,8.4567
2006-10-19,8.3887
2006-10-18,8.3224
2006-10-17,8.2551
2006-10-16,8.2059
2006-10-13,8.1066
2006-10-12,8.0235
2006-10-11,7.9533
2006-10-10,7.9321
2006-10-09,7.8785
2006-10-06,7.8319
2006-10-05,7.7845
2006-10-04,7.7142
2006-10-03,7.6605
2006-10-02,7.6668
2006-09-29,7.6538
2006-09-28,7.6072
2006-09-27,7.5598
2006-09-26,7.5127
2006-09-25,7.4819
2006-09-22,7.4871
2006-09-21,7.5519
2006-09-20,7.5914
2006-09-19,7.6149
2006-09-18,7.6730
2006-09-15,7.6969
2006-09-14,7.7223
2006-09-13,7.7830
2006-09-12,7.8448
2006-09-11,7.9373
2006-09-08,8.0468
2006-09-07,8.1750
2006-09-06,8.3055
2006-09-05,8.4150
2006-09-01,8.4718
2006-08-31,8.5435
2006-08-30,8.6481
2006-08-29,8.7545
2006-08-28,8.8717
2006-08-25,8.9910
2006-08-24,9.1422
2006-08-23,9.2873
2006-08-22,9.4349
2006-08-21,9.5809
2006-08-18,9.7238
2006-08-17,9.8691
2006-08-16,10.0244
2006-08-15,10.1838
2006-08-14,10.2957
2006-08-11,10.3712
2006-08-10,10.4091
2006-08-09,10.4477
2006-08-08,10.5025
2006-08-07,10.5748
2006-08-04,10.6695
2006-08-03,10.7697
2006-08-02,10.8258
2006-08-01,10.8802
2006-07-31,10.9110
2006-07-28,10.9799
2006-07-27,11.0500
2006-07-26,11.0984
2006-07-25,11.1376
2006-07-24,11.1701
2006-07-21,11.1529
2006-07-20,11.0745
2006-07-19,11.0366
2006-07-18,10.9940
2006-07-17,10.8283
2006-07-14,10.6869
2006-07-13,10.5431
2006-07-12,10.4488
2006-07-11,10.4206
2006-07-10,10.4024
2006-07-07,10.4054
2006-07-06,10.4084
2006-07-05,10.4447
2006-07-03,10.4816
2006-06-30,10.5376
2006-06-29,10.5735
2006-06-28,10.5921
2006-06-27,10.4672
2006-06-26,10.3457
2006-06-23,10.2417
2006-06-22,10.1359
2006-06-21,10.0215
2006-06-20,9.9051
2006-06-19,9.7364
2006-06-16,9.5647
2006-06-15,9.4253
2006-06-14,9.2835
2006-06-13,8.9794
2006-06-12,8.6818
2006-06-09,8.4310
2006-06-08,8.2302
2006-06-07,8.0090
2006-06-06,7.8716
2006-06-05,7.7158
2006-06-02,7.6035
2006-06-01,7.5642
2006-05-31,7.4935
2006-05-30,7.3199
2006-05-26,7.1457
2006-05-25,7.0299
2006-05-24,6.8627
2006-05-23,6.6313
2006-05-22,6.4488
2006-05-19,6.2278
2006-05-18,6.0193
2006-05-17,5.8347
2006-05-16,5.6755
2006-05-15,5.6316
2006-05-12,5.5653
2006-05-11,5.5327
2006-05-10,5.5818
2006-05-09,5.6247
2006-05-08,5.6314
2006-05-05,5.6353
2006-05-04,5.6405
2006-05-03,5.7222
2006-05-02,5.8169
2006-05-01,5.9044
2006-04-28,5.9934
2006-04-27,6.0655
2006-04-26,6.1456
2006-04-25,6.1849
2006-04-24,6.2260
2006-04-21,6.2359
2006-04-20,6.2264
2006-04-19,6.2167
2006-04-18,6.2546
2006-04-17,6.3017
2006-04-13,6.3582
2006-04-12,6.4330
2006-04-11,6.5294
2006-04-10,6.6274
2006-04-07,6.6835
2006-04-06,6.7334
2006-04-05,6.7258
2006-04-04,6.7007
2006-04-03,6.7081
2006-03-31,6.7017
2006-03-30,6.7342
2006-03-29,6.7542
2006-03-28,6.8036
2006-03-27,6.8537
2006-03-24,6.8543
2006-03-23,6.8549
2006-03-22,6.8646
2006-03-21,6.8744
2006-03-20,6.8843
2006-03-17,6.8417
2006-03-16,6.7865
2006-03-15,6.7304
2006-03-14,6.7072
2006-03-13,6.7197
2006-03-10,6.7974
2006-03-09,6.8952
2006-03-08,7.0048
2006-03-07,7.1158
2006-03-06,7.2275
2006-03-03,7.3126
2006-03-02,7.3442
2006-03-01,7.4128
2006-02-28,7.4826
2006-02-27,7.5536
2006-02-24,7.5560
2006-02-23,7.5902
2006-02-22,7.6250
2006-02-21,7.6604
2006-02-17,7.7092
2006-02-16,7.7417
2006-02-15,7.7751
2006-02-14,7.8563
2006-02-13,7.9549
2006-02-10,8.0577
2006-02-09,8.1622
2006-02-08,8.2864
2006-02-07,8.3921
2006-02-06,8.4954
2006-02-03,8.6308
2006-02-02,8.7685
2006-02-01,8.8680
2006-01-31,8.9071
2006-01-30,8.9469
2006-01-27,8.9443
2006-01-26,8.9502
2006-01-25,9.0116
2006-01-24,9.1006
2006-01-23,9.1632
2006-01-20,9.2456
2006-01-19,9.3295
2006-01-18,9.3042
2006-01-17,9.3055
2006-01-13,9.2620
2006-01-12,9.1885
2006-01-11,9.0978
2006-01-10,8.9837
2006-01-09,8.8924
2006-01-06,8.7922
2006-01-05,8.7147
2006-01-04,8.6852
2006-01-03,8.6637
2005-12-30,8.6704
2005-12-29,8.7701
2005-12-28,8.8209
2005-12-27,8.8564
2005-12-23,8.8926
2005-12-22,8.8649
2005-12-21,8.8456
2005-12-20,8.8261
2005-12-19,8.8374
2005-12-16,8.8349
2005-12-15,8.7771
2005-12-14,8.7154
2005-12-13,8.6526
2005-12-12,8.6085
2005-12-09,8.6088
2005-12-08,8.6134
2005-12-07,8.6180
2005-12-06,8.6093
2005-12-05,8.5408
2005-12-02,8.5127
2005-12-01,8.4621
2005-11-30,8.4142
2005-11-29,8.3933
2005-11-28,8.3185
2005-11-25,8.2425
2005-11-23,8.1085
2005-11-22,7.9722
2005-11-21,7.8774
2005-11-18,7.8124
2005-11-17,7.7800
2005-11-16,7.7834
2005-11-15,7.8486
2005-11-14,7.9149
2005-11-11,7.9480
2005-11-10,7.9903
2005-11-09,8.0520
2005-11-08,8.1486
2005-11-07,8.2691
2005-11-04,8.3843
2005-11-03,8.5112
2005-11-02,8.6383
2005-11-01,8.7462
2005-10-31,8.8081
2005-10-28,8.8711
2005-10-27,8.8526
2005-10-26,8.7955
2005-10-25,8.8057
2005-10-24,8.7979
2005-10-21,8.7772
2005-10-20,8.6665
2005-10-19,8.5538
2005-10-18,8.4284
2005-10-17,8.3403
2005-10-14,8.2849
2005-10-13,8.2003
2005-10-12,8.0602
2005-10-11,7.9466
2005-10-10,7.8831
2005-10-07,7.8353
2005-10-06,7.8172
2005-10-05,7.7989
2005-10-04,7.8657
2005-10-03,7.9464
2005-09-30,7.9469
2005-09-29,7.9721
2005-09-28,8.0033
2005-09-27,8.0867
2005-09-26,8.1770
2005-09-23,8.2636
2005-09-22,8.3766
2005-09-21,8.5064
2005-09-20,8.6069
2005-09-19,8.6357
2005-09-16,8.6072
2005-09-15,8.5722
2005-09-14,8.5751
2005-09-13,8.5681
2005-09-12,8.5222
2005-09-09,8.4122
2005-09-08,8.3003
2005-09-07,8.2276
2005-09-06,8.1423
2005-09-02,8.0766
2005-09-01,8.0677
2005-08-31,8.0586
2005-08-30,8.0946
2005-08-29,8.1864
2005-08-26,8.2764
2005-08-25,8.3482
2005-08-24,8.3814
2005-08-23,8.4151
2005-08-22,8.4113
2005-08-19,8.3920
2005-08-18,8.3969
2005-08-17,8.4175
2005-08-16,8.4226
2005-08-15,8.4206
2005-08-12,8.3651
2005-08-11,8.3086
2005-08-10,8.2327
2005-08-09,8.1554
2005-08-08,8.1273
2005-08-05,8.1096
2005-08-04,8.0703
2005-08-03,7.9591
2005-08-02,7.8038
2005-08-01,7.6524
2005-07-29,7.5298
2005-07-28,7.4023
2005-07-27,7.2602
2005-07-26,7.1579
2005-07-25,7.0723
2005-07-22,6.9854
2005-07-21,6.9207
2005-07-20,6.8550
2005-07-19,6.7882
2005-07-18,6.7554
2005-07-15,6.7360
2005-07-14,6.7003
2005-07-13,6.6639
2005-07-12,6.6764
2005-07-11,6.6890
2005-07-08,6.7337
2005-07-07,6.8226
2005-07-06,6.8732
2005-07-05,6.9835
2005-07-01,7.0957
2005-06-30,7.1667
2005-06-29,7.2388
2005-06-28,7.3586
2005-06-27,7.4763
2005-06-24,7.5417
2005-06-23,7.6281
2005-06-22,7.7383
2005-06-21,7.7741
2005-06-20,7.8264
2005-06-17,7.8796
2005-06-16,7.9317
2005-06-15,8.0322
2005-06-14,8.1606
2005-06-13,8.2812
2005-06-10,8.4135
2005-06-09,8.5432
2005-06-08,8.6690
2005-06-07,8.8111
2005-06-06,8.9404
2005-06-03,9.0474
2005-06-02,9.1676
2005-06-01,9.3140
2005-05-31,9.4630
2005-05-27,9.5706
2005-05-26,9.7033
2005-05-25,9.8343
2005-05-24,9.9365
2005-05-23,10.0638
2005-05-20,10.1934
2005-05-19,10.2858
2005-05-18,10.3789
2005-05-17,10.4535
2005-05-16,10.4398
2005-05-13,10.3655
2005-05-12,10.2755
2005-05-11,10.2468
2005-05-10,10.2061
2005-05-09,10.1942
2005-05-06,10.2187
2005-05-05,10.2435
2005-05-04,10.2688
2005-05-03,10.2771
2005-05-02,10.2227
2005-04-29,10.1389
2005-04-28,10.0109
2005-04-27,9.9016
2005-04-26,9.7967
2005-04-25,9.7289
2005-04-22,9.6546
2005-04-21,9.5503
2005-04-20,9.4443
2005-04-19,9.3052
2005-04-18,9.2137
2005-04-15,9.0798
2005-04-14,8.9544
2005-04-13,8.9340
2005-04-12,8.9709
2005-04-11,9.0084
2005-04-08,9.0947
2005-04-07,9.1979
2005-04-06,9.3196
2005-04-05,9.4268
2005-04-04,9.4971
2005-04-01,9.5347
2005-03-31,9.5861
2005-03-30,9.6972
2005-03-29,9.7900
2005-03-28,9.8699
2005-03-24,9.9994
2005-03-23,10.1310
2005-03-22,10.2395
2005-03-21,10.3678
2005-03-18,10.5435
2005-03-17,10.6965
2005-03-16,10.8289
2005-03-15,10.9635
2005-03-14,11.0190
2005-03-11,11.0978
2005-03-10,11.1779
2005-03-09,11.2373
2005-03-08,11.2616
2005-03-07,11.2007
2005-03-04,11.1121
2005-03-03,11.0457
2005-03-02,11.0293
2005-03-01,11.0126
2005-02-28,11.0160
2005-02-25,11.0244
2005-02-24,11.0226
2005-02-23,11.0889
2005-02-22,11.1987
2005-02-18,11.3103
2005-02-17,11.3312
2005-02-16,11.3274
2005-02-15,11.2912
2005-02-14,11.2510
2005-02-11,11.2417
2005-02-10,11.2322
2005-02-09,11.2790
2005-02-08,11.3265
2005-02-07,11.3128
2005-02-04,11.3044
2005-02-03,11.2996
2005-02-02,11.3550
2005-02-01,11.3879
2005-01-31,11.4504
2005-01-28,11.5655
2005-01-27,11.7241
2005-01-26,11.8586
2005-01-25,12.0052
2005-01-24,12.1649
2005-01-21,12.3354
2005-01-20,12.4817
2005-01-19,12.5924
2005-01-18,12.6266
2005-01-14,12.6615
2005-01-13,12.7623
2005-01-12,12.8647
2005-01-11,12.9689
2005-01-10,13.0413
2005-01-07,13.0838
2005-01-06,13.1420
2005-01-05,13.1933
2005-01-04,13.2423
2005-01-03,13.2807
2004-12-31,13.2115
2004-12-30,13.0519
2004-12-29,12.8752
2004-12-28,12.7088
2004-12-27,12.5411
2004-12-23,12.3706
2004-12-22,12.1676
2004-12-21,11.9719
2004-12-20,11.7993
2004-12-17,11.6362
2004-12-16,11.4713
2004-12-15,11.2666
2004-12-14,11.0648
2004-12-13,10.8657
2004-12-10,10.6940
2004-12-09,10.5549
2004-12-08,10.4180
2004-12-07,10.3108
2004-12-06,10.2019
2004-12-03,10.0336
2004-12-02,9.8441
2004-12-01,9.6640
2004-11-30,9.4970
2004-11-29,9.3899
2004-11-26,9.2809
2004-11-24,9.1085
2004-11-23,8.9535
2004-11-22,8.8105
2004-11-19,8.6717
2004-11-18,8.5216
2004-11-17,8.2911
2004-11-16,8.0568
2004-11-15,7.8400
2004-11-12,7.5870
2004-11-11,7.3312
2004-11-10,7.1139
2004-11-09,6.9193
2004-11-08,6.7227
2004-11-05,6.5332
2004-11-04,6.3404
2004-11-03,6.1880
2004-11-02,6.1041
2004-11-01,6.0567
2004-10-29,6.0474
2004-10-28,6.0493
2004-10-27,6.0552
2004-10-26,6.0857
2004-10-25,6.1720
2004-10-22,6.1682
2004-10-21,6.1952
2004-10-20,6.2407
2004-10-19,6.2558
2004-10-18,6.3252
2004-10-15,6.3729
2004-10-14,6.4130
2004-10-13,6.4537
2004-10-12,6.5409
2004-10-11,6.6356
2004-10-08,6.6909
2004-10-07,6.7471
2004-10-06,6.7361
2004-10-05,6.7081
2004-10-04,6.7040
2004-10-01,6.6999
2004-09-30,6.7457
2004-09-29,6.8306
2004-09-28,6.9070
2004-09-27,6.9646
2004-09-24,7.0352
2004-09-23,7.1391
2004-09-22,7.2435
2004-09-21,7.3538
2004-09-20,7.4039
2004-09-17,7.4733
2004-09-16,7.5229
2004-09-15,7.5983
2004-09-14,7.6750
2004-09-13,7.7211
2004-09-10,7.7681
2004-09-09,7.8424
2004-09-08,7.9416
2004-09-07,8.0259
2004-09-03,8.1116
2004-09-02,8.2179
2004-09-01,8.3358
2004-08-31,8.4397
2004-08-30,8.5145
2004-08-27,8.6162
2004-08-26,8.7519
2004-08-25,8.8723
2004-08-24,8.9918
2004-08-23,9.0811
2004-08-20,9.1827
2004-08-19,9.2792
2004-08-18,9.3469
2004-08-17,9.4157
2004-08-16,9.4347
2004-08-13,9.4158
2004-08-12,9.3105
2004-08-11,9.2138
2004-08-10,9.1310
2004-08-09,9.0468
2004-08-06,8.8972
2004-08-05,8.7450
2004-08-04,8.6779
2004-08-03,8.6767
2004-08-02,8.7145
2004-07-30,8.7528
2004-07-29,8.7601
2004-07-28,8.7660
2004-07-27,8.7416
2004-07-26,8.7022
2004-07-23,8.6166
2004-07-22,8.5543
2004-07-21,8.4941
2004-07-20,8.4844
2004-07-19,8.4255
2004-07-16,8.3428
2004-07-15,8.2824
2004-07-14,8.2509
2004-07-13,8.2251
2004-07-12,8.2269
2004-07-09,8.2275
2004-07-08,8.2410
2004-07-07,8.2548
2004-07-06,8.3020
2004-07-02,8.3499
2004-07-01,8.4537
2004-06-30,8.5592
2004-06-29,8.6822
2004-06-28,8.8174
2004-06-25,8.9548
2004-06-24,9.1044
2004-06-23,9.2241
2004-06-22,9.3523
2004-06-21,9.4823
2004-06-18,9.6420
2004-06-17,9.8033
2004-06-16,9.9412
2004-06-15,10.1016
2004-06-14,10.2647
2004-06-10,10.4257
2004-06-09,10.5654
2004-06-08,10.7074
2004-06-07,10.8283
2004-06-04,10.9597
2004-06-03,11.1378
2004-06-02,11.2980
2004-06-01,11.4718
2004-05-28,11.6194
2004-05-27,11.7943
2004-05-26,11.9722
2004-05-25,12.1144
2004-05-24,12.2432
2004-05-21,12.3042
2004-05-20,12.3568
2004-05-19,12.3696
2004-05-18,12.3968
2004-05-17,12.3540
2004-05-14,12.3104
2004-05-13,12.3066
2004-05-12,12.3190
2004-05-11,12.3007
2004-05-10,12.3327
2004-05-07,12.3652
2004-05-06,12.4928
2004-05-05,12.6635
2004-05-04,12.8544
2004-05-03,13.0486
2004-04-30,13.2427
2004-04-29,13.4402
2004-04-28,13.6453
2004-04-27,13.8226
2004-04-26,13.9193
2004-04-23,14.0255
2004-04-22,14.1503
2004-04-21,14.2772
2004-04-20,14.5001
2004-04-19,14.7145
2004-04-16,14.8611
2004-04-15,15.0102
2004-04-14,15.1767
2004-04-13,15.3545
2004-04-12,15.5018
2004-04-08,15.5784
2004-04-07,15.6562
2004-04-06,15.7103
2004-04-05,15.7336
2004-04-02,15.7572
2004-04-01,15.8093
2004-03-31,15.9086
2004-03-30,16.0347
2004-03-29,16.1800
2004-03-26,16.3448
2004-03-25,16.5618
2004-03-24,16.8098
2004-03-23,17.0572
2004-03-22,17.3343
2004-03-19,17.6162
2004-03-18,17.8036
2004-03-17,17.9709
2004-03-16,18.1411
2004-03-15,18.3824
2004-03-12,18.6232
2004-03-11,18.8463
2004-03-10,19.0733
2004-03-09,19.1946
2004-03-08,19.2145
2004-03-05,19.1559
2004-03-04,19.0818
2004-03-03,19.0483
2004-03-02,19.0275
2004-03-01,18.9784
2004-02-27,18.9284
2004-02-26,18.9069
2004-02-25,18.9081
2004-02-24,18.9197
2004-02-23,18.9351
2004-02-20,18.9318
2004-02-19,18.9135
2004-02-18,18.8354
2004-02-17,18.7351
2004-02-13,18.6331
2004-02-12,18.5390
2004-02-11,18.3804
2004-02-10,18.2191
2004-02-09,18.1084
2004-02-06,18.0079
2004-02-05,17.9134
2004-02-04,17.8731
2004-02-03,17.8299
2004-02-02,17.7365
2004-01-30,17.6415
2004-01-29,17.5844
2004-01-28,17.5262
2004-01-27,17.4367
2004-01-26,17.2080
2004-01-23,16.9754
2004-01-22,16.7609
2004-01-21,16.4922
2004-01-20,16.2244
2004-01-16,15.9788
2004-01-15,15.7425
2004-01-14,15.5141
2004-01-13,15.3100
2004-01-12,15.1100
2004-01-09,14.8614
2004-01-08,14.6087
2004-01-07,14.3199
2004-01-06,14.0496
2004-01-05,13.7590
2004-01-02,13.4727
2003-12-31,13.1956
2003-12-30,12.9403
2003-12-29,12.6926
2003-12-26,12.4419
2003-12-24,12.2349
2003-12-23,12.0336
2003-12-22,11.8289
2003-12-19,11.6384
2003-12-18,11.4531
2003-12-17,11.2715
2003-12-16,11.1458
2003-12-15,11.0208
2003-12-12,10.8937
2003-12-11,10.8020
2003-12-10,10.7140
2003-12-09,10.6758
2003-12-08,10.5995
2003-12-05,10.5333
2003-12-04,10.4660
2003-12-03,10.3780
2003-12-02,10.2790
2003-12-01,10.1925
2003-11-28,10.1080
2003-11-26,10.0678
2003-11-25,10.0373
2003-11-24,10.0001
2003-11-21,9.9904
2003-11-20,10.0523
2003-11-19,10.1023
2003-11-18,10.1659
2003-11-17,10.2306
2003-11-14,10.2892
2003-11-13,10.2749
2003-11-12,10.2314
2003-11-11,10.1895
2003-11-10,10.1981
2003-11-07,10.1945
2003-11-06,10.1517
2003-11-05,10.1243
2003-11-04,10.1171
2003-11-03,10.0695
2003-10-31,10.0210
2003-10-30,10.0103
2003-10-29,10.0007
2003-10-28,10.0047
2003-10-27,10.0228
2003-10-24,10.0840
2003-10-23,10.1654
2003-10-22,10.2068
2003-10-21,10.2351
2003-10-20,10.1824
2003-10-17,10.1464
2003-10-16,10.1073
2003-10-15,10.0238
2003-10-14,9.9389
2003-10-13,9.8712
2003-10-10,9.8049
2003-10-09,9.7726
2003-10-08,9.7398
2003-10-07,9.7428
2003-10-06,9.7494
2003-10-03,9.7408
2003-10-02,9.7320
2003-10-01,9.8010
2003-09-30,9.8881
2003-09-29,10.0327
2003-09-26,10.1544
2003-09-25,10.2949
2003-09-24,10.4012
2003-09-23,10.4797
2003-09-22,10.4913
2003-09-19,10.5032
2003-09-18,10.4384
2003-09-17,10.3731
2003-09-16,10.3454
2003-09-15,10.3246
2003-09-12,10.3482
2003-09-11,10.3727
2003-09-10,10.3803
2003-09-09,10.3879
2003-09-08,10.3332
2003-09-05,10.2761
2003-09-04,10.2315
2003-09-03,10.1642
2003-09-02,10.0958
2003-08-29,10.0539
2003-08-28,10.0700
2003-08-27,10.1073
2003-08-26,10.1725
2003-08-25,10.2393
2003-08-22,10.2852
2003-08-21,10.3079
2003-08-20,10.2961
2003-08-19,10.3095
2003-08-18,10.3242
2003-08-15,10.3515
2003-08-14,10.4132
2003-08-13,10.4780
2003-08-12,10.5415
2003-08-11,10.6148
2003-08-08,10.7100
2003-08-07,10.8274
2003-08-06,10.9711
2003-08-05,11.1171
2003-08-04,11.2474
2003-08-01,11.3718
2003-07-31,11.4440
2003-07-30,11.4772
2003-07-29,11.5588
2003-07-28,11.6418
2003-07-25,11.6821
2003-07-24,11.7309
2003-07-23,11.7637
2003-07-22,11.8323
2003-07-21,11.9020
2003-07-18,11.9729
2003-07-17,12.0178
2003-07-16,12.0643
2003-07-15,12.0633
2003-07-14,12.0282
2003-07-11,11.9855
2003-07-10,11.9939
2003-07-09,12.0023
2003-07-08,11.9435
2003-07-07,11.8889
2003-07-03,11.8449
2003-07-02,11.8373
2003-07-01,11.8340
2003-06-30,11.8683
2003-06-27,11.8511
2003-06-26,11.8305
2003-06-25,11.8177
2003-06-24,11.7999
2003-06-23,11.7631
2003-06-20,11.7257
2003-06-19,11.6159
2003-06-18,11.5042
2003-06-17,11.3372
2003-06-16,11.1559
2003-06-13,10.9850
2003-06-12,10.8414
2003-06-11,10.6631
2003-06-10,10.4977
2003-06-09,10.3687
2003-06-06,10.2375
2003-06-05,10.0425
2003-06-04,9.8988
2003-06-03,9.7600
2003-06-02,9.6675
2003-05-30,9.5733
2003-05-29,9.5240
2003-05-28,9.4852
2003-05-27,9.4288
2003-05-23,9.3940
2003-05-22,9.4210
2003-05-21,9.4484
2003-05-20,9.5184
2003-05-19,9.5895
2003-05-16,9.6281
2003-05-15,9.5878
2003-05-14,9.5484
2003-05-13,9.5116
2003-05-12,9.4582
2003-05-09,9.4062
2003-05-08,9.3974
2003-05-07,9.4029
2003-05-06,9.3805
2003-05-05,9.3577
2003-05-02,9.3537
2003-05-01,9.3608
2003-04-30,9.4050
2003-04-29,9.4145
2003-04-28,9.4241
2003-04-25,9.4543
2003-04-24,9.5078
2003-04-23,9.5263
2003-04-22,9.5326
2003-04-21,9.5653
2003-04-17,9.6454
2003-04-16,9.7414
2003-04-15,9.8390
2003-04-14,9.9571
2003-04-11,10.0980
2003-04-10,10.2479
2003-04-09,10.4024
2003-04-08,10.5698
2003-04-07,10.7267
2003-04-04,10.8714
2003-04-03,11.0151
2003-04-02,11.1677
2003-04-01,11.3183
2003-03-31,11.3857
2003-03-28,11.4542
2003-03-27,11.5812
2003-03-26,11.7104
2003-03-25,11.8702
2003-03-24,12.0328
2003-03-21,12.1981
2003-03-20,12.3967
2003-03-19,12.5578
2003-03-18,12.7051
2003-03-17,12.8256
2003-03-14,12.9330
2003-03-13,12.9609
2003-03-12,12.9521
2003-03-11,12.8253
2003-03-10,12.7305
2003-03-07,12.6532
2003-03-06,12.5890
2003-03-05,12.5506
2003-03-04,12.5115
2003-03-03,12.4809
2003-02-28,12.4836
2003-02-27,12.4645
2003-02-26,12.4253
2003-02-25,12.3770
2003-02-24,12.3255
2003-02-21,12.3142
2003-02-20,12.3026
2003-02-19,12.3061
2003-02-18,12.3165
2003-02-14,12.3270
2003-02-13,12.2687
2003-02-12,12.1546
2003-02-11,12.0732
2003-02-10,12.0095
2003-02-07,11.9212
2003-02-06,11.8404
2003-02-05,11.7769
2003-02-04,11.7379
2003-02-03,11.6932
2003-01-31,11.6933
2003-01-30,11.6693
2003-01-29,11.6549
2003-01-28,11.6464
2003-01-27,11.6080
2003-01-24,11.5691
2003-01-23,11.5735
2003-01-22,11.6295
2003-01-21,11.6887
2003-01-17,11.7794
2003-01-16,11.9074
2003-01-15,12.0795
2003-01-14,12.2701
2003-01-13,12.4756
2003-01-10,12.6836
2003-01-09,12.8951
2003-01-08,13.0954
2003-01-07,13.2818
2003-01-06,13.5061
2003-01-03,13.7342
2003-01-02,13.9018
2002-12-31,14.0650
2002-12-30,14.1381
2002-12-27,14.2146
2002-12-26,14.3023
2002-12-24,14.4323
2002-12-23,14.5421
2002-12-20,14.6537
2002-12-19,14.7515
2002-12-18,14.8510
2002-12-17,14.9732
2002-12-16,15.1374
2002-12-13,15.3017
2002-12-12,15.4404
2002-12-11,15.6056
2002-12-10,15.7735
2002-12-09,15.9287
2002-12-06,16.0864
2002-12-05,16.2577
2002-12-04,16.4588
2002-12-03,16.6733
2002-12-02,16.9167
2002-11-29,17.1894
2002-11-27,17.4306
2002-11-26,17.6719
2002-11-25,17.8953
2002-11-22,18.1528
2002-11-21,18.4284
2002-11-20,18.7026
2002-11-19,18.9239
2002-11-18,19.1207
2002-11-15,19.3373
2002-11-14,19.5409
2002-11-13,19.7304
2002-11-12,19.8882
2002-11-11,20.0587
2002-11-08,20.2322
2002-11-07,20.4498
2002-11-06,20.6888
2002-11-05,20.9475
2002-11-04,21.1830
2002-11-01,21.4226
2002-10-31,21.6060
2002-10-30,21.7792
2002-10-29,21.9450
2002-10-28,22.1002
2002-10-25,22.2995
2002-10-24,22.4743
2002-10-23,22.6565
2002-10-22,22.8224
2002-10-21,23.0101
2002-10-18,23.2009
2002-10-17,23.3559
2002-10-16,23.5097
2002-10-15,23.6547
2002-10-14,23.8022
2002-10-11,23.8468
2002-10-10,23.8888
2002-10-09,23.8182
2002-10-08,23.7206
2002-10-07,23.6279
2002-10-04,23.5396
2002-10-03,23.4695
2002-10-02,23.4402
2002-10-01,23.4276
2002-09-30,23.4026
2002-09-27,23.3128
2002-09-26,23.2702
2002-09-25,23.2512
2002-09-24,23.1923
2002-09-23,23.0981
2002-09-20,23.0176
2002-09-19,22.9605
2002-09-18,22.9099
2002-09-17,22.8855
2002-09-16,22.8898
2002-09-13,22.8600
2002-09-12,22.8297
2002-09-11,22.8137
2002-09-10,22.8435
2002-09-09,22.8298
2002-09-06,22.8079
2002-09-05,22.7597
2002-09-04,22.6929
2002-09-03,22.6344
2002-08-30,22.5782
2002-08-29,22.5820
2002-08-28,22.5750
2002-08-27,22.5868
2002-08-26,22.6324
2002-08-23,22.6638
2002-08-22,22.7089
2002-08-21,22.7730
2002-08-20,22.7989
2002-08-19,22.8227
2002-08-16,22.8468
2002-08-15,22.8253
2002-08-14,22.7974
2002-08-13,22.7304
2002-08-12,22.6370
2002-08-09,22.5566
2002-08-08,22.4749
2002-08-07,22.3682
2002-08-06,22.1780
2002-08-05,21.9713
2002-08-02,21.7295
2002-08-01,21.5141
2002-07-31,21.3397
2002-07-30,21.1742
2002-07-29,21.0004
2002-07-26,20.7903
2002-07-25,20.4264
2002-07-24,20.0562
2002-07-23,19.6474
2002-07-22,19.2593
2002-07-19,18.8887
2002-07-18,18.5543
2002-07-17,18.2760
2002-07-16,18.0175
2002-07-15,17.7272
2002-07-12,17.4320
2002-07-11,17.1963
2002-07-10,16.9388
2002-07-09,16.7120
2002-07-08,16.5421
2002-07-05,16.4132
2002-07-03,16.2665
2002-07-02,15.9905
2002-07-01,15.7308
2002-06-28,15.5116
2002-06-27,15.3340
2002-06-26,15.1107
2002-06-25,14.8312
2002-06-24,14.5928
2002-06-21,14.3352
2002-06-20,14.1058
2002-06-19,13.9164
2002-06-18,13.7558
2002-06-17,13.6250
2002-06-14,13.4736
2002-06-13,13.2108
2002-06-12,13.0087
2002-06-11,12.7962
2002-06-10,12.6066
2002-06-07,12.4466
2002-06-06,12.2623
2002-06-05,12.1133
2002-06-04,11.9948
2002-06-03,11.8576
2002-05-31,11.7441
2002-05-30,11.7015
2002-05-29,11.6149
2002-05-28,11.5677
2002-05-24,11.5280
2002-05-23,11.5249
2002-05-22,11.5219
2002-05-21,11.4740
2002-05-20,11.4358
2002-05-17,11.4329
2002-05-16,11.4496
2002-05-15,11.4376
2002-05-14,11.4254
2002-05-13,11.3872
2002-05-10,11.2539
2002-05-09,11.1184
2002-05-08,11.0346
2002-05-07,10.9493
2002-05-06,10.7303
2002-05-03,10.5181
2002-05-02,10.3497
2002-05-01,10.2108
2002-04-30,10.0555
2002-04-29,9.8718
2002-04-26,9.6685
2002-04-25,9.4992
2002-04-24,9.3530
2002-04-23,9.2283
2002-04-22,9.1218
2002-04-19,9.0349
2002-04-18,9.0026
2002-04-17,8.9698
2002-04-16,8.9849
2002-04-15,8.9852
2002-04-12,8.9241
2002-04-11,8.8732
2002-04-10,8.8213
2002-04-09,8.8208
2002-04-08,8.8058
2002-04-05,8.7787
2002-04-04,8.7771
2002-04-03,8.7639
2002-04-02,8.7504
2002-04-01,8.7910
2002-03-28,8.8323
2002-03-27,8.9149
2002-03-26,8.9700
2002-03-25,9.0261
2002-03-22,9.0840
2002-03-21,9.1864
2002-03-20,9.2854
2002-03-19,9.4284
2002-03-18,9.5522
2002-03-15,9.6822
2002-03-14,9.8365
2002-03-13,9.9822
2002-03-12,10.1303
2002-03-11,10.2924
2002-03-08,10.4583
2002-03-07,10.6280
2002-03-06,10.7994
2002-03-05,10.9649
2002-03-04,11.1076
2002-03-01,11.2394
2002-02-28,11.2958
2002-02-27,11.3155
2002-02-26,11.3355
2002-02-25,11.3262
2002-02-22,11.3080
2002-02-21,11.2181
2002-02-20,11.1430
2002-02-19,11.0545
2002-02-15,10.9863
2002-02-14,10.9778
2002-02-13,10.9966
2002-02-12,11.0003
2002-02-11,10.9744
2002-02-08,10.9456
2002-02-07,10.8566
2002-02-06,10.7572
2002-02-05,10.6545
2002-02-04,10.5630
2002-02-01,10.4964
2002-01-31,10.5045
2002-01-30,10.5128
2002-01-29,10.4603
2002-01-28,10.4576
2002-01-25,10.5439
2002-01-24,10.6355
2002-01-23,10.7299
2002-01-22,10.7984
2002-01-18,10.8696
2002-01-17,10.9627
2002-01-16,11.0673
2002-01-15,11.1737
2002-01-14,11.3114
2002-01-11,11.4407
2002-01-10,11.5950
2002-01-09,11.7691
2002-01-08,11.9494
2002-01-07,12.1113
2002-01-04,12.2948
2002-01-03,12.4800
2002-01-02,12.6327
2001-12-31,12.7537
2001-12-28,12.9118
2001-12-27,13.1002
2001-12-26,13.2678
2001-12-24,13.4383
2001-12-21,13.5754
2001-12-20,13.7137
2001-12-19,13.8542
2001-12-18,13.9972
2001-12-17,14.1199
2001-12-14,14.2204
2001-12-13,14.2941
2001-12-12,14.3777
2001-12-11,14.4839
2001-12-10,14.6139
2001-12-07,14.7602
2001-12-06,14.9440
2001-12-05,15.1633
2001-12-04,15.3863
2001-12-03,15.5276
2001-11-30,15.6547
2001-11-29,15.8108
2001-11-28,15.9599
2001-11-27,16.1189
2001-11-26,16.3137
2001-11-23,16.4955
2001-11-21,16.6604
2001-11-20,16.8030
2001-11-19,16.9799
2001-11-16,17.1557
2001-11-15,17.3124
2001-11-14,17.4847
2001-11-13,17.6598
2001-11-12,17.8119
2001-11-09,17.9154
2001-11-08,18.0513
2001-11-07,18.1999
2001-11-06,18.3243
2001-11-05,18.4305
2001-11-02,18.4997
2001-11-01,18.5176
2001-10-31,18.5232
2001-10-30,18.4948
2001-10-29,18.4659
2001-10-26,18.4893
2001-10-25,18.5487
2001-10-24,18.5764
2001-10-23,18.6370
2001-10-22,18.7021
2001-10-19,18.7426
2001-10-18,18.7368
2001-10-17,18.7466
2001-10-16,18.7830
2001-10-15,18.8435
2001-10-12,18.8742
2001-10-11,18.9055
2001-10-10,18.9564
2001-10-09,18.9546
2001-10-08,18.8946
2001-10-05,18.8399
2001-10-04,18.7842
2001-10-03,18.7567
2001-10-02,18.7014
2001-10-01,18.5672
2001-09-28,18.3959
2001-09-27,18.2217
2001-09-26,17.9694
2001-09-25,17.7206
2001-09-24,17.4566
2001-09-21,17.1583
2001-09-20,16.7697
2001-09-19,16.4403
2001-09-18,16.1056
2001-09-17,15.8469
2001-09-10,15.6000
2001-09-07,15.4232
2001-09-06,15.2632
2001-09-05,15.1552
2001-09-04,15.0669
2001-08-31,15.0122
2001-08-30,14.9065
2001-08-29,14.7990
2001-08-28,14.7453
2001-08-27,14.7264
2001-08-24,14.7529
2001-08-23,14.7738
2001-08-22,14.7394
2001-08-21,14.6996
2001-08-20,14.6675
2001-08-17,14.6041
2001-08-16,14.5397
2001-08-15,14.4992
2001-08-14,14.4876
2001-08-13,14.4932
2001-08-10,14.4815
2001-08-09,14.4679
2001-08-08,14.4244
2001-08-07,14.3965
2001-08-06,14.4042
2001-08-03,14.4164
2001-08-02,14.4491
2001-08-01,14.5082
2001-07-31,14.5579
2001-07-30,14.6074
2001-07-27,14.6135
2001-07-26,14.6198
2001-07-25,14.6099
2001-07-24,14.5552
2001-07-23,14.4995
2001-07-20,14.5015
2001-07-19,14.5444
2001-07-18,14.5880
2001-07-17,14.5986
2001-07-16,14.6094
2001-07-13,14.6297
2001-07-12,14.6588
2001-07-11,14.6629
2001-07-10,14.5861
2001-07-09,14.5340
2001-07-06,14.5036
2001-07-05,14.4727
2001-07-03,14.5135
2001-07-02,14.5807
2001-06-29,14.6490
2001-06-28,14.7109
2001-06-27,14.7652
2001-06-26,14.7760
2001-06-25,14.7871
2001-06-22,14.8190
2001-06-21,14.8696
2001-06-20,14.9211
2001-06-19,14.9302
2001-06-18,14.9394
2001-06-15,14.9344
2001-06-14,14.9293
2001-06-13,14.9585
2001-06-12,15.0393
2001-06-11,15.1215
2001-06-08,15.2361
2001-06-07,15.3779
2001-06-06,15.5341
2001-06-05,15.7022
2001-06-04,15.8732
2001-06-01,15.9958
2001-05-31,16.1156
2001-05-30,16.2283
2001-05-29,16.3429
2001-05-25,16.5021
2001-05-24,16.6886
2001-05-23,16.8892
2001-05-22,17.1101
2001-05-21,17.3766
2001-05-18,17.6405
2001-05-17,17.8579
2001-05-16,18.0824
2001-05-15,18.2858
2001-05-14,18.4188
2001-05-11,18.5335
2001-05-10,18.6501
2001-05-09,18.7974
2001-05-08,18.9305
2001-05-07,19.0765
2001-05-04,19.2378
2001-05-03,19.3956
2001-05-02,19.5720
2001-05-01,19.7883
2001-04-30,19.9927
2001-04-27,20.2015
2001-04-26,20.3749
2001-04-25,20.5398
2001-04-24,20.6685
2001-04-23,20.8022
2001-04-20,20.9544
2001-04-19,21.1416
2001-04-18,21.3320
2001-04-17,21.5133
2001-04-16,21.5590
2001-04-12,21.5853
2001-04-11,21.6091
2001-04-10,21.6377
2001-04-09,21.6454
2001-04-06,21.5798
2001-04-05,21.5130
2001-04-04,21.4452
2001-04-03,21.2839
2001-04-02,21.1321
2001-03-30,21.0354
2001-03-29,20.9184
2001-03-28,20.7963
2001-03-27,20.6901
2001-03-26,20.5870
2001-03-23,20.4183
2001-03-22,20.1951
2001-03-21,19.9168
2001-03-20,19.6875
2001-03-19,19.4901
2001-03-16,19.2683
2001-03-15,19.0449
2001-03-14,18.8452
2001-03-13,18.6422
2001-03-12,18.4605
2001-03-09,18.2841
2001-03-08,18.1898
2001-03-07,18.1467
2001-03-06,18.0955
2001-03-05,18.0433
2001-03-02,17.9197
2001-03-01,17.7939
2001-02-28,17.6382
2001-02-27,17.5054
2001-02-26,17.4097
2001-02-23,17.2980
2001-02-22,17.1415
2001-02-21,17.0044
2001-02-20,16.9089
2001-02-16,16.8588
2001-02-15,16.8364
2001-02-14,16.8594
2001-02-13,16.8528
2001-02-12,16.8721
2001-02-09,16.8758
2001-02-08,16.8795
2001-02-07,16.9288
2001-02-06,16.9827
2001-02-05,17.0702
2001-02-02,17.1352
2001-02-01,17.2100
2001-01-31,17.3079
2001-01-30,17.4186
2001-01-29,17.5114
2001-01-26,17.5793
2001-01-25,17.6273
2001-01-24,17.6995
2001-01-23,17.7782
2001-01-22,17.8406
2001-01-19,17.8804
2001-01-18,17.9262
2001-01-17,17.9682
2001-01-16,17.9964
2001-01-12,17.9766
2001-01-11,17.9564
2001-01-10,17.9333
2001-01-09,17.8630
2001-01-08,17.8045
2001-01-05,17.7107
2001-01-04,17.6457
2001-01-03,17.6381
2001-01-02,17.6242
2000-12-29,17.5386
2000-12-28,17.5245
2000-12-27,17.5255
2000-12-26,17.5162
2000-12-22,17.4642
2000-12-21,17.3843
2000-12-20,17.2461
2000-12-19,17.1173
2000-12-18,17.0638
2000-12-15,16.9696
2000-12-14,16.8738
2000-12-13,16.8410
2000-12-12,16.8427
2000-12-11,16.8680
2000-12-08,16.8937
2000-12-07,16.8963
2000-12-06,16.8238
2000-12-05,16.7630
2000-12-04,16.7012
2000-12-01,16.5071
2000-11-30,16.3097
2000-11-29,16.1090
2000-11-28,15.9652
2000-11-27,15.8294
2000-11-24,15.7038
2000-11-22,15.5201
2000-11-21,15.3333
2000-11-20,15.1639
2000-11-17,15.0059
2000-11-16,14.8702
2000-11-15,14.7595
2000-11-14,14.6549
2000-11-13,14.5320
2000-11-10,14.3369
2000-11-09,14.2069
2000-11-08,14.0816
2000-11-07,14.0322
2000-11-06,14.0127
2000-11-03,14.0023
2000-11-02,13.9767
2000-11-01,13.9513
2000-10-31,13.9148
2000-10-30,13.8777
2000-10-27,13.7665
2000-10-26,13.5884
2000-10-25,13.3708
2000-10-24,13.1948
2000-10-23,13.0669
2000-10-20,12.9099
2000-10-19,12.7502
2000-10-18,12.5297
2000-10-17,12.1947
2000-10-16,11.9223
2000-10-13,11.6912
2000-10-12,11.4375
2000-10-11,11.1815
2000-10-10,10.9656
2000-10-09,10.8219
2000-10-06,10.6959
2000-10-05,10.5787
2000-10-04,10.5456
2000-10-03,10.4979
2000-10-02,10.4726
2000-09-29,10.4161
2000-09-28,10.3751
2000-09-27,10.3334
2000-09-26,10.2086
2000-09-25,10.0959
2000-09-22,10.0076
2000-09-21,9.8892
2000-09-20,9.8046
2000-09-19,9.7186
2000-09-18,9.6652
2000-09-15,9.6110
2000-09-14,9.6029
2000-09-13,9.6390
2000-09-12,9.6542
2000-09-11,9.6861
2000-09-08,9.7275
2000-09-07,9.7881
2000-09-06,9.8561
2000-09-05,9.9253
2000-09-01,10.0279
2000-08-31,10.1630
2000-08-30,10.2865
2000-08-29,10.3692
2000-08-28,10.4675
2000-08-25,10.5702
2000-08-24,10.6443
2000-08-23,10.7129
2000-08-22,10.7713
2000-08-21,10.8504
2000-08-18,10.9149
2000-08-17,10.9711
2000-08-16,11.0277
2000-08-15,11.0764
2000-08-14,11.1423
2000-08-11,11.2054
2000-08-10,11.2262
2000-08-09,11.2629
2000-08-08,11.3259
2000-08-07,11.3745
2000-08-04,11.4139
2000-08-03,11.4056
2000-08-02,11.3729
2000-08-01,11.3569
2000-07-31,11.3185
2000-07-28,11.2631
2000-07-27,11.2069
2000-07-26,11.2156
2000-07-25,11.2399
2000-07-24,11.2907
2000-07-21,11.3423
2000-07-20,11.4260
2000-07-19,11.5201
2000-07-18,11.6001
2000-07-17,11.7066
2000-07-14,11.8460
2000-07-13,11.9699
2000-07-12,12.0750
2000-07-11,12.1728
2000-07-10,12.2505
2000-07-07,12.3384
2000-07-06,12.4221
2000-07-05,12.4523
2000-07-03,12.4889
2000-06-30,12.5429
2000-06-29,12.5614
2000-06-28,12.5802
2000-06-27,12.6304
2000-06-26,12.6713
2000-06-23,12.7041
2000-06-22,12.7374
