time,RSI
2020-03-20,44.4934
2020-03-19,55.1469
2020-03-18,55.7958
2020-03-17,54.2676
2020-03-16,54.7826
2020-03-13,54.7291
2020-03-12,53.7377
2020-03-11,53.6688
2020-03-10,53.0922
2020-03-09,53.4562
2020-03-06,52.0423
2020-03-05,51.2011
2020-03-04,50.9847
2020-03-03,52.2080
2020-03-02,52.4125
2020-02-28,53.1915
2020-02-27,52.8723
2020-02-26,52.6621
2020-02-25,50.9148
2020-02-24,51.3743
2020-02-21,52.9577
2020-02-20,52.5781
2020-02-19,51.8197
2020-02-18,51.7119
2020-02-14,51.2108
2020-02-13,50.7907
2020-02-12,49.7586
2020-02-11,49.2673
2020-02-10,50.1275
2020-02-07,48.6562
2020-02-06,47.9562
2020-02-05,48.5699
2020-02-04,47.7566
2020-02-03,48.3630
2020-01-31,49.3864
2020-01-30,49.9362
2020-01-29,50.9441
2020-01-28,50.4509
2020-01-27,50.4158
2020-01-24,51.0241
2020-01-23,52.2191
2020-01-22,52.4160
2020-01-21,51.1661
2020-01-17,49.9518
2020-01-16,49.9807
2020-01-15,49.5622
2020-01-14,49.4517
2020-01-13,50.5656
2020-01-10,50.6764
2020-01-09,49.5534
2020-01-08,49.0711
2020-01-07,49.0151
2020-01-06,49.1047
2020-01-03,48.4860
2020-01-02,49.5983
2019-12-31,49.4236
2019-12-30,49.8540
2019-12-27,49.2297
2019-12-26,47.5323
2019-12-24,46.3457
2019-12-23,46.7936
2019-12-20,45.1774
2019-12-19,43.7850
2019-12-18,43.9093
2019-12-17,43.7311
2019-12-16,44.0251
2019-12-13,44.3752
2019-12-12,44.1807
2019-12-11,43.6357
2019-12-10,43.9055
2019-12-09,43.2953
2019-12-06,43.8558
2019-12-05,44.5402
2019-12-04,44.7221
2019-12-03,44.9880
2019-12-02,44.3484
2019-11-29,44.9321
2019-11-27,45.4637
2019-11-26,45.9126
2019-11-25,45.8283
2019-11-22,46.6184
2019-11-21,46.8127
2019-11-20,45.1396
2019-11-19,44.0790
2019-11-18,44.3528
2019-11-15,44.4635
2019-11-14,43.5021
2019-11-13,43.6643
2019-11-12,43.8340
2019-11-11,43.2510
2019-11-08,43.8374
2019-11-07,42.2925
2019-11-06,41.7531
2019-11-05,41.2440
2019-11-04,39.9335
2019-11-01,40.1504
2019-10-31,41.2259
2019-10-30,41.4091
2019-10-29,41.9185
2019-10-28,41.8133
2019-10-25,40.7000
2019-10-24,40.1806
2019-10-23,39.8651
2019-10-22,40.3181
2019-10-21,41.1183
2019-10-18,41.1416
2019-10-17,40.8817
2019-10-16,40.8159
2019-10-15,41.2551
2019-10-14,41.5494
2019-10-11,41.6060
2019-10-10,40.3399
2019-10-09,41.3104
2019-10-08,41.9152
2019-10-07,41.1863
2019-10-04,41.5818
2019-10-03,41.4439
2019-10-02,41.6364
2019-10-01,41.5856
2019-09-30,42.1687
2019-09-27,41.6441
2019-09-26,41.3888
2019-09-25,41.1188
2019-09-24,41.2931
2019-09-23,40.4542
2019-09-20,40.8120
2019-09-19,41.7297
2019-09-18,41.8467
2019-09-17,42.0013
2019-09-16,41.5404
2019-09-13,41.0970
2019-09-12,40.8069
2019-09-11,40.4665
2019-09-10,40.3296
2019-09-09,40.4362
2019-09-06,39.7715
2019-09-05,39.4574
2019-09-04,39.4111
2019-09-03,38.9947
2019-08-30,38.8010
2019-08-29,38.7258
2019-08-28,39.0796
2019-08-27,39.2748
2019-08-26,39.2012
2019-08-23,39.5861
2019-08-22,38.9813
2019-08-21,38.8669
2019-08-20,37.9620
2019-08-19,38.5109
2019-08-16,38.8087
2019-08-15,39.0981
2019-08-14,38.7325
2019-08-13,39.4625
2019-08-12,39.5279
2019-08-09,38.4945
2019-08-08,37.8008
2019-08-07,37.6535
2019-08-06,37.9335
2019-08-05,37.2027
2019-08-02,37.2960
2019-08-01,36.7729
2019-07-31,36.6119
2019-07-30,36.7565
2019-07-29,36.7320
2019-07-26,36.3284
2019-07-25,36.6615
2019-07-24,36.0742
2019-07-23,35.8920
2019-07-22,36.2961
2019-07-19,36.0060
2019-07-18,36.2857
2019-07-17,35.8215
2019-07-16,35.8041
2019-07-15,35.3862
2019-07-12,35.5601
2019-07-11,35.9925
2019-07-10,36.0951
2019-07-09,36.3238
2019-07-08,36.1864
2019-07-05,36.4721
2019-07-03,36.1726
2019-07-02,35.5460
2019-07-01,35.5854
2019-06-28,35.4421
2019-06-27,34.7637
2019-06-26,34.5407
2019-06-25,34.8742
2019-06-24,35.1842
2019-06-21,34.6448
2019-06-20,34.8967
2019-06-19,34.4374
2019-06-18,54.9868
2019-06-17,53.7336
2019-06-14,53.6120
2019-06-13,53.8532
2019-06-12,53.3304
2019-06-11,53.6281
2019-06-10,53.6787
2019-06-07,53.1017
2019-06-06,51.7850
2019-06-05,50.9992
2019-06-04,49.9406
2019-06-03,47.0487
2019-05-31,47.3970
2019-05-30,49.1266
2019-05-29,48.8352
2019-05-28,49.7648
2019-05-24,50.9297
2019-05-23,50.7467
2019-05-22,52.4601
2019-05-21,52.8775
2019-05-20,51.7517
2019-05-17,52.7428
2019-05-16,53.6212
2019-05-15,52.4448
2019-05-14,51.6579
2019-05-13,50.5624
2019-05-10,54.2947
2019-05-09,53.7794
2019-05-08,54.2695
2019-05-07,54.5296
2019-05-06,57.3563
2019-05-03,58.1627
2019-05-02,56.8901
2019-05-01,57.2684
2019-04-30,58.6327
2019-04-29,58.5096
2019-04-26,58.3725
2019-04-25,57.7754
2019-04-24,57.8397
2019-04-23,58.2188
2019-04-22,57.1135
2019-04-18,56.9856
2019-04-17,56.7881
2019-04-16,57.1605
2019-04-15,57.0986
2019-04-12,57.1992
2019-04-11,56.4116
2019-04-10,56.4071
2019-04-09,55.9965
2019-04-08,56.9218
2019-04-05,56.8008
2019-04-04,56.2684
2019-04-03,56.0293
2019-04-02,55.7848
2019-04-01,55.7828
2019-03-29,54.4802
2019-03-28,53.7047
2019-03-27,53.2891
2019-03-26,53.9077
2019-03-25,53.0854
2019-03-22,53.1945
2019-03-21,55.7937
2019-03-20,54.5583
2019-03-19,54.9694
2019-03-18,54.9874
2019-03-15,54.5723
2019-03-14,54.0140
2019-03-13,54.1280
2019-03-12,53.3584
2019-03-11,53.0300
2019-03-08,51.3830
2019-03-07,51.6423
2019-03-06,52.6467
2019-03-05,53.4731
2019-03-04,53.6168
2019-03-01,54.1091
2019-02-28,53.3661
2019-02-27,53.7175
2019-02-26,53.7846
2019-02-25,53.8809
2019-02-22,53.7542
2019-02-21,53.0993
2019-02-20,53.5106
2019-02-19,53.3318
2019-02-15,53.1827
2019-02-14,52.1019
2019-02-13,52.3926
2019-02-12,52.0938
2019-02-11,50.8164
2019-02-08,50.7454
2019-02-07,50.6787
2019-02-06,51.6394
2019-02-05,51.8698
2019-02-04,51.4208
2019-02-01,50.7754
2019-01-31,50.6900
2019-01-30,49.8794
2019-01-29,48.3936
2019-01-28,48.5262
2019-01-25,49.2473
2019-01-24,48.4392
2019-01-23,48.3082
2019-01-22,48.1010
2019-01-18,49.3692
2019-01-17,48.1334
2019-01-16,47.4120
2019-01-15,47.2011
2019-01-14,46.1880
2019-01-11,46.6216
2019-01-10,46.6336
2019-01-09,46.2157
2019-01-08,45.8390
2019-01-07,44.9507
2019-01-04,44.3057
2019-01-03,41.0918
2019-01-02,42.8912
2018-12-31,42.7651
2018-12-28,41.9279
2018-12-27,42.0164
2018-12-26,41.1819
2018-12-24,36.2000
2018-12-21,37.9774
2018-12-20,39.4544
2018-12-19,40.6648
2018-12-18,41.9185
2018-12-17,41.9086
2018-12-14,43.7040
2018-12-13,45.4994
2018-12-12,45.5186
2018-12-11,44.9001
2018-12-10,44.9331
2018-12-07,44.7360
2018-12-06,46.9766
2018-12-04,47.1283
2018-12-03,50.6641
2018-11-30,49.4162
2018-11-29,48.4667
2018-11-28,48.7074
2018-11-27,45.9940
2018-11-26,45.5935
2018-11-23,43.6672
2018-11-21,44.3227
2018-11-20,43.9397
2018-11-19,45.8228
2018-11-16,47.6970
2018-11-15,47.4151
2018-11-14,46.0674
2018-11-13,46.9185
2018-11-12,47.0862
2018-11-09,49.4439
2018-11-08,50.6185
2018-11-07,50.9438
2018-11-06,48.2354
2018-11-05,47.3978
2018-11-02,46.6424
2018-11-01,47.4022
2018-10-31,45.9708
2018-10-30,44.4597
2018-10-29,42.1999
2018-10-26,42.9237
2018-10-25,44.9621
2018-10-24,42.1094
2018-10-23,46.1296
2018-10-22,46.9206
2018-10-19,47.5487
2018-10-18,47.6013
2018-10-17,49.7934
2018-10-16,49.8331
2018-10-15,46.3354
2018-10-12,47.2302
2018-10-11,44.7410
2018-10-10,48.0354
2018-10-09,54.5605
2018-10-08,54.8772
2018-10-05,54.9647
2018-10-04,56.2039
2018-10-03,58.1239
2018-10-02,58.0011
2018-10-01,58.0945
2018-09-28,57.4786
2018-09-27,57.4802
2018-09-26,57.0178
2018-09-25,57.7553
2018-09-24,58.0487
2018-09-21,58.8431
2018-09-20,58.9263
2018-09-19,57.6850
2018-09-18,57.4832
2018-09-17,56.6167
2018-09-14,57.8257
2018-09-13,57.7818
2018-09-12,56.9425
2018-09-11,56.8856
2018-09-10,56.2923
2018-09-07,55.9907
2018-09-06,56.4383
2018-09-05,57.1828
2018-09-04,57.7595
2018-08-31,58.1001
2018-08-30,58.0803
2018-08-29,58.9853
2018-08-28,58.1651
2018-08-27,58.1262
2018-08-24,57.0158
2018-08-23,56.0962
2018-08-22,56.4206
2018-08-21,56.4962
2018-08-20,56.1968
2018-08-17,55.8468
2018-08-16,55.3685
2018-08-15,54.2154
2018-08-14,55.5813
2018-08-13,54.6429
2018-08-10,55.3670
2018-08-09,56.6881
2018-08-08,56.9593
2018-08-07,57.0081
2018-08-06,56.6156
2018-08-03,56.1238
2018-08-02,55.4754
2018-08-01,54.7818
2018-07-31,54.9598
2018-07-30,54.2773
2018-07-27,55.2528
2018-07-26,56.3969
2018-07-25,56.9342
2018-07-24,55.6997
2018-07-23,55.0371
2018-07-20,54.7819
2018-07-19,54.9403
2018-07-18,55.6017
2018-07-17,55.3132
2018-07-16,54.7839
2018-07-13,54.9496
2018-07-12,54.8087
2018-07-11,53.6626
2018-07-10,54.7782
2018-07-09,54.3226
2018-07-06,53.1541
2018-07-05,52.0033
2018-07-03,50.8057
2018-07-02,51.5349
2018-06-29,51.1083
2018-06-28,51.0035
2018-06-27,50.1531
2018-06-26,51.3850
2018-06-25,51.0830
2018-06-22,53.1321
2018-06-21,52.8804
2018-06-20,53.8558
2018-06-19,53.6292
2018-06-18,54.2471
2018-06-15,54.5746
2018-06-14,54.7301
2018-06-13,54.4205
2018-06-12,55.0259
2018-06-11,54.8122
2018-06-08,54.6825
2018-06-07,54.3067
2018-06-06,54.4081
2018-06-05,53.3896
2018-06-04,53.3056
2018-06-01,52.7740
2018-05-31,51.4724
2018-05-30,52.3788
2018-05-29,50.8272
2018-05-25,52.3735
2018-05-24,52.6956
2018-05-23,52.9711
2018-05-22,52.5810
2018-05-21,52.9996
2018-05-18,52.1231
2018-05-17,52.4668
2018-05-16,52.5778
2018-05-15,52.1071
2018-05-14,52.9845
2018-05-11,52.8839
2018-05-10,52.6917
2018-05-09,51.6374
2018-05-08,50.5278
2018-05-07,50.5591
2018-05-04,50.1653
2018-05-03,48.6954
2018-05-02,48.9457
2018-05-01,49.7556
2018-04-30,49.4655
2018-04-27,50.3922
2018-04-26,50.2677
2018-04-25,49.1032
2018-04-24,48.8964
2018-04-23,50.3824
2018-04-20,50.3761
2018-04-19,51.3471
2018-04-18,52.0122
2018-04-17,51.9234
2018-04-16,50.7867
2018-04-13,49.9081
2018-04-12,50.2229
2018-04-11,49.3320
2018-04-10,49.9237
2018-04-09,48.1013
2018-04-06,47.7295
2018-04-05,50.1005
2018-04-04,49.3309
2018-04-03,48.0173
2018-04-02,46.5497
2018-03-29,49.0142
2018-03-28,47.3474
2018-03-27,47.6730
2018-03-26,49.6984
2018-03-23,46.2627
2018-03-22,48.8500
2018-03-21,52.3976
2018-03-20,52.6738
2018-03-19,52.4761
2018-03-16,54.6586
2018-03-15,54.4355
2018-03-14,54.5568
2018-03-13,55.4511
2018-03-12,56.4695
2018-03-09,56.6747
2018-03-08,54.4948
2018-03-07,53.9118
2018-03-06,53.9856
2018-03-05,53.6464
2018-03-02,52.2138
2018-03-01,51.5402
2018-02-28,53.5154
2018-02-27,55.2693
2018-02-26,57.4156
2018-02-23,55.8747
2018-02-22,53.6623
2018-02-21,53.5233
2018-02-20,54.4351
2018-02-16,55.4277
2018-02-15,55.3766
2018-02-14,53.7091
2018-02-13,51.7669
2018-02-12,51.3769
2018-02-09,49.2575
2018-02-08,46.8481
2018-02-07,53.3528
2018-02-06,54.3465
2018-02-05,51.2890
2018-02-02,61.1563
2018-02-01,67.9537
2018-01-31,68.1815
2018-01-30,68.1022
2018-01-29,72.0840
2018-01-26,74.7568
2018-01-25,73.0485
2018-01-24,72.9570
2018-01-23,73.1842
2018-01-22,72.8622
2018-01-19,71.6293
2018-01-18,70.9263
2018-01-17,71.5701
2018-01-16,70.0262
2018-01-12,71.4598
2018-01-11,70.3234
2018-01-10,69.0702
2018-01-09,69.5273
2018-01-08,69.2935
2018-01-05,68.9956
2018-01-04,67.7011
2018-01-03,66.9265
2018-01-02,65.6479
2017-12-29,63.8808
2017-12-28,65.9748
2017-12-27,65.5830
2017-12-26,65.4142
2017-12-22,65.8395
2017-12-21,66.0223
2017-12-20,65.6163
2017-12-19,65.9396
2017-12-18,67.2144
2017-12-15,66.1518
2017-12-14,64.2627
2017-12-13,65.9102
2017-12-12,66.1039
2017-12-11,65.7805
2017-12-08,65.1060
2017-12-07,63.9097
2017-12-06,63.2518
2017-12-05,63.2960
2017-12-04,64.7582
2017-12-01,65.1752
2017-11-30,65.9807
2017-11-29,64.2364
2017-11-28,64.3828
2017-11-27,62.1421
2017-11-24,62.2925
2017-11-22,61.8071
2017-11-21,62.0942
2017-11-20,60.5331
2017-11-17,60.2193
2017-11-16,61.2069
2017-11-15,59.1684
2017-11-14,61.3163
2017-11-13,62.2473
2017-11-10,62.0059
2017-11-09,62.3640
2017-11-08,63.8902
2017-11-07,63.5541
2017-11-06,63.6304
2017-11-03,63.3398
2017-11-02,62.6267
2017-11-01,62.5829
2017-10-31,62.2178
2017-10-30,62.0017
2017-10-27,63.2070
2017-10-26,61.3538
2017-10-25,61.0505
2017-10-24,62.8382
2017-10-23,62.4638
2017-10-20,64.0275
2017-10-19,62.8557
2017-10-18,62.7793
2017-10-17,62.6083
2017-10-16,62.4547
2017-10-13,62.0564
2017-10-12,61.8570
2017-10-11,62.4782
2017-10-10,62.0785
2017-10-09,61.5613
2017-10-06,62.2108
2017-10-05,62.5976
2017-10-04,61.3621
2017-10-03,61.0834
2017-10-02,60.6004
2017-09-29,59.7219
2017-09-28,58.8623
2017-09-27,58.5801
2017-09-26,57.6142
2017-09-25,57.5971
2017-09-22,58.3141
2017-09-21,58.1649
2017-09-20,59.1467
2017-09-19,59.0050
2017-09-18,58.7593
2017-09-15,58.4384
2017-09-14,58.0319
2017-09-13,58.3668
2017-09-12,58.2038
2017-09-11,57.4787
2017-09-08,55.0335
2017-09-07,55.4650
2017-09-06,55.5163
2017-09-05,54.7976
2017-09-01,56.9995
2017-08-31,56.5496
2017-08-30,55.2280
2017-08-29,54.1263
2017-08-28,53.9229
2017-08-25,53.8065
2017-08-24,53.4098
2017-08-23,53.9762
2017-08-22,54.9332
2017-08-21,52.5768
2017-08-18,52.2903
2017-08-17,52.7863
2017-08-16,57.3570
2017-08-15,57.0209
2017-08-14,57.1766
2017-08-11,54.7537
2017-08-10,54.4321
2017-08-09,59.1954
2017-08-08,59.3237
2017-08-07,60.1773
2017-08-04,59.7898
2017-08-03,59.3445
2017-08-02,60.1027
2017-08-01,59.9893
2017-07-31,59.4272
2017-07-28,59.6725
2017-07-27,60.1225
2017-07-26,60.4480
2017-07-25,60.3867
2017-07-24,59.7547
2017-07-21,60.0982
2017-07-20,60.2159
2017-07-19,60.2644
2017-07-18,59.1389
2017-07-17,59.0119
2017-07-14,59.0279
2017-07-13,58.0468
2017-07-12,57.6475
2017-07-11,56.0565
2017-07-10,56.2794
2017-07-07,56.0760
2017-07-06,54.6534
2017-07-05,57.3512
2017-07-03,57.0281
2017-06-30,56.5142
2017-06-29,56.1728
2017-06-28,58.7385
2017-06-27,56.7671
2017-06-26,59.3433
2017-06-23,59.2722
2017-06-22,58.9237
2017-06-21,59.0689
2017-06-20,59.2525
2017-06-19,61.4252
2017-06-16,59.6256
2017-06-15,59.5626
2017-06-14,60.2949
2017-06-13,60.6211
2017-06-12,59.6531
2017-06-09,59.9679
2017-06-08,60.2332
2017-06-07,60.1774
2017-06-06,59.8531
2017-06-05,60.7172
2017-06-02,61.0977
2017-06-01,60.3565
2017-05-31,58.7920
2017-05-30,58.9310
2017-05-26,59.2925
2017-05-25,59.2291
2017-05-24,58.3205
2017-05-23,57.8036
2017-05-22,57.4209
2017-05-19,56.3332
2017-05-18,54.8559
2017-05-17,54.0258
2017-05-16,59.4217
2017-05-15,59.6432
2017-05-12,58.5928
2017-05-11,59.0614
2017-05-10,59.7502
2017-05-09,59.5077
2017-05-08,59.8295
2017-05-05,59.8217
2017-05-04,58.9696
2017-05-03,58.8475
2017-05-02,59.2265
2017-05-01,58.9838
2017-04-28,58.6317
2017-04-27,59.1846
2017-04-26,59.0750
2017-04-25,59.2124
2017-04-24,58.0154
2017-04-21,55.7679
2017-04-20,56.6047
2017-04-19,54.9625
2017-04-18,55.4318
2017-04-17,56.2327
2017-04-13,54.3238
2017-04-12,56.2455
2017-04-11,57.3503
2017-04-10,57.7765
2017-04-07,57.6281
2017-04-06,57.8688
2017-04-05,57.4620
2017-04-04,58.3418
2017-04-03,58.2266
2017-03-31,58.6956
2017-03-30,59.3424
2017-03-29,58.7625
2017-03-28,58.5477
2017-03-27,57.0902
2017-03-24,57.3693
2017-03-23,57.5988
2017-03-22,57.8852
2017-03-21,57.5157
2017-03-20,61.0149
2017-03-17,61.6131
2017-03-16,62.0046
2017-03-15,62.4886
2017-03-14,60.9586
2017-03-13,61.9647
2017-03-10,61.8977
2017-03-09,61.3014
2017-03-08,61.1552
2017-03-07,61.8123
2017-03-06,62.6592
2017-03-03,63.6267
2017-03-02,63.5416
2017-03-01,65.2982
2017-02-28,62.9817
2017-02-27,63.7731
2017-02-24,63.5957
2017-02-23,63.3370
2017-02-22,63.2651
2017-02-21,63.5824
2017-02-17,62.5564
2017-02-16,62.2668
2017-02-15,62.5118
2017-02-14,61.6590
2017-02-13,60.9609
2017-02-10,60.0289
2017-02-09,59.3831
2017-02-08,58.3209
2017-02-07,58.1914
2017-02-06,58.1496
2017-02-03,58.6890
2017-02-02,57.3628
2017-02-01,57.2570
2017-01-31,57.2023
2017-01-30,57.4178
2017-01-27,58.9003
2017-01-26,59.1169
2017-01-25,59.2990
2017-01-24,57.9188
2017-01-23,56.7468
2017-01-20,57.3926
2017-01-19,56.7896
2017-01-18,57.6531
2017-01-17,57.3419
2017-01-13,58.0497
2017-01-12,57.7305
2017-01-11,58.2368
2017-01-10,57.7575
2017-01-09,57.7575
2017-01-06,58.5755
2017-01-05,57.9978
2017-01-04,58.1728
2017-01-03,57.2363
2016-12-30,55.8054
2016-12-29,56.8319
2016-12-28,56.8970
2016-12-27,58.8003
2016-12-23,58.4333
2016-12-22,58.2298
2016-12-21,58.6507
2016-12-20,59.2073
2016-12-19,58.6381
2016-12-16,58.3282
2016-12-15,58.7122
2016-12-14,58.1130
2016-12-13,59.9150
2016-12-12,58.9122
2016-12-09,59.1656
2016-12-08,58.2489
2016-12-07,57.9118
2016-12-06,55.8003
2016-12-05,55.2300
2016-12-02,54.2449
2016-12-01,54.1773
2016-11-30,54.8858
2016-11-29,55.4251
2016-11-28,55.2076
2016-11-25,56.2759
2016-11-23,55.6497
2016-11-22,55.5205
2016-11-21,55.1771
2016-11-18,53.9823
2016-11-17,54.4399
2016-11-16,53.6871
2016-11-15,53.9844
2016-11-14,52.7779
2016-11-11,52.7990
2016-11-10,53.0508
2016-11-09,52.7421
2016-11-08,50.9617
2016-11-07,50.3375
2016-11-04,46.4766
2016-11-03,46.7450
2016-11-02,47.4636
2016-11-01,48.5536
2016-10-31,49.7295
2016-10-28,49.7508
2016-10-27,50.2922
2016-10-26,50.8163
2016-10-25,51.1220
2016-10-24,51.7933
2016-10-21,51.0059
2016-10-20,51.0204
2016-10-19,51.2553
2016-10-18,50.9019
2016-10-17,49.9044
2016-10-14,50.4024
2016-10-13,50.3701
2016-10-12,50.8728
2016-10-11,50.6940
2016-10-10,52.7699
2016-10-07,52.0588
2016-10-06,52.6108
2016-10-05,52.5375
2016-10-04,51.8882
2016-10-03,52.7101
2016-09-30,53.2578
2016-09-29,52.0707
2016-09-28,53.6529
2016-09-27,52.8567
2016-09-26,51.8739
2016-09-23,53.3438
2016-09-22,54.3615
2016-09-21,53.3769
2016-09-20,51.6736
2016-09-19,51.6260
2016-09-16,51.6291
2016-09-15,52.2592
2016-09-14,50.6892
2016-09-13,50.7847
2016-09-12,53.3157
2016-09-09,50.9723
2016-09-08,55.6796
2016-09-07,56.1429
2016-09-06,56.1731
2016-09-02,55.6962
2016-09-01,55.0209
2016-08-31,55.0290
2016-08-30,55.4927
2016-08-29,55.8742
2016-08-26,55.0656
2016-08-25,55.3674
2016-08-24,55.6270
2016-08-23,56.6344
2016-08-22,56.3454
2016-08-19,56.4522
2016-08-18,56.7230
2016-08-17,56.4097
2016-08-16,56.1450
2016-08-15,57.1513
2016-08-12,56.7639
2016-08-11,56.9082
2016-08-10,56.2610
2016-08-09,56.7698
2016-08-08,56.7174
2016-08-05,56.8752
2016-08-04,55.7368
2016-08-03,55.7084
2016-08-02,55.2939
2016-08-01,56.3534
2016-07-29,56.5664
2016-07-28,56.3584
2016-07-27,56.1553
2016-07-26,56.3479
2016-07-25,56.3082
2016-07-22,56.7830
2016-07-21,56.2368
2016-07-20,56.7988
2016-07-19,56.2933
2016-07-18,56.5121
2016-07-15,56.2350
2016-07-14,56.3729
2016-07-13,55.7724
2016-07-12,55.7571
2016-07-11,54.9637
2016-07-08,54.5755
2016-07-07,52.8124
2016-07-06,52.9280
2016-07-05,52.3012
2016-07-01,53.1983
2016-06-30,52.9731
2016-06-29,51.3928
2016-06-28,49.3254
2016-06-27,47.0556
2016-06-24,49.3081
2016-06-23,54.5992
2016-06-22,52.7695
2016-06-21,53.0296
2016-06-20,52.6537
2016-06-17,51.8469
2016-06-16,52.3405
2016-06-15,51.9089
2016-06-14,52.1824
2016-06-13,52.4484
2016-06-10,53.6722
2016-06-09,55.1153
2016-06-08,55.3899
2016-06-07,54.9662
2016-06-06,54.8019
2016-06-03,54.1808
2016-06-02,54.6209
2016-06-01,54.2675
2016-05-31,54.1265
2016-05-27,54.2724
2016-05-26,53.7520
2016-05-25,53.7815
2016-05-24,52.9442
2016-05-23,51.2640
2016-05-20,51.5405
2016-05-19,50.7919
2016-05-18,51.2733
2016-05-17,51.2481
2016-05-16,52.4812
2016-05-13,51.2932
2016-05-12,52.4180
2016-05-11,52.4406
2016-05-10,53.7387
2016-05-09,52.2396
2016-05-06,52.1476
2016-05-05,51.7640
2016-05-04,51.7947
2016-05-03,52.5619
2016-05-02,53.7152
2016-04-29,52.8057
2016-04-28,53.4790
2016-04-27,54.7421
2016-04-26,54.5538
2016-04-25,54.3421
2016-04-22,54.5845
2016-04-21,54.5792
2016-04-20,55.2659
2016-04-19,55.1847
2016-04-18,54.8592
2016-04-15,54.1696
2016-04-14,54.2925
2016-04-13,54.2746
2016-04-12,53.2389
2016-04-11,52.2246
2016-04-08,52.5433
2016-04-07,52.2527
2016-04-06,53.6579
2016-04-05,52.5688
2016-04-04,53.7810
2016-04-01,54.1707
2016-03-31,53.5213
2016-03-30,53.7632
2016-03-29,53.3227
2016-03-28,52.4275
2016-03-24,52.3720
2016-03-23,52.4137
2016-03-22,53.1211
2016-03-21,53.2182
2016-03-18,53.1237
2016-03-17,52.7052
2016-03-16,52.0796
2016-03-15,51.5475
2016-03-14,51.7331
2016-03-11,51.8593
2016-03-10,50.3350
2016-03-09,50.3203
2016-03-08,49.8494
2016-03-07,50.9171
2016-03-04,50.8357
2016-03-03,50.5351
2016-03-02,50.2195
2016-03-01,49.8528
2016-02-29,47.6957
2016-02-26,48.3979
2016-02-25,48.5601
2016-02-24,47.5225
2016-02-23,47.1139
2016-02-22,48.1613
2016-02-19,46.8315
2016-02-18,46.8337
2016-02-17,47.2135
2016-02-16,45.7089
2016-02-12,44.1661
2016-02-11,42.2971
2016-02-10,43.2046
2016-02-09,43.2186
2016-02-08,43.2670
2016-02-05,44.3248
2016-02-04,45.7892
2016-02-03,45.6435
2016-02-02,45.1722
2016-02-01,46.6955
2016-01-29,46.7322
2016-01-28,44.3918
2016-01-27,43.8532
2016-01-26,44.6990
2016-01-25,43.3188
2016-01-22,44.5467
2016-01-21,42.5096
2016-01-20,41.9755
2016-01-19,42.8673
2016-01-15,42.8130
2016-01-14,44.5413
2016-01-13,42.8155
2016-01-12,44.9237
2016-01-11,44.0841
2016-01-08,43.9923
2016-01-07,44.9230
2016-01-06,47.1183
2016-01-05,48.4231
2016-01-04,48.2072
2015-12-31,49.7905
2015-12-30,50.8092
2015-12-29,51.6113
2015-12-28,50.4913
2015-12-24,50.7285
2015-12-23,50.9012
2015-12-22,49.6062
2015-12-21,48.6692
2015-12-18,47.8343
2015-12-17,49.6856
2015-12-16,51.3627
2015-12-15,49.7769
2015-12-14,48.5837
2015-12-11,48.0426
2015-12-10,50.2065
2015-12-09,49.9502
2015-12-08,50.8419
2015-12-07,51.6066
2015-12-04,52.4479
2015-12-03,50.1483
2015-12-02,51.9018
2015-12-01,53.3200
2015-11-30,52.0826
2015-11-27,52.6821
2015-11-25,52.6135
2015-11-24,52.6299
2015-11-23,52.4929
2015-11-20,52.6443
2015-11-19,52.2279
2015-11-18,52.3615
2015-11-17,50.6019
2015-11-16,50.7549
2015-11-13,49.0958
2015-11-12,50.3647
2015-11-11,52.0392
2015-11-10,52.4360
2015-11-09,52.2688
2015-11-06,53.4831
2015-11-05,53.5264
2015-11-04,53.6657
2015-11-03,54.1007
2015-11-02,53.8182
2015-10-30,52.5840
2015-10-29,53.1526
2015-10-28,53.2055
2015-10-27,51.9823
2015-10-26,52.2729
2015-10-23,52.4894
2015-10-22,51.3596
2015-10-21,49.6124
2015-10-20,50.2378
2015-10-19,50.3903
2015-10-16,50.3621
2015-10-15,49.8909
2015-10-14,48.3468
2015-10-13,48.8187
2015-10-12,49.5112
2015-10-09,49.3795
2015-10-08,49.3055
2015-10-07,48.4126
2015-10-06,47.5920
2015-10-05,47.9279
2015-10-02,46.0535
2015-10-01,44.5386
2015-09-30,44.3270
2015-09-29,42.2736
2015-09-28,42.1382
2015-09-25,44.3235
2015-09-24,44.3646
2015-09-23,44.6594
2015-09-22,44.8383
2015-09-21,45.9398
2015-09-18,45.4536
2015-09-17,46.9475
2015-09-16,47.1898
2015-09-15,46.2711
2015-09-14,44.8993
2015-09-11,45.2630
2015-09-10,44.7826
2015-09-09,44.2194
2015-09-08,45.4363
2015-09-04,42.7064
2015-09-03,44.0515
2015-09-02,43.9197
2015-09-01,41.8415
2015-08-31,44.5460
2015-08-28,45.3711
2015-08-27,45.2989
2015-08-26,42.3795
2015-08-25,37.2911
2015-08-24,38.4641
2015-08-21,42.4478
2015-08-20,46.3915
2015-08-19,49.4487
2015-08-18,50.7459
2015-08-17,51.1668
2015-08-14,50.3675
2015-08-13,49.7628
2015-08-12,49.9582
2015-08-11,49.8140
2015-08-10,51.2899
2015-08-07,49.3367
2015-08-06,49.7786
2015-08-05,50.9991
2015-08-04,50.5214
2015-08-03,50.8745
2015-07-31,51.3078
2015-07-30,51.6652
2015-07-29,51.6611
2015-07-28,50.5967
2015-07-27,48.7415
2015-07-24,49.6005
2015-07-23,51.2647
2015-07-22,52.1829
2015-07-21,52.5734
2015-07-20,53.2760
2015-07-17,53.1647
2015-07-16,53.0070
2015-07-15,51.8613
2015-07-14,51.9756
2015-07-13,51.3392
2015-07-10,49.7291
2015-07-09,47.8606
2015-07-08,47.5096
2015-07-07,49.9863
2015-07-06,49.0382
2015-07-02,49.6280
2015-07-01,49.6749
2015-06-30,48.6074
2015-06-29,48.1943
2015-06-26,51.4543
2015-06-25,51.5184
2015-06-24,52.0053
2015-06-23,53.2381
2015-06-22,53.1437
2015-06-19,52.2406
2015-06-18,53.1213
2015-06-17,51.6390
2015-06-16,51.3371
2015-06-15,50.4682
2015-06-12,51.2020
2015-06-11,52.3423
2015-06-10,52.0819
2015-06-09,50.2526
2015-06-08,50.1877
2015-06-05,51.2115
2015-06-04,51.4408
2015-06-03,52.8496
2015-06-02,52.5362
2015-06-01,52.7004
2015-05-29,52.4024
2015-05-28,53.4242
2015-05-27,53.6307
2015-05-26,52.3325
2015-05-22,54.0186
2015-05-21,54.3939
2015-05-20,54.0663
2015-05-19,54.2188
2015-05-18,54.3231
2015-05-15,53.9114
2015-05-14,53.8082
2015-05-13,52.3529
2015-05-12,52.3989
2015-05-11,52.8412
2015-05-08,53.6130
2015-05-07,51.8070
2015-05-06,51.2860
2015-05-05,51.9409
2015-05-04,53.7555
2015-05-01,53.3586
2015-04-30,51.8660
2015-04-29,53.4414
2015-04-28,54.0396
2015-04-27,53.6630
2015-04-24,54.3203
2015-04-23,54.0197
2015-04-22,53.7070
2015-04-21,53.0326
2015-04-20,53.2549
2015-04-17,52.0327
2015-04-16,53.7445
2015-04-15,53.8645
2015-04-14,53.1882
2015-04-13,52.9740
2015-04-10,53.6559
2015-04-09,52.9835
2015-04-08,52.4043
2015-04-07,52.0557
2015-04-06,52.3461
2015-04-02,51.4990
2015-04-01,51.0436
2015-03-31,51.5808
2015-03-30,52.8036
2015-03-27,51.2414
2015-03-26,50.9330
2015-03-25,51.2537
2015-03-24,53.3050
2015-03-23,54.2101
2015-03-20,54.4692
2015-03-19,53.3474
2015-03-18,54.0590
2015-03-17,52.5239
2015-03-16,53.0010
2015-03-13,51.2496
2015-03-12,52.1120
2015-03-11,50.4318
2015-03-10,50.6985
2015-03-09,53.1870
2015-03-06,52.6577
2015-03-05,54.8819
2015-03-04,54.7234
2015-03-03,55.4290
2015-03-02,56.1689
2015-02-27,55.3834
2015-02-26,55.8599
2015-02-25,56.0973
2015-02-24,56.2192
2015-02-23,55.8804
2015-02-20,55.9272
2015-02-19,55.1861
2015-02-18,55.3449
2015-02-17,55.3913
2015-02-13,55.2039
2015-02-12,54.7288
2015-02-11,53.5941
2015-02-10,53.5981
2015-02-09,52.3328
2015-02-06,52.8996
2015-02-05,53.3584
2015-02-04,52.1419
2015-02-03,52.6899
2015-02-02,50.9539
2015-01-30,49.3338
2015-01-29,51.0166
2015-01-28,49.7924
2015-01-27,51.6123
2015-01-26,53.5474
2015-01-23,53.2173
2015-01-22,54.0289
2015-01-21,52.0600
2015-01-20,51.4291
2015-01-16,51.2227
2015-01-15,49.4159
2015-01-14,50.7000
2015-01-13,51.5325
2015-01-12,51.9052
2015-01-09,53.1003
2015-01-08,54.3898
2015-01-07,51.9926
2015-01-06,50.3432
2015-01-05,51.6906
2015-01-02,54.7047
2014-12-31,54.7631
2014-12-30,56.5841
2014-12-29,57.4796
2014-12-26,57.3627
2014-12-24,56.9170
2014-12-23,56.9417
2014-12-22,56.7110
2014-12-19,56.2098
2014-12-18,55.6062
2014-12-17,52.2879
2014-12-16,49.1858
2014-12-15,50.5452
2014-12-12,51.5997
2014-12-11,54.5051
2014-12-10,53.7926
2014-12-09,57.0101
2014-12-08,57.0589
2014-12-05,58.5751
2014-12-04,58.3256
2014-12-03,58.5679
2014-12-02,58.0143
2014-12-01,57.0637
2014-11-28,58.4656
2014-11-26,58.9976
2014-11-25,58.5898
2014-11-24,58.8259
2014-11-21,58.4168
2014-11-20,57.6645
2014-11-19,57.3802
2014-11-18,57.6712
2014-11-17,56.9405
2014-11-14,56.8357
2014-11-13,56.8019
2014-11-12,56.7285
2014-11-11,56.8543
2014-11-10,56.7606
2014-11-07,56.3446
2014-11-06,56.2983
2014-11-05,55.8023
2014-11-04,55.0492
2014-11-03,55.5122
2014-10-31,55.5316
2014-10-30,53.9976
2014-10-29,53.1590
2014-10-28,53.3720
2014-10-27,51.7529
2014-10-24,51.9764
2014-10-23,51.0057
2014-10-22,49.2682
2014-10-21,50.3168
2014-10-20,47.4224
2014-10-17,45.9903
2014-10-16,43.8998
2014-10-15,43.8758
2014-10-14,44.9422
2014-10-13,44.6849
2014-10-10,46.9740
2014-10-09,48.6996
2014-10-08,52.1716
2014-10-07,49.2142
2014-10-06,51.9949
2014-10-03,52.2960
2014-10-02,50.2991
2014-10-01,50.2982
2014-09-30,52.8716
2014-09-29,53.4385
2014-09-26,53.9599
2014-09-25,52.4362
2014-09-24,55.9239
2014-09-23,54.4933
2014-09-22,55.8147
2014-09-19,57.7401
2014-09-18,57.8571
2014-09-17,56.9833
2014-09-16,56.7501
2014-09-15,55.3861
2014-09-12,55.5497
2014-09-11,56.9465
2014-09-10,56.7886
2014-09-09,56.1370
2014-09-08,57.6826
2014-09-05,58.4276
2014-09-04,57.5485
2014-09-03,57.9160
2014-09-02,58.1014
2014-08-29,58.2295
2014-08-28,57.6714
2014-08-27,58.0603
2014-08-26,58.0520
2014-08-25,57.8814
2014-08-22,57.1035
2014-08-21,57.5393
2014-08-20,57.0637
2014-08-19,56.6637
2014-08-18,55.8517
2014-08-15,54.4313
2014-08-14,54.4437
2014-08-13,53.7132
2014-08-12,52.5665
2014-08-11,52.8814
2014-08-08,52.4101
2014-08-07,50.3945
2014-08-06,51.4325
2014-08-05,51.4297
2014-08-04,53.2980
2014-08-01,52.0353
2014-07-31,52.5930
2014-07-30,56.8712
2014-07-29,56.8606
2014-07-28,57.8965
2014-07-25,57.8485
2014-07-24,58.9673
2014-07-23,58.8886
2014-07-22,58.6087
2014-07-21,57.8048
2014-07-18,58.3212
2014-07-17,56.6538
2014-07-16,59.3790
2014-07-15,58.6882
2014-07-14,59.1440
2014-07-11,58.3505
2014-07-10,58.1079
2014-07-09,59.0619
2014-07-08,58.3087
2014-07-07,59.9670
2014-07-03,60.9191
2014-07-02,60.0529
2014-07-01,59.9480
2014-06-30,58.8790
2014-06-27,58.9653
2014-06-26,58.6600
2014-06-25,58.9263
2014-06-24,58.1541
2014-06-23,59.6115
2014-06-20,59.6417
2014-06-19,59.3774
2014-06-18,59.1835
2014-06-17,58.0018
2014-06-16,57.6632
2014-06-13,57.5337
2014-06-12,57.0512
2014-06-11,58.5410
2014-06-10,59.3035
2014-06-09,59.3564
2014-06-06,59.2200
2014-06-05,58.5491
2014-06-04,57.5878
2014-06-03,57.3061
2014-06-02,57.3813
2014-05-30,57.2756
2014-05-29,57.0106
2014-05-28,56.2376
2014-05-27,56.4450
2014-05-23,55.5845
2014-05-22,54.9664
2014-05-21,54.6219
2014-05-20,53.4281
2014-05-19,54.5657
2014-05-16,53.9980
2014-05-15,53.4426
2014-05-14,55.0923
2014-05-13,55.9491
2014-05-12,55.8886
2014-05-09,54.4927
2014-05-08,54.2695
2014-05-07,54.5074
2014-05-06,53.6956
2014-05-05,55.2616
2014-05-02,54.9934
2014-05-01,55.2284
2014-04-30,55.2530
2014-04-29,54.8401
2014-04-28,54.1817
2014-04-25,53.7322
2014-04-24,55.0721
2014-04-23,54.8377
2014-04-22,55.2036
2014-04-21,54.6557
2014-04-17,54.1489
2014-04-16,53.9663
2014-04-15,52.5527
2014-04-14,51.6178
2014-04-11,50.4600
2014-04-10,51.8829
2014-04-09,55.3329
2014-04-08,53.7697
2014-04-07,53.2187
2014-04-04,55.0893
2014-04-03,57.4339
2014-04-02,57.6509
2014-04-01,57.2497
2014-03-31,56.2512
2014-03-28,55.0996
2014-03-27,54.4117
2014-03-26,54.7501
2014-03-25,56.0211
2014-03-24,55.3831
2014-03-21,56.2741
2014-03-20,56.8176
2014-03-19,55.9614
2014-03-18,57.0984
2014-03-17,56.0724
2014-03-14,54.6664
2014-03-13,55.1776
2014-03-12,57.3919
2014-03-11,57.3480
2014-03-10,58.3369
2014-03-07,58.4273
2014-03-06,58.3536
2014-03-05,58.1211
2014-03-04,58.1310
2014-03-03,56.0542
2014-02-28,57.4177
2014-02-27,57.0312
2014-02-26,56.3416
2014-02-25,56.3386
2014-02-24,56.5781
2014-02-21,55.7340
2014-02-20,56.0670
2014-02-19,55.2454
2014-02-18,56.3743
2014-02-14,56.2182
2014-02-13,55.5728
2014-02-12,54.7855
2014-02-11,54.8297
2014-02-10,53.3219
2014-02-07,53.1038
2014-02-06,51.2299
2014-02-05,49.3932
2014-02-04,49.6938
2014-02-03,48.5422
2014-01-31,52.1306
2014-01-30,53.2334
2014-01-29,51.4945
2014-01-28,53.2778
2014-01-27,52.3069
2014-01-24,53.1740
2014-01-23,57.2546
2014-01-22,59.1731
2014-01-21,59.0860
2014-01-17,58.6687
2014-01-16,59.5102
2014-01-15,59.8023
2014-01-14,59.0482
2014-01-13,57.4209
2014-01-10,60.1898
2014-01-09,59.8414
2014-01-08,59.7891
2014-01-07,59.8358
2014-01-06,58.9384
2014-01-03,59.4795
2014-01-02,59.5507
2013-12-31,61.4968
2013-12-30,60.9382
2013-12-27,60.9776
2013-12-26,61.0505
2013-12-24,60.3972
2013-12-23,59.9930
2013-12-20,59.2510
2013-12-19,58.5697
2013-12-18,58.6859
2013-12-17,56.2775
2013-12-16,56.8868
2013-12-13,55.9367
2013-12-12,55.9561
2013-12-11,56.6797
2013-12-10,58.9556
2013-12-09,59.6191
2013-12-06,59.3625
2013-12-05,57.7483
2013-12-04,58.6366
2013-12-03,58.9046
2013-12-02,59.5623
2013-11-29,60.1261
2013-11-27,60.2884
2013-11-26,59.9530
2013-11-25,59.9330
2013-11-22,60.1832
2013-11-21,59.5340
2013-11-20,58.4515
2013-11-19,59.1500
2013-11-18,59.5439
2013-11-15,60.2611
2013-11-14,59.7187
2013-11-13,59.0928
2013-11-12,58.0282
2013-11-11,58.4673
2013-11-08,58.3729
2013-11-07,56.5946
2013-11-06,59.0630
2013-11-05,58.4894
2013-11-04,59.0259
2013-11-01,58.5518
2013-10-31,58.1659
2013-10-30,58.8815
2013-10-29,59.8048
2013-10-28,59.0863
2013-10-25,58.9146
2013-10-24,58.3489
2013-10-23,57.9280
2013-10-22,58.7790
2013-10-21,58.0472
2013-10-18,58.0355
2013-10-17,57.2022
2013-10-16,56.3300
2013-10-15,54.4854
2013-10-14,55.6751
2013-10-11,55.1215
2013-10-10,54.2602
2013-10-09,51.1257
2013-10-08,51.0390
2013-10-07,53.0521
2013-10-04,54.5233
2013-10-03,53.4788
2013-10-02,55.0767
2013-10-01,55.1972
2013-09-30,54.0199
2013-09-27,55.0996
2013-09-26,55.8443
2013-09-25,55.3382
2013-09-24,55.8341
2013-09-23,56.3058
2013-09-20,57.1728
2013-09-19,58.5381
2013-09-18,58.8919
2013-09-17,57.2326
2013-09-16,56.6390
2013-09-13,55.8299
2013-09-12,55.4411
2013-09-11,56.0473
2013-09-10,55.6177
2013-09-09,54.5749
2013-09-06,53.1157
2013-09-05,53.1077
2013-09-04,52.9309
2013-09-03,51.7401
2013-08-30,51.1188
2013-08-29,51.6185
2013-08-28,51.3297
2013-08-27,50.9278
2013-08-26,53.4774
2013-08-23,54.1587
2013-08-22,53.5929
2013-08-21,52.3406
2013-08-20,53.2944
2013-08-19,52.7366
2013-08-16,53.7165
2013-08-15,54.2737
2013-08-14,56.8145
2013-08-13,57.7838
2013-08-12,57.4016
2013-08-09,57.6148
2013-08-08,58.2764
2013-08-07,57.7593
2013-08-06,58.4598
2013-08-05,59.5335
2013-08-02,59.8132
2013-08-01,59.6067
2013-07-31,58.0041
2013-07-30,58.0288
2013-07-29,57.9807
2013-07-26,58.6431
2013-07-25,58.5399
2013-07-24,58.2244
2013-07-23,58.8838
2013-07-22,59.2048
2013-07-19,58.9638
2013-07-18,58.7745
2013-07-17,58.1844
2013-07-16,57.8584
2013-07-15,58.4598
2013-07-12,58.3020
2013-07-11,57.9505
2013-07-10,56.3840
2013-07-09,56.3626
2013-07-08,55.5137
2013-07-05,54.8902
2013-07-03,53.6621
2013-07-02,53.5617
2013-07-01,53.6373
2013-06-28,52.9941
2013-06-27,53.5768
2013-06-26,52.8444
2013-06-25,51.6963
2013-06-24,50.5346
2013-06-21,52.1305
2013-06-20,51.8024
2013-06-19,55.3900
2013-06-18,57.5926
2013-06-17,56.6464
2013-06-14,55.7097
2013-06-13,56.6513
2013-06-12,54.7912
2013-06-11,56.1436
2013-06-10,57.8650
2013-06-07,57.9246
2013-06-06,56.3061
2013-06-05,55.1941
2013-06-04,57.5648
2013-06-03,58.5595
2013-05-31,57.7916
2013-05-30,60.4866
2013-05-29,60.0180
2013-05-28,61.4028
2013-05-24,60.6037
2013-05-23,60.7112
2013-05-22,61.2799
2013-05-21,62.9339
2013-05-20,62.7283
2013-05-17,62.8693
2013-05-16,61.6482
2013-05-15,62.6383
2013-05-14,62.0293
2013-05-13,60.7955
2013-05-10,60.7902
2013-05-09,60.2604
2013-05-08,60.9539
2013-05-07,60.4535
2013-05-06,59.8171
2013-05-03,59.5842
2013-05-02,58.2852
2013-05-01,57.0853
2013-04-30,58.7447
2013-04-29,58.4283
2013-04-26,57.5080
2013-04-25,57.8313
2013-04-24,57.3166
2013-04-23,57.3158
2013-04-22,55.9881
2013-04-19,55.3804
2013-04-18,54.2106
2013-04-17,55.2975
2013-04-16,57.7682
2013-04-15,55.8589
2013-04-12,60.2602
2013-04-11,60.8441
2013-04-10,60.3730
2013-04-09,58.7170
2013-04-08,58.2195
2013-04-05,57.3260
2013-04-04,58.1631
2013-04-03,57.5914
2013-04-02,59.7035
2013-04-01,58.9818
2013-03-28,59.8983
2013-03-27,59.3372
2013-03-26,59.4559
2013-03-25,58.3807
2013-03-22,59.0435
2013-03-21,58.0446
2013-03-20,59.7116
2013-03-19,58.7765
2013-03-18,59.2670
2013-03-15,60.4006
2013-03-14,60.7366
2013-03-13,59.9829
2013-03-12,59.8052
2013-03-11,60.2878
2013-03-08,59.8585
2013-03-07,59.2640
2013-03-06,59.0225
2013-03-05,58.8795
2013-03-04,57.6089
2013-03-01,56.9818
2013-02-28,56.6648
2013-02-27,56.8180
2013-02-26,55.0811
2013-02-25,54.2171
2013-02-22,57.5397
2013-02-21,56.2886
2013-02-20,57.4930
2013-02-19,60.0091
2013-02-15,58.9725
2013-02-14,59.1876
2013-02-13,59.0907
2013-02-12,59.0087
2013-02-11,58.7901
2013-02-08,58.9075
2013-02-07,58.1446
2013-02-06,58.4859
2013-02-05,58.4130
2013-02-04,57.0182
2013-02-01,59.2064
2013-01-31,57.8339
2013-01-30,58.3272
2013-01-29,59.0841
2013-01-28,58.3925
2013-01-25,58.7469
2013-01-24,58.0131
2013-01-23,58.0122
2013-01-22,57.8117
2013-01-18,57.2241
2013-01-17,56.7706
2013-01-16,56.0145
2013-01-15,55.9881
2013-01-14,55.8388
2013-01-11,55.9930
2013-01-10,56.0007
2013-01-09,55.0281
2013-01-08,54.6847
2013-01-07,55.1923
2013-01-04,55.6834
2013-01-03,55.0741
2013-01-02,55.3958
2012-12-31,52.1290
2012-12-28,49.7559
2012-12-27,51.4086
2012-12-26,51.5947
2012-12-24,52.3299
2012-12-21,52.7073
2012-12-20,54.1985
2012-12-19,53.4447
2012-12-18,54.6777
2012-12-17,53.0851
2012-12-14,51.3690
2012-12-13,52.0237
2012-12-12,53.0462
2012-12-11,52.9818
2012-12-10,52.0428
2012-12-07,51.9941
2012-12-06,51.5780
2012-12-05,51.1078
2012-12-04,50.8833
2012-12-03,51.1328
2012-11-30,51.8294
2012-11-29,51.8073
2012-11-28,51.2315
2012-11-27,50.1625
2012-11-26,50.8962
2012-11-23,51.1827
2012-11-21,49.4088
2012-11-20,49.0855
2012-11-19,48.9940
2012-11-16,46.2006
2012-11-15,45.4887
2012-11-14,45.6847
2012-11-13,47.4574
2012-11-12,47.9863
2012-11-09,47.9676
2012-11-08,47.7279
2012-11-07,49.3544
2012-11-06,52.8797
2012-11-05,51.7661
2012-11-02,51.4559
2012-11-01,52.9202
2012-10-31,51.3515
2012-10-26,51.3288
2012-10-25,51.4394
2012-10-24,51.0139
2012-10-23,51.4722
2012-10-22,53.7265
2012-10-19,53.6658
2012-10-18,56.4576
2012-10-17,56.8878
2012-10-16,56.3389
2012-10-15,54.9462
2012-10-12,53.8159
2012-10-11,54.3093
2012-10-10,54.2821
2012-10-09,55.3120
2012-10-08,57.0295
2012-10-05,57.6468
2012-10-04,57.7040
2012-10-03,56.7704
2012-10-02,56.2928
2012-10-01,56.1784
2012-09-28,55.8336
2012-09-27,56.5761
2012-09-26,55.3293
2012-09-25,56.2795
2012-09-24,58.0945
2012-09-21,58.4898
2012-09-20,58.5030
2012-09-19,58.5964
2012-09-18,58.4535
2012-09-17,58.6687
2012-09-14,59.1935
2012-09-13,58.7354
2012-09-12,56.8025
2012-09-11,56.5462
2012-09-10,56.1643
2012-09-07,57.1387
2012-09-06,56.6535
2012-09-05,54.1287
2012-09-04,54.2913
2012-08-31,54.4673
2012-08-30,53.8303
2012-08-29,55.0036
2012-08-28,54.8992
2012-08-27,55.0195
2012-08-24,55.0914
2012-08-23,54.3217
2012-08-22,55.5010
2012-08-21,55.4743
2012-08-20,55.9855
2012-08-17,55.9885
2012-08-16,55.7780
2012-08-15,54.9805
2012-08-14,54.8522
2012-08-13,54.8695
2012-08-10,55.0364
2012-08-09,54.8006
2012-08-08,54.7565
2012-08-07,54.6913
2012-08-06,54.1596
2012-08-03,53.9177
2012-08-02,51.9159
2012-08-01,52.8116
2012-07-31,53.1612
2012-07-30,53.6837
2012-07-27,53.7419
2012-07-26,51.7501
2012-07-25,49.9427
2012-07-24,49.9776
2012-07-23,50.9975
2012-07-20,52.0357
2012-07-19,53.2519
2012-07-18,52.9608
2012-07-17,52.2465
2012-07-16,51.4483
2012-07-13,51.7144
2012-07-12,49.9286
2012-07-11,50.4864
2012-07-10,50.4881
2012-07-09,51.4003
2012-07-06,51.5854
2012-07-05,52.6695
2012-07-03,53.2184
2012-07-02,52.5761
2012-06-29,52.3227
2012-06-28,49.7104
2012-06-27,49.9387
2012-06-26,48.9660
2012-06-25,48.4453
2012-06-22,50.1548
2012-06-21,49.3704
2012-06-20,51.9201
2012-06-19,52.1209
2012-06-18,51.0476
2012-06-15,50.8885
2012-06-14,49.7511
2012-06-13,48.5381
2012-06-12,49.3035
2012-06-11,47.9809
2012-06-08,49.3704
2012-06-07,48.4338
2012-06-06,48.4454
2012-06-05,45.7502
2012-06-04,45.0523
2012-06-01,45.0390
2012-05-31,47.6543
2012-05-30,47.9076
2012-05-29,49.5625
2012-05-25,48.2180
2012-05-24,48.4669
2012-05-23,48.2999
2012-05-22,48.0973
2012-05-21,48.0398
2012-05-18,46.1365
2012-05-17,46.9209
2012-05-16,48.6017
2012-05-15,49.1100
2012-05-14,49.7819
2012-05-11,51.1273
2012-05-10,51.5462
2012-05-09,51.2551
2012-05-08,52.0799
2012-05-07,52.6137
2012-05-04,52.5745
2012-05-03,54.6533
2012-05-02,55.6882
2012-05-01,56.0291
2012-04-30,55.4243
2012-04-27,55.9457
2012-04-26,55.6915
2012-04-25,54.9896
2012-04-24,53.5311
2012-04-23,53.1298
2012-04-20,54.1901
2012-04-19,54.0649
2012-04-18,54.8172
2012-04-17,55.3367
2012-04-16,53.7146
2012-04-13,53.7771
2012-04-12,55.3658
2012-04-11,53.9069
2012-04-10,53.0980
2012-04-09,55.3253
2012-04-05,56.9041
2012-04-04,56.9927
2012-04-03,58.4597
2012-04-02,59.0463
2012-03-30,58.2775
2012-03-29,57.8958
2012-03-28,58.1235
2012-03-27,58.8260
2012-03-26,59.2284
2012-03-23,57.8499
2012-03-22,57.5348
2012-03-21,58.5396
2012-03-20,58.8023
2012-03-19,59.2226
2012-03-16,58.8410
2012-03-15,58.7341
2012-03-14,58.1682
2012-03-13,58.3261
2012-03-12,56.6019
2012-03-09,56.5863
2012-03-08,56.2369
2012-03-07,55.2894
2012-03-06,54.6150
2012-03-05,56.5112
2012-03-02,57.0031
2012-03-01,57.4166
2012-02-29,56.8360
2012-02-28,57.4311
2012-02-27,57.1193
2012-02-24,56.9945
2012-02-23,56.8422
2012-02-22,56.4565
2012-02-21,56.8484
2012-02-17,56.7849
2012-02-16,56.5803
2012-02-15,55.6210
2012-02-14,56.2205
2012-02-13,56.3248
2012-02-10,55.7445
2012-02-09,56.4973
2012-02-08,56.3734
2012-02-07,56.1941
2012-02-06,56.0280
2012-02-03,56.0718
2012-02-02,54.8937
2012-02-01,54.8045
2012-01-31,54.0847
2012-01-30,54.1282
2012-01-27,54.3664
2012-01-26,54.5156
2012-01-25,55.0554
2012-01-24,54.3913
2012-01-23,54.4850
2012-01-20,54.4495
2012-01-19,54.4000
2012-01-18,54.0392
2012-01-17,53.2298
2012-01-13,52.9703
2012-01-12,53.3780
2012-01-11,53.2111
2012-01-10,53.1893
2012-01-09,52.5706
2012-01-06,52.4135
2012-01-05,52.6062
2012-01-04,52.4071
2012-01-03,52.3946
2011-12-30,51.3724
2011-12-29,51.6763
2011-12-28,50.9723
2011-12-27,51.8489
2011-12-23,51.8437
2011-12-22,51.2622
2011-12-21,50.7313
2011-12-20,50.6067
2011-12-19,48.7130
2011-12-16,49.4551
2011-12-15,49.2474
2011-12-14,49.0403
2011-12-13,49.7466
2011-12-12,50.2966
2011-12-09,51.2681
2011-12-08,50.2154
2011-12-07,51.6180
2011-12-06,51.4911
2011-12-05,51.4225
2011-12-02,50.7925
2011-12-01,50.8077
2011-11-30,50.9265
2011-11-29,48.3435
2011-11-28,48.2068
2011-11-25,46.4173
2011-11-23,46.5630
2011-11-22,47.8043
2011-11-21,48.0412
2011-11-18,49.1406
2011-11-17,49.1640
2011-11-16,50.1823
2011-11-15,51.2317
2011-11-14,50.9407
2011-11-11,51.5462
2011-11-10,50.3858
2011-11-09,49.8676
2011-11-08,52.2373
2011-11-07,51.5212
2011-11-04,51.1372
2011-11-03,51.5402
2011-11-02,50.4121
2011-11-01,49.4354
2011-10-31,51.2057
2011-10-28,52.8965
2011-10-27,52.8724
2011-10-26,50.7653
2011-10-25,50.0982
2011-10-24,51.4284
2011-10-21,50.6108
2011-10-20,49.4098
2011-10-19,49.1165
2011-10-18,49.9169
2011-10-17,48.6143
2011-10-14,49.8476
2011-10-13,48.7193
2011-10-12,48.9050
2011-10-11,48.2727
2011-10-10,48.2378
2011-10-07,46.0633
2011-10-06,46.5268
2011-10-05,45.3357
2011-10-04,44.1629
2011-10-03,42.6741
2011-09-30,44.1826
2011-09-29,45.6100
2011-09-28,45.0474
2011-09-27,46.2729
2011-09-26,45.5281
2011-09-23,43.8963
2011-09-22,43.4649
2011-09-21,45.3205
2011-09-20,47.2024
2011-09-19,47.3118
2011-09-16,47.9631
2011-09-15,47.5521
2011-09-14,46.3178
2011-09-13,45.3389
2011-09-12,44.6738
2011-09-09,44.1670
2011-09-08,45.7915
2011-09-07,46.4666
2011-09-06,44.3497
2011-09-02,44.8053
2011-09-01,46.4418
2011-08-31,47.2483
2011-08-30,46.8740
2011-08-29,46.6971
2011-08-26,44.5703
2011-08-25,43.4006
2011-08-24,44.3632
2011-08-23,43.3350
2011-08-22,40.6082
2011-08-19,40.5870
2011-08-18,41.4442
2011-08-17,44.3056
2011-08-16,44.2252
2011-08-15,44.8864
2011-08-12,43.0536
2011-08-11,42.6027
2011-08-10,38.5812
2011-08-09,41.4295
2011-08-08,36.7203
2011-08-05,41.6832
2011-08-04,41.7310
2011-08-03,46.2993
2011-08-02,45.6892
2011-08-01,48.5239
2011-07-29,49.0094
2011-07-28,49.7788
2011-07-27,50.1684
2011-07-26,52.7714
2011-07-25,53.3236
2011-07-22,54.0930
2011-07-21,53.9881
2011-07-20,52.4133
2011-07-19,52.5009
2011-07-18,50.5581
2011-07-15,51.6011
2011-07-14,50.9247
2011-07-13,51.7912
2011-07-12,51.4164
2011-07-11,51.9862
2011-07-08,54.4520
2011-07-07,55.4542
2011-07-06,54.2229
2011-07-05,54.1035
2011-07-01,54.2895
2011-06-30,52.5853
2011-06-29,51.3452
2011-06-28,50.3078
2011-06-27,48.6465
2011-06-24,47.4315
2011-06-23,48.9012
2011-06-22,49.2643
2011-06-21,50.1064
2011-06-20,48.3278
2011-06-17,47.5934
2011-06-16,47.1780
2011-06-15,46.9402
2011-06-14,49.1405
2011-06-13,47.4085
2011-06-10,47.3150
2011-06-09,49.1360
2011-06-08,48.1072
2011-06-07,48.6587
2011-06-06,48.7845
2011-06-03,50.2364
2011-06-02,51.6164
2011-06-01,51.7926
2011-05-31,55.3293
2011-05-27,53.9054
2011-05-26,53.3444
2011-05-25,52.7992
2011-05-24,52.3599
2011-05-23,52.4849
2011-05-20,54.3454
2011-05-19,55.6047
2011-05-18,55.3169
2011-05-17,54.1457
2011-05-16,54.2042
2011-05-13,55.1977
2011-05-12,56.5334
2011-05-11,55.8997
2011-05-10,57.8015
2011-05-09,56.7588
2011-05-06,56.1620
2011-05-05,55.6580
2011-05-04,57.2075
2011-05-03,58.4248
2011-05-02,59.0358
2011-04-29,59.3529
2011-04-28,59.0698
2011-04-27,58.6335
2011-04-26,57.8618
2011-04-25,56.7317
2011-04-21,56.9987
2011-04-20,56.3326
2011-04-19,54.5842
2011-04-18,53.8176
2011-04-15,55.6120
2011-04-14,55.0894
2011-04-13,55.0783
2011-04-12,55.0536
2011-04-11,56.3128
2011-04-08,56.7727
2011-04-07,57.4367
2011-04-06,57.6889
2011-04-05,57.4254
2011-04-04,57.4544
2011-04-01,57.4138
2011-03-31,56.8350
2011-03-30,57.1169
2011-03-29,56.3440
2011-03-28,55.5172
2011-03-25,55.9237
2011-03-24,55.5567
2011-03-23,54.4654
2011-03-22,54.1209
2011-03-21,54.6178
2011-03-18,52.8473
2011-03-17,52.3235
2011-03-16,50.6706
2011-03-15,53.3706
2011-03-14,55.0465
2011-03-11,55.9858
2011-03-10,55.1104
2011-03-09,58.2028
2011-03-08,58.4358
2011-03-07,57.3453
2011-03-04,58.7747
2011-03-03,60.0870
2011-03-02,57.9698
2011-03-01,57.7634
2011-02-28,60.6627
2011-02-25,59.9685
2011-02-24,58.6204
2011-02-23,58.8041
2011-02-22,59.9466
2011-02-18,64.1493
2011-02-17,63.9166
2011-02-16,63.5458
2011-02-15,62.7854
2011-02-14,63.4605
2011-02-11,63.1741
2011-02-10,62.5106
2011-02-09,62.4201
2011-02-08,62.9775
2011-02-07,62.4847
2011-02-04,61.7426
2011-02-03,61.3965
2011-02-02,61.1149
2011-02-01,61.6276
2011-01-31,59.6184
2011-01-28,58.6486
2011-01-27,62.1292
2011-01-26,61.8500
2011-01-25,61.3248
2011-01-24,61.2921
2011-01-21,60.5701
2011-01-20,60.2695
2011-01-19,60.5132
2011-01-18,62.4737
2011-01-14,62.3105
2011-01-13,61.4324
2011-01-12,61.7608
2011-01-11,60.6824
2011-01-10,60.2280
2011-01-07,60.4823
2011-01-06,60.8214
2011-01-05,61.2106
2011-01-04,60.6292
2011-01-03,60.8648
2010-12-31,59.5479
2010-12-30,59.5812
2010-12-29,59.8413
2010-12-28,59.7257
2010-12-27,59.6385
2010-12-23,59.5701
2010-12-22,59.8380
2010-12-21,59.4709
2010-12-20,58.8143
2010-12-17,58.5359
2010-12-16,58.4452
2010-12-15,57.7786
2010-12-14,58.5474
2010-12-13,58.4508
2010-12-10,58.4458
2010-12-09,57.8233
2010-12-08,57.4233
2010-12-07,57.0388
2010-12-06,56.9857
2010-12-03,57.1611
2010-12-02,56.9001
2010-12-01,55.6074
2010-11-30,53.3356
2010-11-29,54.1048
2010-11-26,54.2799
2010-11-24,55.2393
2010-11-23,53.6535
2010-11-22,55.5321
2010-11-19,55.7441
2010-11-18,55.4753
2010-11-17,53.8332
2010-11-16,53.8101
2010-11-15,55.9508
2010-11-12,56.1159
2010-11-11,57.7612
2010-11-10,58.3683
2010-11-09,57.9216
2010-11-08,59.0778
2010-11-05,59.3855
2010-11-04,58.9987
2010-11-03,57.0590
2010-11-02,56.6760
2010-11-01,55.8657
2010-10-29,55.7665
2010-10-28,55.8238
2010-10-27,55.7094
2010-10-26,56.0517
2010-10-25,56.0500
2010-10-22,55.8411
2010-10-21,55.6108
2010-10-20,55.4414
2010-10-19,54.4378
2010-10-18,56.3511
2010-10-15,55.6569
2010-10-14,55.4624
2010-10-13,55.8971
2010-10-12,55.2271
2010-10-11,54.8668
2010-10-08,54.8532
2010-10-07,54.2865
2010-10-06,54.4676
2010-10-05,54.5407
2010-10-04,52.6406
2010-10-01,53.4943
2010-09-30,53.0849
2010-09-29,53.4087
2010-09-28,53.6796
2010-09-27,53.2446
2010-09-24,53.8287
2010-09-23,51.9296
2010-09-22,52.7758
2010-09-21,53.2725
2010-09-20,53.5365
2010-09-17,52.1748
2010-09-16,52.0999
2010-09-15,52.1353
2010-09-14,51.8233
2010-09-13,51.8903
2010-09-10,50.9269
2010-09-09,50.5030
2010-09-08,50.0838
2010-09-07,49.5274
2010-09-03,50.5256
2010-09-02,49.3847
2010-09-01,48.5910
2010-08-31,45.9615
2010-08-30,45.9255
2010-08-27,47.1055
2010-08-26,45.5814
2010-08-25,46.1925
2010-08-24,45.8881
2010-08-23,47.0599
2010-08-20,47.3925
2010-08-19,47.6941
2010-08-18,49.1406
2010-08-17,49.0076
2010-08-16,47.9201
2010-08-13,47.9094
2010-08-12,48.2390
2010-08-11,48.6817
2010-08-10,51.1710
2010-08-09,51.7250
2010-08-06,51.2507
2010-08-05,51.5887
2010-08-04,51.7036
2010-08-03,51.1966
2010-08-02,51.6210
2010-07-30,49.7816
2010-07-29,49.7762
2010-07-28,50.1257
2010-07-27,50.7125
2010-07-26,50.8012
2010-07-23,49.8910
2010-07-22,49.2186
2010-07-21,47.3579
2010-07-20,48.3630
2010-07-19,47.3963
2010-07-16,46.8871
2010-07-15,49.2111
2010-07-14,49.1082
2010-07-13,49.1209
2010-07-12,47.8271
2010-07-09,47.7649
2010-07-08,47.1604
2010-07-07,46.3703
2010-07-06,43.6988
2010-07-02,43.2256
2010-07-01,43.5401
2010-06-30,43.7584
2010-06-29,44.4493
2010-06-28,46.7466
2010-06-25,46.9032
2010-06-24,46.6569
2010-06-23,47.9650
2010-06-22,48.2018
2010-06-21,49.5170
2010-06-18,49.8392
2010-06-17,49.7295
2010-06-16,49.6241
2010-06-15,49.6685
2010-06-14,47.7716
2010-06-11,47.9082
2010-06-10,47.5518
2010-06-09,45.1364
2010-06-08,45.5543
2010-06-07,44.6332
2010-06-04,45.5809
2010-06-03,48.2329
2010-06-02,47.8833
2010-06-01,45.6383
2010-05-28,46.9833
2010-05-27,47.9986
2010-05-26,44.9919
2010-05-25,45.4393
2010-05-24,45.4059
2010-05-21,46.4376
2010-05-20,45.0292
2010-05-19,48.4079
2010-05-18,48.8851
2010-05-17,50.2524
2010-05-14,50.1454
2010-05-13,52.0473
2010-05-12,53.3485
2010-05-11,52.0326
2010-05-10,52.3931
2010-05-07,47.9999
2010-05-06,49.5908
2010-05-05,53.3914
2010-05-04,54.2289
2010-05-03,57.5183
2010-04-30,56.0956
2010-04-29,58.5850
2010-04-28,57.1498
2010-04-27,56.4129
2010-04-26,60.1831
2010-04-23,60.9219
2010-04-22,60.1295
2010-04-21,59.8758
2010-04-20,60.0451
2010-04-19,59.1544
2010-04-16,58.6480
2010-04-15,61.3596
2010-04-14,61.2676
2010-04-13,60.0444
2010-04-12,59.9680
2010-04-09,59.7734
2010-04-08,59.0378
2010-04-07,58.6638
2010-04-06,59.6013
2010-04-05,59.4188
2010-04-01,58.5593
2010-03-31,57.7424
2010-03-30,58.2424
2010-03-29,58.2378
2010-03-26,57.6250
2010-03-25,57.5456
2010-03-24,57.7921
2010-03-23,58.5923
2010-03-22,57.8485
2010-03-19,57.3155
2010-03-18,58.0396
2010-03-17,58.0858
2010-03-16,57.4943
2010-03-15,56.6975
2010-03-12,56.6511
2010-03-11,56.6799
2010-03-10,56.2761
2010-03-09,55.8248
2010-03-08,55.6548
2010-03-05,55.6764
2010-03-04,54.3036
2010-03-03,53.9308
2010-03-02,53.8883
2010-03-01,53.6607
2010-02-26,52.6693
2010-02-25,52.5314
2010-02-24,52.7558
2010-02-23,51.8197
2010-02-22,53.1242
2010-02-19,53.2382
2010-02-18,53.0314
2010-02-17,52.4124
2010-02-16,52.0138
2010-02-12,50.3062
2010-02-11,50.5768
2010-02-10,49.6464
2010-02-09,49.8598
2010-02-08,48.6077
2010-02-05,49.4402
2010-02-04,49.1612
2010-02-03,52.3110
2010-02-02,52.9001
2010-02-01,51.6474
2010-01-29,50.2363
2010-01-28,51.2599
2010-01-27,52.5407
2010-01-26,52.0566
2010-01-25,52.5121
2010-01-22,52.0629
2010-01-21,54.5620
2010-01-20,56.9046
2010-01-19,58.2961
2010-01-15,57.0943
2010-01-14,58.5466
2010-01-13,58.3134
2010-01-12,57.5136
2010-01-11,58.7748
2010-01-08,58.6089
2010-01-07,58.3377
2010-01-06,57.9632
2010-01-05,57.9124
2010-01-04,57.6263
2009-12-31,56.1403
2009-12-30,57.3926
2009-12-29,57.3745
2009-12-28,57.5478
2009-12-24,57.4438
2009-12-23,56.9741
2009-12-22,56.7694
2009-12-21,56.4546
2009-12-18,55.5260
2009-12-17,55.0053
2009-12-16,56.3349
2009-12-15,56.2356
2009-12-14,56.8640
2009-12-11,56.2653
2009-12-10,55.9482
2009-12-09,55.4476
2009-12-08,55.1334
2009-12-07,56.2331
2009-12-04,56.5007
2009-12-03,56.0442
2009-12-02,56.9479
2009-12-01,56.9200
2009-11-30,55.9444
2009-11-27,55.6352
2009-11-25,57.4687
2009-11-24,57.1070
2009-11-23,57.1637
2009-11-20,56.0851
2009-11-19,56.4160
2009-11-18,57.8362
2009-11-17,57.8862
2009-11-16,57.8158
2009-11-13,56.7130
2009-11-12,56.2695
2009-11-11,57.3122
2009-11-10,56.9292
2009-11-09,56.9356
2009-11-06,55.2571
2009-11-05,55.0637
2009-11-04,53.5762
2009-11-03,53.4942
2009-11-02,53.3060
2009-10-30,52.8095
2009-10-29,55.4002
2009-10-28,53.6454
2009-10-27,55.5474
2009-10-26,55.8792
2009-10-23,57.0776
2009-10-22,58.3727
2009-10-21,57.5537
2009-10-20,58.5036
2009-10-19,59.1848
2009-10-16,58.4748
2009-10-15,59.3561
2009-10-14,59.0458
2009-10-13,57.7295
2009-10-12,58.0217
2009-10-09,57.6918
2009-10-08,57.2696
2009-10-07,56.7112
2009-10-06,56.5089
2009-10-05,55.4890
2009-10-02,54.3635
2009-10-01,54.7779
2009-09-30,57.2984
2009-09-29,57.6365
2009-09-28,57.8619
2009-09-25,56.5507
2009-09-24,57.1524
2009-09-23,58.1110
2009-09-22,59.1543
2009-09-21,58.6811
2009-09-18,59.0308
2009-09-17,58.8446
2009-09-16,59.1522
2009-09-15,58.0895
2009-09-14,57.8697
2009-09-11,57.4285
2009-09-10,57.5549
2009-09-09,56.8413
2009-09-08,56.3061
2009-09-04,55.6975
2009-09-03,54.7910
2009-09-02,54.1964
2009-09-01,54.4694
2009-08-31,56.3860
2009-08-28,57.1132
2009-08-27,57.2925
2009-08-26,57.1078
2009-08-25,57.1001
2009-08-24,56.9472
2009-08-21,56.9932
2009-08-20,55.8161
2009-08-19,55.1135
2009-08-18,54.6724
2009-08-17,54.0220
2009-08-14,55.9570
2009-08-13,56.6648
2009-08-12,56.2287
2009-08-11,55.4995
2009-08-10,56.5299
2009-08-07,56.8048
2009-08-06,55.9700
2009-08-05,56.4213
2009-08-04,56.6546
2009-08-03,56.4722
2009-07-31,55.5491
2009-07-30,55.5044
2009-07-29,54.7940
2009-07-28,55.1275
2009-07-27,55.3171
2009-07-24,55.1441
2009-07-23,54.9696
2009-07-22,53.6434
2009-07-21,53.6791
2009-07-20,53.4732
2009-07-17,52.8309
2009-07-16,52.8549
2009-07-15,52.3781
2009-07-14,50.7468
2009-07-13,50.4490
2009-07-10,49.0628
2009-07-09,49.2823
2009-07-08,49.0854
2009-07-07,49.1739
2009-07-06,50.2453
2009-07-02,50.1063
2009-07-01,51.7701
2009-06-30,51.5343
2009-06-29,52.0278
2009-06-26,51.5473
2009-06-25,51.6304
2009-06-24,50.5172
2009-06-23,50.1764
2009-06-22,50.0571
2009-06-19,51.7239
2009-06-18,51.5630
2009-06-17,51.1340
2009-06-16,51.2074
2009-06-15,51.8899
2009-06-12,53.2252
2009-06-11,53.1557
2009-06-10,52.8558
2009-06-09,53.0466
2009-06-08,52.8788
2009-06-05,52.9325
2009-06-04,53.0647
2009-06-03,52.5385
2009-06-02,53.2507
2009-06-01,53.1607
2009-05-29,52.0085
2009-05-28,51.3986
2009-05-27,50.7096
2009-05-26,51.6119
2009-05-22,50.4404
2009-05-21,50.5090
2009-05-20,51.2892
2009-05-19,51.5302
2009-05-18,51.6110
2009-05-15,50.3094
2009-05-14,50.8200
2009-05-13,50.3753
2009-05-12,51.6001
2009-05-11,51.6451
2009-05-08,52.6590
2009-05-07,51.6390
2009-05-06,52.2544
2009-05-05,51.5182
2009-05-04,51.6896
2009-05-01,50.2846
2009-04-30,50.0583
2009-04-29,50.0978
2009-04-28,49.2200
2009-04-27,49.3285
2009-04-24,49.7285
2009-04-23,49.0619
2009-04-22,48.6705
2009-04-21,48.9591
2009-04-20,48.1399
2009-04-17,49.7930
2009-04-16,49.5963
2009-04-15,48.9913
2009-04-14,48.5065
2009-04-13,49.2576
2009-04-09,49.1601
2009-04-08,47.7312
2009-04-07,47.2853
2009-04-06,48.1225
2009-04-03,48.4194
2009-04-02,48.0548
2009-04-01,46.9978
2009-03-31,46.3897
2009-03-30,45.9120
2009-03-27,47.0445
2009-03-26,47.7341
2009-03-25,46.8752
2009-03-24,46.5218
2009-03-23,47.1900
2009-03-20,44.6600
2009-03-19,45.2679
2009-03-18,45.6745
2009-03-17,44.9085
2009-03-16,43.7440
2009-03-13,43.8440
2009-03-12,43.5669
2009-03-11,42.1468
2009-03-10,42.0609
2009-03-09,39.9146
2009-03-06,40.1472
2009-03-05,40.1056
2009-03-04,41.1322
2009-03-03,40.3126
2009-03-02,40.4630
2009-02-27,41.6284
2009-02-26,42.2478
2009-02-25,42.6726
2009-02-24,42.9626
2009-02-23,41.5495
2009-02-20,42.4771
2009-02-19,42.7896
2009-02-18,43.1223
2009-02-17,43.1484
2009-02-13,44.4779
2009-02-12,44.7786
2009-02-11,44.7148
2009-02-10,44.4282
2009-02-09,45.9495
2009-02-06,45.8945
2009-02-05,44.9226
2009-02-04,44.3339
2009-02-03,44.5498
2009-02-02,43.9916
2009-01-30,44.0063
2009-01-29,44.6469
2009-01-28,45.6286
2009-01-27,44.4512
2009-01-26,44.0676
2009-01-23,43.8749
2009-01-22,43.6912
2009-01-21,44.0975
2009-01-20,42.6561
2009-01-16,44.0894
2009-01-15,43.8257
2009-01-14,43.7799
2009-01-13,44.7131
2009-01-12,44.6522
2009-01-09,45.2959
2009-01-08,45.9239
2009-01-07,45.8064
2009-01-06,46.7148
2009-01-05,46.4449
2009-01-02,46.5841
2008-12-31,45.5303
2008-12-30,45.0596
2008-12-29,44.2625
2008-12-26,44.3633
2008-12-24,44.1913
2008-12-23,44.0087
2008-12-22,44.2504
2008-12-19,44.7136
2008-12-18,44.6224
2008-12-17,45.1617
2008-12-16,45.4087
2008-12-15,43.8715
2008-12-12,44.1775
2008-12-11,43.9660
2008-12-10,44.6610
2008-12-09,44.3043
2008-12-08,44.8702
2008-12-05,43.7401
2008-12-04,42.6803
2008-12-03,43.3445
2008-12-02,42.5895
2008-12-01,41.4490
2008-11-28,43.5369
2008-11-26,43.2362
2008-11-25,42.1643
2008-11-24,41.9658
2008-11-21,40.0894
2008-11-20,38.2861
2008-11-19,39.6202
2008-11-18,40.9830
2008-11-17,40.6632
2008-11-14,41.2551
2008-11-13,42.2751
2008-11-12,40.0110
2008-11-11,41.2697
2008-11-10,41.8318
2008-11-07,42.1600
2008-11-06,41.1535
2008-11-05,42.4870
2008-11-04,44.0393
2008-11-03,42.5011
2008-10-31,42.5726
2008-10-30,41.9987
2008-10-29,41.0504
2008-10-28,41.3390
2008-10-27,37.5446
2008-10-24,38.2850
2008-10-23,39.1392
2008-10-22,38.6526
2008-10-21,40.2813
2008-10-20,41.1697
2008-10-17,39.2217
2008-10-16,39.3899
2008-10-15,37.6653
2008-10-14,40.3000
2008-10-13,40.4648
2008-10-10,35.3981
2008-10-09,35.7052
2008-10-08,37.9762
2008-10-07,38.3370
2008-10-06,40.3633
2008-10-03,41.8827
2008-10-02,42.4412
2008-10-01,44.2442
2008-09-30,44.4546
2008-09-29,41.3530
2008-09-26,45.8398
2008-09-25,45.6177
2008-09-24,44.3385
2008-09-23,44.4422
2008-09-22,45.2778
2008-09-19,47.5118
2008-09-18,44.8013
2008-09-17,41.7489
2008-09-16,44.5117
2008-09-15,43.1605
2008-09-12,46.2895
2008-09-11,46.1170
2008-09-10,45.0019
2008-09-09,44.5019
2008-09-08,46.9122
2008-09-05,45.1938
2008-09-04,44.8160
2008-09-03,47.0354
2008-09-02,47.1921
2008-08-29,47.5062
2008-08-28,48.5874
2008-08-27,47.3314
2008-08-26,46.6475
2008-08-25,46.3321
2008-08-22,47.8420
2008-08-21,46.8699
2008-08-20,46.6552
2008-08-19,46.1267
2008-08-18,46.8187
2008-08-15,47.9835
2008-08-14,47.6391
2008-08-13,47.1757
2008-08-12,47.3941
2008-08-11,48.3143
2008-08-08,47.7435
2008-08-07,45.7636
2008-08-06,47.1049
2008-08-05,46.8192
2008-08-04,44.3596
2008-08-01,45.0044
2008-07-31,45.4105
2008-07-30,46.3933
2008-07-29,44.9310
2008-07-28,42.8319
2008-07-25,44.1753
2008-07-24,43.7884
2008-07-23,45.5517
2008-07-22,45.1717
2008-07-21,43.9107
2008-07-18,43.9505
2008-07-17,43.9241
2008-07-16,42.8222
2008-07-15,40.4816
2008-07-14,41.2111
2008-07-11,41.8305
2008-07-10,42.6129
2008-07-09,41.9446
2008-07-08,43.6098
2008-07-07,41.9386
2008-07-03,42.5525
2008-07-02,42.4446
2008-07-01,43.8171
2008-06-30,43.4396
2008-06-27,43.3160
2008-06-26,43.5918
2008-06-25,45.9321
2008-06-24,45.3614
2008-06-23,45.5900
2008-06-20,45.5849
2008-06-19,47.1261
2008-06-18,46.7693
2008-06-17,47.5947
2008-06-16,48.1816
2008-06-13,48.1741
2008-06-12,46.7849
2008-06-11,46.4784
2008-06-10,47.8999
2008-06-09,48.1092
2008-06-06,48.0366
2008-06-05,50.8470
2008-06-04,49.0317
2008-06-03,49.0615
2008-06-02,49.5908
2008-05-30,50.5749
2008-05-29,50.4355
2008-05-28,49.9497
2008-05-27,49.5902
2008-05-23,48.9719
2008-05-22,50.1549
2008-05-21,49.9198
2008-05-20,51.4059
2008-05-19,52.2985
2008-05-16,52.2196
2008-05-15,52.1112
2008-05-14,51.1996
2008-05-13,50.8528
2008-05-12,50.8870
2008-05-09,49.9502
2008-05-08,50.5325
2008-05-07,50.2223
2008-05-06,51.8291
2008-05-05,51.1853
2008-05-02,51.5888
2008-05-01,51.3204
2008-04-30,49.8973
2008-04-29,50.2225
2008-04-28,50.5513
2008-04-25,50.6396
2008-04-24,50.1141
2008-04-23,49.5939
2008-04-22,49.3609
2008-04-21,50.0584
2008-04-18,50.1815
2008-04-17,48.7601
2008-04-16,48.7107
2008-04-15,46.9188
2008-04-14,46.5482
2008-04-11,46.7853
2008-04-10,48.2710
2008-04-09,47.9155
2008-04-08,48.5134
2008-04-07,48.8935
2008-04-04,48.7728
2008-04-03,48.7122
2008-04-02,48.6145
2008-04-01,48.7504
2008-03-31,46.0950
2008-03-28,45.6589
2008-03-27,46.1766
2008-03-26,46.9398
2008-03-25,47.5359
2008-03-24,47.3636
2008-03-20,46.2256
2008-03-19,44.4223
2008-03-18,45.9992
2008-03-17,42.6456
2008-03-14,43.2081
2008-03-13,44.5776
2008-03-12,44.1504
2008-03-11,44.7510
2008-03-10,41.6443
2008-03-07,42.6417
2008-03-06,43.1997
2008-03-05,44.7407
2008-03-04,44.2780
2008-03-03,44.5201
2008-02-29,44.4739
2008-02-28,46.4579
2008-02-27,47.1468
2008-02-26,47.2176
2008-02-25,46.6283
2008-02-22,45.4487
2008-02-21,44.7692
2008-02-20,45.6949
2008-02-19,44.9757
2008-02-15,45.0388
2008-02-14,44.9679
2008-02-13,45.9135
2008-02-12,44.7714
2008-02-11,44.1566
2008-02-08,43.6596
2008-02-07,43.9352
2008-02-06,43.2799
2008-02-05,43.7700
2008-02-04,45.9903
2008-02-01,46.7611
2008-01-31,45.7276
2008-01-30,44.2942
2008-01-29,44.6249
2008-01-28,44.0974
2008-01-25,42.5919
2008-01-24,43.6544
2008-01-23,42.7732
2008-01-22,40.8766
2008-01-18,41.5851
2008-01-17,41.9776
2008-01-16,44.0022
2008-01-15,44.4107
2008-01-14,46.3379
2008-01-11,45.3314
2008-01-10,46.4168
2008-01-09,45.6750
2008-01-08,44.3948
2008-01-07,45.8528
2008-01-04,45.5449
2008-01-03,47.6242
2008-01-02,47.6242
2007-12-31,48.9125
2007-12-28,49.5423
2007-12-27,49.4019
2007-12-26,50.7394
2007-12-24,50.6651
2007-12-21,49.9292
2007-12-20,48.3926
2007-12-19,47.9330
2007-12-18,48.0501
2007-12-17,47.4718
2007-12-14,48.7681
2007-12-13,50.0142
2007-12-12,49.9023
2007-12-11,49.3543
2007-12-10,51.7391
2007-12-07,51.0531
2007-12-06,51.2229
2007-12-05,49.8564
2007-12-04,48.4432
2007-12-03,49.0321
2007-11-30,49.5687
2007-11-29,48.8478
2007-11-28,48.8037
2007-11-27,46.1424
2007-11-26,44.6861
2007-11-23,46.6633
2007-11-21,44.9514
2007-11-20,46.3532
2007-11-19,45.8879
2007-11-16,47.4924
2007-11-15,46.9489
2007-11-14,48.2051
2007-11-13,48.8983
2007-11-12,45.8351
2007-11-09,46.7916
2007-11-08,48.2277
2007-11-07,48.2864
2007-11-06,51.5311
2007-11-05,50.1971
2007-11-02,50.7649
2007-11-01,50.6761
2007-10-31,53.9090
2007-10-30,52.5748
2007-10-29,53.3994
2007-10-26,52.9844
2007-10-25,51.4264
2007-10-24,51.5455
2007-10-23,51.8413
2007-10-22,50.8499
2007-10-19,50.4184
2007-10-18,53.6220
2007-10-17,53.7207
2007-10-16,53.5242
2007-10-15,54.3771
2007-10-12,55.4952
2007-10-11,54.9813
2007-10-10,55.6707
2007-10-09,55.8999
2007-10-08,55.0464
2007-10-05,55.4671
2007-10-04,54.4594
2007-10-03,54.2350
2007-10-02,54.8102
2007-10-01,54.8435
2007-09-28,53.4673
2007-09-27,53.8354
2007-09-26,53.4295
2007-09-25,52.8681
2007-09-24,52.9079
2007-09-21,53.5177
2007-09-20,53.0533
2007-09-19,53.8299
2007-09-18,53.2240
2007-09-17,50.2294
2007-09-14,50.7929
2007-09-13,50.7714
2007-09-12,49.8848
2007-09-11,49.8798
2007-09-10,48.4457
2007-09-07,48.5735
2007-09-06,50.3375
2007-09-05,49.8894
2007-09-04,51.1308
2007-08-31,50.0294
2007-08-30,48.8278
2007-08-29,49.2638
2007-08-28,46.8701
2007-08-27,49.3822
2007-08-24,50.3518
2007-08-23,49.0321
2007-08-22,49.1517
2007-08-21,47.8004
2007-08-20,47.6738
2007-08-17,47.7021
2007-08-16,44.8428
2007-08-15,44.4491
2007-08-14,45.8460
2007-08-13,47.8105
2007-08-10,47.8655
2007-08-09,47.8204
2007-08-08,51.3486
2007-08-07,49.6386
2007-08-06,48.8698
2007-08-03,45.7521
2007-08-02,49.0801
2007-08-01,48.4784
2007-07-31,47.4717
2007-07-30,49.1415
2007-07-27,47.6894
2007-07-26,49.9103
2007-07-25,53.5764
2007-07-24,52.8995
2007-07-23,56.4018
2007-07-20,55.6961
2007-07-19,58.0436
2007-07-18,57.4008
2007-07-17,57.8041
2007-07-16,57.8228
2007-07-13,58.1911
2007-07-12,57.7651
2007-07-11,55.0494
2007-07-10,54.1846
2007-07-09,56.8916
2007-07-06,56.7537
2007-07-05,56.2621
2007-07-03,56.2106
2007-07-02,55.6842
2007-06-29,54.0797
2007-06-28,54.3638
2007-06-27,54.4389
2007-06-26,53.0788
2007-06-25,53.6466
2007-06-22,54.2134
2007-06-21,56.6086
2007-06-20,55.6917
2007-06-19,58.3989
2007-06-18,58.1447
2007-06-15,58.3909
2007-06-14,57.4440
2007-06-13,56.7328
2007-06-12,54.4063
2007-06-11,56.5318
2007-06-08,56.3811
2007-06-07,54.5703
2007-06-06,58.3145
2007-06-05,60.3883
2007-06-04,61.6969
2007-06-01,61.4132
2007-05-31,60.8387
2007-05-30,60.7995
2007-05-29,59.5649
2007-05-25,59.3174
2007-05-24,58.4540
2007-05-23,60.7314
2007-05-22,61.0226
2007-05-21,61.1762
2007-05-18,60.9444
2007-05-17,59.9433
2007-05-16,60.1540
2007-05-15,58.8279
2007-05-14,59.1208
2007-05-11,59.5221
2007-05-10,58.0299
2007-05-09,61.2916
2007-05-08,60.7927
2007-05-07,61.0730
2007-05-04,60.6820
2007-05-03,60.3544
2007-05-02,59.6928
2007-05-01,58.6848
2007-04-30,58.2655
2007-04-27,60.0495
2007-04-26,60.0773
2007-04-25,60.2558
2007-04-24,58.7083
2007-04-23,58.7863
2007-04-20,59.2956
2007-04-19,57.8660
2007-04-18,58.1269
2007-04-17,58.0196
2007-04-16,57.6905
2007-04-13,56.0246
2007-04-12,55.4621
2007-04-11,54.4489
2007-04-10,55.7791
2007-04-09,55.3532
2007-04-05,55.2580
2007-04-04,54.7677
2007-04-03,54.5894
2007-04-02,53.0867
2007-03-30,52.6567
2007-03-29,52.8724
2007-03-28,52.2622
2007-03-27,53.7310
2007-03-26,54.9167
2007-03-23,54.7632
2007-03-22,54.5915
2007-03-21,54.6565
2007-03-20,51.9462
2007-03-19,50.8825
2007-03-16,48.9933
2007-03-15,49.6558
2007-03-14,49.0057
2007-03-13,47.8101
2007-03-12,51.4997
2007-03-09,51.0118
2007-03-08,50.8891
2007-03-07,49.5922
2007-03-06,50.0428
2007-03-05,47.1187
2007-03-02,48.8419
2007-03-01,51.0947
2007-02-28,51.6288
2007-02-27,50.5451
2007-02-26,58.9462
2007-02-23,59.2967
2007-02-22,60.3020
2007-02-21,60.5451
2007-02-20,60.9413
2007-02-16,60.4271
2007-02-15,60.6680
2007-02-14,60.4838
2007-02-13,59.1067
2007-02-12,57.6761
2007-02-09,58.5435
2007-02-08,60.4987
2007-02-07,60.8320
2007-02-06,60.5797
2007-02-05,60.4545
2007-02-02,60.7174
2007-02-01,60.4212
2007-01-31,59.4770
2007-01-30,58.2796
2007-01-29,57.1970
2007-01-26,57.4760
2007-01-25,57.7816
2007-01-24,60.7801
2007-01-23,59.2237
2007-01-22,58.5522
2007-01-19,60.0078
2007-01-18,59.4658
2007-01-17,60.2927
2007-01-16,60.5420
2007-01-12,60.3948
2007-01-11,59.5177
2007-01-10,58.3400
2007-01-09,57.9727
2007-01-08,58.1069
2007-01-05,57.6940
2007-01-04,59.2781
2007-01-03,59.0552
2006-12-29,59.3674
2006-12-28,60.5580
2006-12-27,60.9524
2006-12-26,59.7376
2006-12-22,58.9620
2006-12-21,60.3662
2006-12-20,61.3628
2006-12-19,61.7501
2006-12-18,61.3859
2006-12-15,62.2612
2006-12-14,62.0766
2006-12-13,60.6234
2006-12-12,60.4231
2006-12-11,60.6955
2006-12-08,60.3151
2006-12-07,60.0118
2006-12-06,61.0206
2006-12-05,61.3569
2006-12-04,60.7113
2006-12-01,59.2379
2006-11-30,59.9361
2006-11-29,59.7994
2006-11-28,58.2452
2006-11-27,57.6445
2006-11-24,61.0923
2006-11-22,62.0806
2006-11-21,61.6917
2006-11-20,61.4177
2006-11-17,61.5489
2006-11-16,61.3820
2006-11-15,61.0135
2006-11-14,60.6255
2006-11-13,59.5865
2006-11-10,59.1627
2006-11-09,58.8529
2006-11-08,60.1430
2006-11-07,59.8054
2006-11-06,59.4464
2006-11-03,57.5610
2006-11-02,58.0825
2006-11-01,58.1626
2006-10-31,59.9138
2006-10-30,59.9127
2006-10-27,59.8446
2006-10-26,61.9020
2006-10-25,61.1342
2006-10-24,60.5831
2006-10-23,60.5422
2006-10-20,59.5770
2006-10-19,59.3868
2006-10-18,59.2534
2006-10-17,59.0539
2006-10-16,59.8793
2006-10-13,59.4970
2006-10-12,59.1869
2006-10-11,57.7174
2006-10-10,58.2733
2006-10-09,57.9566
2006-10-06,57.8346
2006-10-05,58.3999
2006-10-04,58.0645
2006-10-03,56.2154
2006-10-02,55.8837
2006-09-29,56.5679
2006-09-28,57.0271
2006-09-27,56.7663
2006-09-26,56.7392
2006-09-25,55.6029
2006-09-22,54.2300
2006-09-21,54.6964
2006-09-20,55.7333
2006-09-19,54.8457
2006-09-18,55.3582
2006-09-15,55.1813
2006-09-14,54.7898
2006-09-13,55.0402
2006-09-12,54.4605
2006-09-11,52.8742
2006-09-08,52.7997
2006-09-07,52.2128
2006-09-06,53.0386
2006-09-05,54.8133
2006-09-01,54.5555
2006-08-31,53.7220
2006-08-30,53.9317
2006-08-29,53.8070
2006-08-28,53.5233
2006-08-25,52.7599
2006-08-24,52.8838
2006-08-23,52.5370
2006-08-22,53.2691
2006-08-21,53.1259
2006-08-18,53.7211
2006-08-17,53.2012
2006-08-16,52.9803
2006-08-15,51.9076
2006-08-14,49.9266
2006-08-11,49.7544
2006-08-10,50.3416
2006-08-09,49.6664
2006-08-08,50.3011
2006-08-07,50.7963
2006-08-04,51.2111
2006-08-03,51.3156
2006-08-02,51.0067
2006-08-01,50.3032
2006-07-31,50.9394
2006-07-28,51.1488
2006-07-27,49.4903
2006-07-26,50.0564
2006-07-25,50.1085
2006-07-24,49.2472
2006-07-21,46.9159
2006-07-20,47.8423
2006-07-19,48.9917
2006-07-18,46.2639
2006-07-17,45.9705
2006-07-14,46.1493
2006-07-13,46.7854
2006-07-12,48.5519
2006-07-11,50.1291
2006-07-10,49.5358
2006-07-07,49.3191
2006-07-06,50.3010
2006-07-05,49.9397
2006-07-03,51.0069
2006-06-30,49.8730
2006-06-29,50.1782
2006-06-28,46.9664
2006-06-27,46.1017
2006-06-26,47.3705
2006-06-23,46.5996
2006-06-22,46.7217
2006-06-21,47.4557
2006-06-20,45.9268
2006-06-19,45.9279
2006-06-16,47.1818
2006-06-15,47.7002
2006-06-14,44.2972
2006-06-13,43.4170
2006-06-12,44.9286
2006-06-09,46.6548
2006-06-08,47.3323
2006-06-07,47.0934
2006-06-06,48.0198
2006-06-05,48.1941
2006-06-02,51.0990
2006-06-01,50.7797
2006-05-31,48.7309
2006-05-30,47.3201
2006-05-26,50.0065
2006-05-25,48.9847
2006-05-24,46.8863
2006-05-23,46.5859
2006-05-22,47.3119
2006-05-19,47.9761
2006-05-18,47.2091
2006-05-17,48.3519
2006-05-16,51.4855
2006-05-15,51.8530
2006-05-12,51.3934
2006-05-11,53.6616
2006-05-10,56.4889
2006-05-09,56.8875
2006-05-08,56.8247
2006-05-05,57.0119
2006-05-04,55.2312
2006-05-03,54.6667
2006-05-02,55.5150
2006-05-01,54.4191
2006-04-28,55.3248
2006-04-27,55.2044
2006-04-26,54.6221
2006-04-25,54.1228
2006-04-24,55.1588
2006-04-21,55.6803
2006-04-20,55.7097
2006-04-19,55.5133
2006-04-18,55.1747
2006-04-17,52.2125
2006-04-13,52.8050
2006-04-12,52.6657
2006-04-11,52.4517
2006-04-10,54.0085
2006-04-07,53.8584
2006-04-06,56.0320
2006-04-05,56.4489
2006-04-04,55.7251
2006-04-03,54.6564
2006-03-31,54.2634
2006-03-30,55.1232
2006-03-29,55.5479
2006-03-28,54.2804
2006-03-27,55.6336
2006-03-24,55.8525
2006-03-23,55.6887
2006-03-22,56.2288
2006-03-21,55.2396
2006-03-20,56.5017
2006-03-17,56.8548
2006-03-16,56.6189
2006-03-15,56.3365
2006-03-14,55.6557
2006-03-13,53.9544
2006-03-10,53.5991
2006-03-09,52.3735
2006-03-08,53.3137
2006-03-07,52.9691
2006-03-06,53.3248
2006-03-03,54.6856
2006-03-02,54.9794
2006-03-01,55.3006
2006-02-28,53.9683
2006-02-27,56.0585
2006-02-24,55.4676
2006-02-23,55.2607
2006-02-22,56.0222
2006-02-21,54.8126
2006-02-17,55.4678
2006-02-16,55.8012
2006-02-15,54.6257
2006-02-14,54.0530
2006-02-13,52.3779
2006-02-10,52.9972
2006-02-09,52.5686
2006-02-08,52.8447
2006-02-07,51.3854
2006-02-06,52.9019
2006-02-03,52.7694
2006-02-02,53.7932
2006-02-01,55.6032
2006-01-31,55.3002
2006-01-30,56.1085
2006-01-27,55.9263
2006-01-26,54.6816
2006-01-25,53.4865
2006-01-24,53.8190
2006-01-23,53.4219
2006-01-20,53.1181
2006-01-19,56.8001
2006-01-18,55.8924
2006-01-17,56.7165
2006-01-13,57.4967
2006-01-12,57.3054
2006-01-11,58.6655
2006-01-10,58.1251
2006-01-09,58.2018
2006-01-06,57.6405
2006-01-05,56.1664
2006-01-04,56.1639
2006-01-03,55.5820
2005-12-30,52.8747
2005-12-29,53.8391
2005-12-28,54.4364
2005-12-27,54.2193
2005-12-23,56.1763
2005-12-22,56.1069
2005-12-21,55.4216
2005-12-20,55.0108
2005-12-19,55.0580
2005-12-16,56.2286
2005-12-15,56.8096
2005-12-14,57.0981
2005-12-13,56.4567
2005-12-12,55.5961
2005-12-09,55.4651
2005-12-08,55.0304
2005-12-07,55.2603
2005-12-06,56.2155
2005-12-05,56.0254
2005-12-02,56.4732
2005-12-01,56.4263
2005-11-30,54.6434
2005-11-29,55.8264
2005-11-28,55.8240
2005-11-25,57.4460
2005-11-23,57.1464
2005-11-22,56.6485
2005-11-21,55.9149
2005-11-18,55.1451
2005-11-17,54.4955
2005-11-16,53.0799
2005-11-15,52.8058
2005-11-14,53.4689
2005-11-11,53.6026
2005-11-10,53.1513
2005-11-09,51.8892
2005-11-08,51.6332
2005-11-07,52.1927
2005-11-04,51.8682
2005-11-03,51.8441
2005-11-02,51.2229
2005-11-01,49.7459
2005-10-31,50.2761
2005-10-28,49.1987
2005-10-27,46.6186
2005-10-26,48.1571
2005-10-25,48.8120
2005-10-24,49.1739
2005-10-21,46.4533
2005-10-20,46.1972
2005-10-19,48.4855
2005-10-18,45.9003
2005-10-17,47.4910
2005-10-14,46.9575
2005-10-13,45.4553
2005-10-12,45.5649
2005-10-11,46.5083
2005-10-10,46.8345
2005-10-07,47.9876
2005-10-06,47.3315
2005-10-05,47.9930
2005-10-04,50.5568
2005-10-03,52.4194
2005-09-30,52.7492
2005-09-29,52.5921
2005-09-28,51.0652
2005-09-27,50.8878
2005-09-26,50.8836
2005-09-23,50.8360
2005-09-22,50.7434
2005-09-21,50.1345
2005-09-20,51.7190
2005-09-19,53.1544
2005-09-16,54.2074
2005-09-15,52.8503
2005-09-14,52.7733
2005-09-13,53.3813
2005-09-12,54.8203
2005-09-09,54.9635
2005-09-08,53.6952
2005-09-07,54.4156
2005-09-06,54.0316
2005-09-02,51.9724
2005-09-01,52.5097
2005-08-31,52.3387
2005-08-30,50.6870
2005-08-29,51.2541
2005-08-26,50.2385
2005-08-25,51.3027
2005-08-24,50.9117
2005-08-23,52.0954
2005-08-22,52.7191
2005-08-19,52.4459
2005-08-18,52.3535
2005-08-17,52.5310
2005-08-16,52.4140
2005-08-15,54.5502
2005-08-12,54.1097
2005-08-11,55.2320
2005-08-10,54.1378
2005-08-09,54.4772
2005-08-08,53.4244
2005-08-05,53.9133
2005-08-04,55.3424
2005-08-03,56.7817
2005-08-02,56.6706
2005-08-01,55.6013
2005-07-29,55.4570
2005-07-28,56.9400
2005-07-27,56.1015
2005-07-26,55.4078
2005-07-25,55.1441
2005-07-22,55.8531
2005-07-21,55.0414
2005-07-20,56.2922
2005-07-19,55.5806
2005-07-18,54.5584
2005-07-15,55.5977
2005-07-14,55.4230
2005-07-13,55.0299
2005-07-12,54.8983
2005-07-11,54.5630
2005-07-08,53.6355
2005-07-07,51.8516
2005-07-06,51.4670
2005-07-05,52.8919
2005-07-01,51.5060
2005-06-30,51.0889
2005-06-29,52.3007
2005-06-28,52.5482
2005-06-27,51.1094
2005-06-24,51.2330
2005-06-23,52.5328
2005-06-22,54.4841
2005-06-21,54.4499
2005-06-20,54.8230
2005-06-17,54.9509
2005-06-16,54.2182
2005-06-15,53.6774
2005-06-14,53.3471
2005-06-13,52.9654
2005-06-10,52.6311
2005-06-09,53.0166
2005-06-08,52.2532
2005-06-07,52.6009
2005-06-06,52.6342
2005-06-03,52.4581
2005-06-02,53.5446
2005-06-01,53.3066
2005-05-31,52.0555
2005-05-27,53.0039
2005-05-26,52.8693
2005-05-25,51.9826
2005-05-24,52.5008
2005-05-23,52.4767
2005-05-20,51.9540
2005-05-19,52.1757
2005-05-18,51.5521
2005-05-17,50.1913
2005-05-16,49.2242
2005-05-13,47.7935
2005-05-12,48.4053
2005-05-11,49.7922
2005-05-10,49.1966
2005-05-09,50.7238
2005-05-06,49.8146
2005-05-05,49.9695
2005-05-04,50.3327
2005-05-03,48.5702
2005-05-02,48.6864
2005-04-29,48.0308
2005-04-28,46.2993
2005-04-27,47.8118
2005-04-26,47.2256
2005-04-25,48.4329
2005-04-22,47.1417
2005-04-21,48.0703
2005-04-20,45.0166
2005-04-19,46.8609
2005-04-18,45.8908
2005-04-15,45.4066
2005-04-14,47.8412
2005-04-13,49.4155
2005-04-12,51.3944
2005-04-11,50.4801
2005-04-08,50.4787
2005-04-07,51.9116
2005-04-06,50.9375
2005-04-05,50.5642
2005-04-04,49.8261
2005-04-01,49.3748
2005-03-31,50.4443
2005-03-30,50.5594
2005-03-29,48.2879
2005-03-28,49.5315
2005-03-24,49.1184
2005-03-23,49.2723
2005-03-22,49.1566
2005-03-21,50.8357
2005-03-18,51.6799
2005-03-17,51.7605
2005-03-16,51.4760
2005-03-15,52.8627
2005-03-14,54.2098
2005-03-11,53.3406
2005-03-10,54.7283
2005-03-09,54.4437
2005-03-08,56.3766
2005-03-07,57.3240
2005-03-04,56.9379
2005-03-03,55.4920
2005-03-02,55.4427
2005-03-01,55.4938
2005-02-28,54.6456
2005-02-25,55.8396
2005-02-24,54.4322
2005-02-23,53.1979
2005-02-22,52.3004
2005-02-18,55.0240
2005-02-17,54.9127
2005-02-16,56.4814
2005-02-15,56.4533
2005-02-14,55.9480
2005-02-11,55.8417
2005-02-10,54.7823
2005-02-09,54.1270
2005-02-08,55.7589
2005-02-07,55.6850
2005-02-04,55.8924
2005-02-03,54.2103
2005-02-02,54.7257
2005-02-01,54.2357
2005-01-31,53.1621
2005-01-28,51.8086
2005-01-27,52.2869
2005-01-26,52.2216
2005-01-25,51.4517
2005-01-24,50.8100
2005-01-21,51.4007
2005-01-20,52.4990
2005-01-19,53.8835
2005-01-18,55.6603
2005-01-14,54.1595
2005-01-13,53.1985
2005-01-12,54.8374
2005-01-11,54.1999
2005-01-10,55.3850
2005-01-07,54.8420
2005-01-06,55.1182
2005-01-05,54.5689
2005-01-04,55.2596
2005-01-03,57.5926
2004-12-31,59.3199
2004-12-30,59.6112
2004-12-29,59.5992
2004-12-28,59.6148
2004-12-27,58.5921
2004-12-23,59.4874
2004-12-22,59.4219
2004-12-21,58.9414
2004-12-20,57.6486
2004-12-17,57.5938
2004-12-16,59.0968
2004-12-15,59.5223
2004-12-14,59.2534
2004-12-13,58.7116
2004-12-10,57.4471
2004-12-09,57.6487
2004-12-08,56.8772
2004-12-07,56.1765
2004-12-06,58.3162
2004-12-03,58.4690
2004-12-02,58.3711
2004-12-01,58.5392
2004-11-30,56.4581
2004-11-29,57.2226
2004-11-26,57.8845
2004-11-24,57.7798
2004-11-23,57.2129
2004-11-22,57.2600
2004-11-19,56.4500
2004-11-18,58.5385
2004-11-17,58.3538
2004-11-16,57.6031
2004-11-15,58.9482
2004-11-12,59.0064
2004-11-11,57.7894
2004-11-10,56.5347
2004-11-09,56.7182
2004-11-08,56.8438
2004-11-05,57.0401
2004-11-04,56.5210
2004-11-03,54.2922
2004-11-02,52.6590
2004-11-01,52.6525
2004-10-29,52.6123
2004-10-28,52.2578
2004-10-27,51.9968
2004-10-26,50.1156
2004-10-25,47.8269
2004-10-22,47.9518
2004-10-21,49.4018
2004-10-20,49.0026
2004-10-19,48.9424
2004-10-18,50.4105
2004-10-15,49.6088
2004-10-14,48.9238
2004-10-13,50.3437
2004-10-12,51.5058
2004-10-11,51.8723
2004-10-08,51.5733
2004-10-07,52.7934
2004-10-06,54.4915
2004-10-05,53.5151
2004-10-04,53.6183
2004-10-01,53.1461
2004-09-30,50.8794
2004-09-29,50.9109
2004-09-28,50.2586
2004-09-27,49.3455
2004-09-24,50.2597
2004-09-23,50.0179
2004-09-22,50.7387
2004-09-21,53.0124
2004-09-20,52.0594
2004-09-17,53.0048
2004-09-16,52.3278
2004-09-15,51.9056
2004-09-14,53.0813
2004-09-13,52.7495
2004-09-10,52.4994
2004-09-09,51.7674
2004-09-08,51.4874
2004-09-07,52.1977
2004-09-03,51.1880
2004-09-02,51.8450
2004-09-01,50.1789
2004-08-31,49.9495
2004-08-30,49.2493
2004-08-27,50.4240
2004-08-26,50.0599
2004-08-25,50.0424
2004-08-24,48.8531
2004-08-23,48.7834
2004-08-20,49.1281
2004-08-19,48.1676
2004-08-18,48.6676
2004-08-17,46.8129
2004-08-16,46.4780
2004-08-13,44.3651
2004-08-12,44.1309
2004-08-11,45.6423
2004-08-10,46.0435
2004-08-09,43.9845
2004-08-06,43.7937
2004-08-05,45.8487
2004-08-04,48.2340
2004-08-03,48.3803
2004-08-02,49.3426
2004-07-30,48.6322
2004-07-29,48.4451
2004-07-28,47.7176
2004-07-27,47.6320
2004-07-26,46.0484
2004-07-23,46.3211
2004-07-22,47.7087
2004-07-21,47.2766
2004-07-20,49.2772
2004-07-19,48.1436
2004-07-16,48.2104
2004-07-15,48.9327
2004-07-14,49.5916
2004-07-13,50.1009
2004-07-12,49.9922
2004-07-09,49.7825
2004-07-08,49.2799
2004-07-07,50.5187
2004-07-06,50.2359
2004-07-02,51.4878
2004-07-01,51.9823
2004-06-30,53.6769
2004-06-29,53.0905
2004-06-28,52.7292
2004-06-25,52.8810
2004-06-24,53.7574
2004-06-23,54.2421
2004-06-22,53.0646
2004-06-21,52.5532
2004-06-18,53.2078
2004-06-17,52.8444
2004-06-16,53.0504
2004-06-15,52.8649
2004-06-14,52.0575
2004-06-10,53.5584
2004-06-09,52.9451
2004-06-08,54.4375
2004-06-07,54.2317
2004-06-04,52.0641
2004-06-03,51.3227
2004-06-02,52.4595
2004-06-01,51.9848
2004-05-28,51.9201
2004-05-27,51.9996
2004-05-26,51.2228
2004-05-25,50.9903
2004-05-24,48.7481
2004-05-21,48.5051
2004-05-20,47.9318
2004-05-19,47.8652
2004-05-18,48.1992
2004-05-17,47.2470
2004-05-14,48.6267
2004-05-13,48.7160
2004-05-12,48.8160
2004-05-11,48.5899
2004-05-10,47.5530
2004-05-07,48.9012
2004-05-06,50.7701
2004-05-05,51.7288
2004-05-04,51.4923
2004-05-03,51.2479
2004-04-30,50.0232
2004-04-29,50.8353
2004-04-28,51.9067
2004-04-27,53.9675
2004-04-26,53.6703
2004-04-23,54.3484
2004-04-22,54.2734
2004-04-21,52.4555
2004-04-20,51.7482
2004-04-19,54.1027
2004-04-16,53.9616
2004-04-15,53.2885
2004-04-14,53.2104
2004-04-13,53.3767
2004-04-12,55.4941
2004-04-08,54.8368
2004-04-07,55.0012
2004-04-06,56.0428
2004-04-05,56.3743
2004-04-02,55.4318
2004-04-01,54.3649
2004-03-31,53.6910
2004-03-30,53.7945
2004-03-29,53.2865
2004-03-26,51.6228
2004-03-25,51.7650
2004-03-24,49.6082
2004-03-23,49.9303
2004-03-22,50.1073
2004-03-19,51.9018
2004-03-18,53.5463
2004-03-17,53.7372
2004-03-16,52.2080
2004-03-15,51.4572
2004-03-12,53.6013
2004-03-11,51.9116
2004-03-10,54.3254
2004-03-09,56.8615
2004-03-08,57.9160
2004-03-05,59.4994
2004-03-04,59.2739
2004-03-03,58.8389
2004-03-02,58.6205
2004-03-01,59.7299
2004-02-27,58.4896
2004-02-26,58.4862
2004-02-25,58.3468
2004-02-24,57.8323
2004-02-23,58.1251
2004-02-20,58.6044
2004-02-19,59.0571
2004-02-18,59.7899
2004-02-17,60.5930
2004-02-13,59.4344
2004-02-12,60.4187
2004-02-11,61.3142
2004-02-10,60.0551
2004-02-09,59.4465
2004-02-06,59.9085
2004-02-05,58.3805
2004-02-04,58.1513
2004-02-03,59.6345
2004-02-02,59.5524
2004-01-30,59.1136
2004-01-29,59.5721
2004-01-28,58.9810
2004-01-27,61.4233
2004-01-26,63.2971
2004-01-23,61.9019
2004-01-22,62.3046
2004-01-21,62.9246
2004-01-20,62.0312
2004-01-16,62.2077
2004-01-15,61.4151
2004-01-14,61.2580
2004-01-13,60.2915
2004-01-12,61.2627
2004-01-09,60.7066
2004-01-08,62.3557
2004-01-07,61.7885
2004-01-06,61.5172
2004-01-05,61.3702
2004-01-02,59.9443
2003-12-31,60.4940
2003-12-30,60.2565
2003-12-29,60.2400
2003-12-26,58.8120
2003-12-24,58.6130
2003-12-23,58.9126
2003-12-22,58.5889
2003-12-19,58.1382
2003-12-18,58.2139
2003-12-17,56.8654
2003-12-16,56.7194
2003-12-15,55.9494
2003-12-12,56.8044
2003-12-11,56.4903
2003-12-10,55.1599
2003-12-09,55.3144
2003-12-08,56.5725
2003-12-05,55.7256
2003-12-04,56.8749
2003-12-03,56.3374
2003-12-02,56.6001
2003-12-01,57.0850
2003-11-28,55.8175
2003-11-26,55.8515
2003-11-25,55.3636
2003-11-24,55.1701
2003-11-21,53.3244
2003-11-20,53.1403
2003-11-19,54.2753
2003-11-18,53.3513
2003-11-17,54.5919
2003-11-14,55.4913
2003-11-13,56.5909
2003-11-12,56.6073
2003-11-11,55.3371
2003-11-10,55.4091
2003-11-07,56.2218
2003-11-06,56.8727
2003-11-05,56.2303
2003-11-04,56.4210
2003-11-03,57.1852
2003-10-31,56.3479
2003-10-30,55.9637
2003-10-29,56.1144
2003-10-28,55.9829
2003-10-27,54.3884
2003-10-24,54.1569
2003-10-23,54.7551
2003-10-22,54.4076
2003-10-21,56.3637
2003-10-20,56.2304
2003-10-17,55.7020
2003-10-16,57.0604
2003-10-15,56.7410
2003-10-14,57.0841
2003-10-13,56.6931
2003-10-10,55.9972
2003-10-09,56.0787
2003-10-08,55.6097
2003-10-07,56.2625
2003-10-06,55.8055
2003-10-03,55.3845
2003-10-02,54.4738
2003-10-01,54.2809
2003-09-30,52.0818
2003-09-29,53.2835
2003-09-26,52.2908
2003-09-25,53.0218
2003-09-24,53.7248
2003-09-23,56.0757
2003-09-22,55.4702
2003-09-19,57.1520
2003-09-18,57.5696
2003-09-17,56.2656
2003-09-16,56.6873
2003-09-15,55.2592
2003-09-12,55.7350
2003-09-11,55.5171
2003-09-10,54.9748
2003-09-09,56.4829
2003-09-08,57.5565
2003-09-05,56.5743
2003-09-04,57.4130
2003-09-03,57.2520
2003-09-02,56.8481
2003-08-29,55.4977
2003-08-28,54.9854
2003-08-27,54.3812
2003-08-26,54.3752
2003-08-25,54.0776
2003-08-22,54.0141
2003-08-21,55.1926
2003-08-20,54.9112
2003-08-19,55.1462
2003-08-18,54.9046
2003-08-15,54.0587
2003-08-14,54.0438
2003-08-13,53.4402
2003-08-12,54.1219
2003-08-11,53.2157
2003-08-08,52.9347
2003-08-07,52.6110
2003-08-06,51.9516
2003-08-05,51.7999
2003-08-04,53.5831
2003-08-01,53.3402
2003-07-31,54.4056
2003-07-30,54.1557
2003-07-29,54.3416
2003-07-28,55.0939
2003-07-25,55.3186
2003-07-24,53.8554
2003-07-23,54.5767
2003-07-22,54.5340
2003-07-21,53.7375
2003-07-18,55.2210
2003-07-17,54.2293
2003-07-16,55.5187
2003-07-15,56.1916
2003-07-14,56.5579
2003-07-11,56.0899
2003-07-10,55.3085
2003-07-09,56.7291
2003-07-08,57.3326
2003-07-07,57.0597
2003-07-03,55.5290
2003-07-02,56.3789
2003-07-01,55.4264
2003-06-30,54.7619
2003-06-27,54.9390
2003-06-26,55.9321
2003-06-25,55.0584
2003-06-24,55.9022
2003-06-23,55.7538
2003-06-20,57.2243
2003-06-19,57.1460
2003-06-18,58.7913
2003-06-17,58.9616
2003-06-16,58.8930
2003-06-13,57.2005
2003-06-12,58.2556
2003-06-11,58.1767
2003-06-10,57.2001
2003-06-09,56.4960
2003-06-06,57.7361
2003-06-05,57.9879
2003-06-04,57.6906
2003-06-03,56.5525
2003-06-02,56.1925
2003-05-30,55.9240
2003-05-29,54.8097
2003-05-28,55.1616
2003-05-27,55.0236
2003-05-23,53.5482
2003-05-22,53.4371
2003-05-21,52.7417
2003-05-20,52.4367
2003-05-19,52.5307
2003-05-16,54.7119
2003-05-15,54.9378
2003-05-14,54.3600
2003-05-13,54.6415
2003-05-12,54.9018
2003-05-09,54.0050
2003-05-08,52.9722
2003-05-07,53.8177
2003-05-06,54.2521
2003-05-05,53.6474
2003-05-02,53.9632
2003-05-01,52.8989
2003-04-30,52.9530
2003-04-29,53.0323
2003-04-28,52.8058
2003-04-25,51.5792
2003-04-24,52.6383
2003-04-23,53.2854
2003-04-22,52.7092
2003-04-21,51.2118
2003-04-17,51.3414
2003-04-16,50.2634
2003-04-15,51.1520
2003-04-14,50.7134
2003-04-11,49.3567
2003-04-10,49.6169
2003-04-09,49.1679
2003-04-08,50.1347
2003-04-07,50.2643
2003-04-04,50.1809
2003-04-03,49.9977
2003-04-02,50.3352
2003-04-01,48.6169
2003-03-31,47.8011
2003-03-28,48.9375
2003-03-27,49.3153
2003-03-26,49.4222
2003-03-25,49.7775
2003-03-24,48.9862
2003-03-21,51.3764
2003-03-20,49.8422
2003-03-19,49.7142
2003-03-18,49.1288
2003-03-17,48.8456
2003-03-14,46.4830
2003-03-13,46.3700
2003-03-12,44.0183
2003-03-11,43.7152
2003-03-10,44.1740
2003-03-07,45.6687
2003-03-06,45.0892
2003-03-05,45.6355
2003-03-04,44.9706
2003-03-03,45.8704
2003-02-28,46.3210
2003-02-27,46.0026
2003-02-26,45.1989
2003-02-25,45.9608
2003-02-24,45.4694
2003-02-21,46.5526
2003-02-20,45.6486
2003-02-19,46.2061
2003-02-18,46.6273
2003-02-14,45.3058
2003-02-13,43.8343
2003-02-12,43.9212
2003-02-11,44.6196
2003-02-10,45.0731
2003-02-07,44.5591
2003-02-06,45.1184
2003-02-05,45.4794
2003-02-04,45.7847
2003-02-03,46.5931
2003-01-31,46.2373
2003-01-30,45.3782
2003-01-29,46.6845
2003-01-28,46.2360
2003-01-27,45.3774
2003-01-24,46.2924
2003-01-23,48.0685
2003-01-22,47.3812
2003-01-21,48.0257
2003-01-17,49.0284
2003-01-16,49.9569
2003-01-15,50.2210
2003-01-14,51.2094
2003-01-13,50.8271
2003-01-10,50.9223
2003-01-09,50.9223
2003-01-08,49.6955
2003-01-07,50.6123
2003-01-06,51.0454
2003-01-03,49.6217
2003-01-02,49.6523
2002-12-31,47.5409
2002-12-30,47.5090
2002-12-27,47.2165
2002-12-26,48.1598
2002-12-24,48.3469
2002-12-23,48.6719
2002-12-20,48.5598
2002-12-19,47.7620
2002-12-18,48.2008
2002-12-17,48.9649
2002-12-16,49.4461
2002-12-13,48.0282
2002-12-12,48.8068
2002-12-11,49.0250
2002-12-10,48.9912
2002-12-09,48.1649
2002-12-06,49.4447
2002-12-05,49.0711
2002-12-04,49.7735
2002-12-03,49.9756
2002-12-02,50.8586
2002-11-29,50.9730
2002-11-27,51.1357
2002-11-26,49.5552
2002-11-25,50.7914
2002-11-22,50.6478
2002-11-21,50.8497
2002-11-20,49.6440
2002-11-19,48.5419
2002-11-18,48.7601
2002-11-15,49.3305
2002-11-14,48.9859
2002-11-13,47.6164
2002-11-12,47.6407
2002-11-11,47.2144
2002-11-08,48.2750
2002-11-07,48.7340
2002-11-06,49.9811
2002-11-05,49.4770
2002-11-04,49.0524
2002-11-01,48.6065
2002-10-31,47.6803
2002-10-30,47.9571
2002-10-29,47.4383
2002-10-28,47.8813
2002-10-25,48.2885
2002-10-24,47.3902
2002-10-23,48.1304
2002-10-22,47.7788
2002-10-21,48.2935
2002-10-18,47.4000
2002-10-17,47.0956
2002-10-16,45.9593
2002-10-15,47.0605
2002-10-14,44.6146
2002-10-11,44.2253
2002-10-10,42.1744
2002-10-09,40.3075
2002-10-08,41.3610
2002-10-07,40.4286
2002-10-04,41.1708
2002-10-03,42.0829
2002-10-02,42.5349
2002-10-01,43.5618
2002-09-30,41.2877
2002-09-27,41.9029
2002-09-26,43.3518
2002-09-25,42.2635
2002-09-24,40.7728
2002-09-23,41.5185
2002-09-20,42.1331
2002-09-19,41.9836
2002-09-18,43.3756
2002-09-17,43.5964
2002-09-16,44.5622
2002-09-13,44.4734
2002-09-12,44.2762
2002-09-11,45.5116
2002-09-10,45.5188
2002-09-09,45.0836
2002-09-06,44.4881
2002-09-05,43.5039
2002-09-04,44.2482
2002-09-03,43.2171
2002-08-30,45.2530
2002-08-29,45.3485
2002-08-28,45.3524
2002-08-27,46.2778
2002-08-26,47.0084
2002-08-23,46.5604
2002-08-22,47.7841
2002-08-21,46.9466
2002-08-20,46.1877
2002-08-19,46.9219
2002-08-16,45.5144
2002-08-15,45.5946
2002-08-14,44.9087
2002-08-13,42.5355
2002-08-12,43.5562
2002-08-09,43.8116
2002-08-08,43.5979
2002-08-07,41.6285
2002-08-06,40.4017
2002-08-05,38.5582
2002-08-02,40.0024
2002-08-01,41.0440
2002-07-31,42.4799
2002-07-30,41.8236
2002-07-29,41.5402
2002-07-26,37.9517
2002-07-25,36.7801
2002-07-24,37.0106
2002-07-23,33.0375
2002-07-22,34.0607
2002-07-19,35.4196
2002-07-18,37.1875
2002-07-17,38.5577
2002-07-16,38.0903
2002-07-15,39.0636
2002-07-12,39.2645
2002-07-11,39.6108
2002-07-10,39.0005
2002-07-09,40.9070
2002-07-08,42.4291
2002-07-05,43.2181
2002-07-03,40.0292
2002-07-02,39.4664
2002-07-01,40.7779
2002-06-28,42.1977
2002-06-27,42.2537
2002-06-26,40.6363
2002-06-25,40.8077
2002-06-24,41.9123
2002-06-21,41.5766
2002-06-20,42.7404
2002-06-19,43.7014
2002-06-18,44.9453
2002-06-17,44.8580
2002-06-14,42.1717
2002-06-13,42.3323
2002-06-12,43.0867
2002-06-11,42.4591
2002-06-10,43.6779
2002-06-07,43.3786
2002-06-06,43.4933
2002-06-05,44.9919
2002-06-04,44.1520
2002-06-03,44.1511
2002-05-31,46.1067
2002-05-30,45.8858
2002-05-29,46.1106
2002-05-28,46.6265
2002-05-24,47.3271
2002-05-23,48.3489
2002-05-22,47.4178
2002-05-21,46.8951
2002-05-20,47.8083
2002-05-17,48.9575
2002-05-16,48.2625
2002-05-15,47.6623
2002-05-14,48.1386
2002-05-13,46.2047
2002-05-10,44.4502
2002-05-09,45.8028
2002-05-08,47.0401
2002-05-07,43.2975
2002-05-06,43.5420
2002-05-03,45.1795
2002-05-02,46.0933
2002-05-01,46.2504
2002-04-30,45.3307
2002-04-29,44.2020
2002-04-26,45.0692
2002-04-25,46.3152
2002-04-24,46.4535
2002-04-23,47.1050
2002-04-22,47.6827
2002-04-19,49.1797
2002-04-18,49.1163
2002-04-17,49.2544
2002-04-16,49.4510
2002-04-15,47.1211
2002-04-12,47.8314
2002-04-11,47.1536
2002-04-10,49.4657
2002-04-09,48.2860
2002-04-08,48.9503
2002-04-05,48.7131
2002-04-04,49.0289
2002-04-03,48.9442
2002-04-02,49.9307
2002-04-01,50.7976
2002-03-28,50.8730
2002-03-27,50.6346
2002-03-26,50.1186
2002-03-25,49.5550
2002-03-22,50.9954
2002-03-21,51.4225
2002-03-20,51.2797
2002-03-19,52.8997
2002-03-18,52.5206
2002-03-15,52.5742
2002-03-14,51.5288
2002-03-13,51.6183
2002-03-12,52.6019
2002-03-11,52.8328
2002-03-08,52.5308
2002-03-07,52.0130
2002-03-06,52.4476
2002-03-05,51.1719
2002-03-04,51.8047
2002-03-01,50.0652
2002-02-28,47.9683
2002-02-27,48.2195
2002-02-26,48.1765
2002-02-25,48.1803
2002-02-22,46.5284
2002-02-21,45.7568
2002-02-20,47.0353
2002-02-19,45.7540
2002-02-15,47.3577
2002-02-14,48.3411
2002-02-13,48.5045
2002-02-12,47.5588
2002-02-11,47.9077
2002-02-08,46.5424
2002-02-07,45.0977
2002-02-06,45.3485
2002-02-05,45.8370
2002-02-04,46.1691
2002-02-01,48.3315
2002-01-31,48.9816
2002-01-30,47.5392
2002-01-29,46.3801
2002-01-28,49.0522
2002-01-25,49.0711
2002-01-24,48.9719
2002-01-23,48.6265
2002-01-22,47.8510
2002-01-18,48.5225
2002-01-17,49.4552
2002-01-16,48.4806
2002-01-15,50.0426
2002-01-14,49.3724
2002-01-11,49.9818
2002-01-10,50.9230
2002-01-09,50.8057
2002-01-08,51.2818
2002-01-07,51.6389
2002-01-04,52.2917
2002-01-03,51.7215
2002-01-02,50.8763
2001-12-31,50.3448
2001-12-28,51.4189
2001-12-27,51.1106
2001-12-26,50.4942
2001-12-24,50.1181
2001-12-21,50.1371
2001-12-20,49.7490
2001-12-19,50.4994
2001-12-18,49.9880
2001-12-17,49.3242
2001-12-14,48.4382
2001-12-13,48.1447
2001-12-12,49.4648
2001-12-11,49.4409
2001-12-10,49.6770
2001-12-07,51.0675
2001-12-06,51.7487
2001-12-05,52.0009
2001-12-04,50.1218
2001-12-03,48.9764
2001-11-30,49.6957
2001-11-29,49.7521
2001-11-28,48.8629
2001-11-27,50.4395
2001-11-26,51.0509
2001-11-23,50.5237
2001-11-21,49.5186
2001-11-20,49.9406
2001-11-19,50.5729
2001-11-16,49.6467
2001-11-15,49.9127
2001-11-14,49.8369
2001-11-13,49.6827
2001-11-12,48.1478
2001-11-09,48.2860
2001-11-08,48.1552
2001-11-07,47.9549
2001-11-06,48.1592
2001-11-05,46.9966
2001-11-02,45.8303
2001-11-01,45.5969
2001-10-31,43.7271
2001-10-30,43.7277
2001-10-29,44.8625
2001-10-26,46.5510
2001-10-25,46.2090
2001-10-24,45.0704
2001-10-23,45.0381
2001-10-22,45.3575
2001-10-19,44.1075
2001-10-18,43.7321
2001-10-17,44.2409
2001-10-16,45.4961
2001-10-15,44.9281
2001-10-12,45.0300
2001-10-11,45.3805
2001-10-10,44.1652
2001-10-09,42.3040
2001-10-08,42.6320
2001-10-05,43.1489
2001-10-04,43.0160
2001-10-03,43.1663
2001-10-02,41.5787
2001-10-01,40.5832
2001-09-28,40.7107
2001-09-27,38.9474
2001-09-26,38.0080
2001-09-25,38.2697
2001-09-24,37.5567
2001-09-21,34.3745
2001-09-20,35.2538
2001-09-19,36.8133
2001-09-18,37.6774
2001-09-17,37.9952
2001-09-10,41.0298
2001-09-07,40.4418
2001-09-06,41.6887
2001-09-05,43.3021
2001-09-04,43.3803
2001-08-31,43.4214
2001-08-30,43.0440
2001-08-29,44.2909
2001-08-28,45.1436
2001-08-27,46.3426
2001-08-24,46.7371
2001-08-23,44.8953
2001-08-22,45.1116
2001-08-21,44.4538
2001-08-20,45.3941
2001-08-17,44.6257
2001-08-16,45.9519
2001-08-15,45.6583
2001-08-14,46.2494
2001-08-13,46.5597
2001-08-10,46.4722
2001-08-09,45.9539
2001-08-08,45.9604
2001-08-07,47.3349
2001-08-06,47.0424
2001-08-03,47.9695
2001-08-02,48.4023
2001-08-01,48.0552
2001-07-31,47.7180
2001-07-30,47.2371
2001-07-27,47.3200
2001-07-26,47.1171
2001-07-25,46.2406
2001-07-24,44.8800
2001-07-23,46.0591
2001-07-20,47.3091
2001-07-19,47.5762
2001-07-18,47.0610
2001-07-17,47.4835
2001-07-16,46.6443
2001-07-13,47.4673
2001-07-12,46.9426
2001-07-11,44.9375
2001-07-10,45.0177
2001-07-09,46.0585
2001-07-06,45.4703
2001-07-05,47.2425
2001-07-03,48.2238
2001-07-02,48.3712
2001-06-29,47.5134
2001-06-28,47.6281
2001-06-27,46.5732
2001-06-26,46.9227
2001-06-25,47.0350
2001-06-22,47.4444
2001-06-21,48.1583
2001-06-20,47.2299
2001-06-19,46.5143
2001-06-18,46.2326
2001-06-15,46.5773
2001-06-14,46.8969
2001-06-13,48.1786
2001-06-12,49.0429
2001-06-11,48.9506
2001-06-08,49.5899
2001-06-07,50.3235
2001-06-06,49.9026
2001-06-05,50.7284
2001-06-04,49.7341
2001-06-01,49.3408
2001-05-31,49.0455
2001-05-30,48.5752
2001-05-29,49.7329
2001-05-25,50.3247
2001-05-24,51.2445
2001-05-23,51.0071
2001-05-22,52.2416
2001-05-21,52.4534
2001-05-18,51.2782
2001-05-17,51.0805
2001-05-16,50.8828
2001-05-15,48.8172
2001-05-14,48.7862
2001-05-11,48.5950
2001-05-10,49.1227
2001-05-09,49.1426
2001-05-08,49.4518
2001-05-07,49.5770
2001-05-04,49.7432
2001-05-03,48.7609
2001-05-02,49.7607
2001-05-01,49.7075
2001-04-30,48.7920
2001-04-27,48.9773
2001-04-26,47.9742
2001-04-25,47.6591
2001-04-24,46.5963
2001-04-23,47.3261
2001-04-20,48.2554
2001-04-19,48.7973
2001-04-18,47.9640
2001-04-17,45.3539
2001-04-16,44.6393
2001-04-12,44.8208
2001-04-11,43.7847
2001-04-10,43.8993
2001-04-09,42.0549
2001-04-06,41.4922
2001-04-05,42.5119
2001-04-04,39.4471
2001-04-03,39.5853
2001-04-02,41.3340
2001-03-30,42.0035
2001-03-29,41.2017
2001-03-28,41.4447
2001-03-27,42.7868
2001-03-26,40.8647
2001-03-23,40.0000
2001-03-22,38.4693
2001-03-21,38.6681
2001-03-20,39.5712
2001-03-19,40.8631
2001-03-16,39.4651
2001-03-15,40.5351
2001-03-14,40.0598
2001-03-13,41.5349
2001-03-12,40.3129
2001-03-09,43.0028
2001-03-08,44.7286
2001-03-07,44.5294
2001-03-06,43.9657
2001-03-05,43.0949
2001-03-02,42.5828
2001-03-01,42.9534
2001-02-28,42.8639
2001-02-27,43.8067
2001-02-26,44.3238
2001-02-23,42.8347
2001-02-22,43.1976
2001-02-21,43.3246
2001-02-20,44.5699
2001-02-16,45.8055
2001-02-15,47.2350
2001-02-14,46.5357
2001-02-13,46.6997
2001-02-12,47.3554
2001-02-09,46.3547
2001-02-08,47.3665
2001-02-07,47.8497
2001-02-06,48.5115
2001-02-05,48.6307
2001-02-02,48.3359
2001-02-01,49.7276
2001-01-31,49.2813
2001-01-30,49.7306
2001-01-29,49.1662
2001-01-26,48.6191
2001-01-25,48.7624
2001-01-24,49.1401
2001-01-23,48.9166
2001-01-22,47.9066
2001-01-19,47.8858
2001-01-18,48.1717
2001-01-17,47.1139
2001-01-16,46.9517
2001-01-12,46.4879
2001-01-11,46.8995
2001-01-10,46.1310
2001-01-09,45.4161
2001-01-08,45.1325
2001-01-05,45.2490
2001-01-04,46.9234
2001-01-03,47.6277
2001-01-02,43.8831
2000-12-29,45.7342
2000-12-28,46.4600
2000-12-27,46.1404
2000-12-26,45.3088
2000-12-22,44.7442
2000-12-21,42.7902
2000-12-20,42.1352
2000-12-19,44.1416
2000-12-18,45.0261
2000-12-15,44.3486
2000-12-14,45.8588
2000-12-13,46.8989
2000-12-12,47.5211
2000-12-11,48.0261
2000-12-08,47.3978
2000-12-07,45.7502
2000-12-06,46.1773
2000-12-05,47.5616
2000-12-04,44.1778
2000-12-01,43.5007
2000-11-30,43.4813
2000-11-29,44.9420
2000-11-28,44.5455
2000-11-27,45.2522
2000-11-24,44.7706
2000-11-22,43.4517
2000-11-21,44.8063
2000-11-20,44.4842
2000-11-17,45.8814
2000-11-16,46.1426
2000-11-15,47.1461
2000-11-14,46.6990
2000-11-13,44.5692
2000-11-10,45.3978
2000-11-09,47.4090
2000-11-08,47.9681
2000-11-07,49.3836
2000-11-06,49.4039
2000-11-03,49.0498
2000-11-02,49.1501
2000-11-01,48.7010
2000-10-31,49.1932
2000-10-30,47.2222
2000-10-27,45.9423
2000-10-26,44.8997
2000-10-25,44.9256
2000-10-24,46.8442
2000-10-23,46.6858
2000-10-20,46.7529
2000-10-19,46.2135
2000-10-18,42.9715
2000-10-17,43.4040
2000-10-16,44.7981
2000-10-13,44.7663
2000-10-12,41.4920
2000-10-11,43.4796
2000-10-10,44.8405
2000-10-09,45.7836
2000-10-06,46.2268
2000-10-05,48.0194
2000-10-04,47.8767
2000-10-03,47.3060
2000-10-02,47.9476
2000-09-29,47.9660
2000-09-28,49.4111
2000-09-27,47.1299
2000-09-26,47.1721
2000-09-25,47.9519
2000-09-22,48.5996
2000-09-21,48.6215
2000-09-20,48.7721
2000-09-19,49.3338
2000-09-18,48.2808
2000-09-15,49.6861
2000-09-14,50.7124
2000-09-13,50.9902
2000-09-12,50.7986
2000-09-11,51.2895
2000-09-08,51.6431
2000-09-07,52.1840
2000-09-06,51.5448
2000-09-05,52.5431
2000-09-01,53.4834
2000-08-31,53.2979
2000-08-30,52.3861
2000-08-29,52.8738
2000-08-28,53.1591
2000-08-25,52.7081
2000-08-24,52.8299
2000-08-23,52.6946
2000-08-22,52.2436
2000-08-21,52.3281
2000-08-18,51.8883
2000-08-17,52.1535
2000-08-16,51.2398
2000-08-15,51.5130
2000-08-14,51.9368
2000-08-11,50.8367
2000-08-10,50.1777
2000-08-09,50.9084
2000-08-08,51.4885
2000-08-07,51.2972
2000-08-04,50.3915
2000-08-03,49.8107
2000-08-02,49.0265
2000-08-01,48.9925
2000-07-31,48.5848
2000-07-28,47.9693
2000-07-27,49.5545
2000-07-26,49.7066
2000-07-25,50.9170
2000-07-24,50.3683
2000-07-21,51.2482
2000-07-20,52.1141
2000-07-19,51.3995
2000-07-18,52.0607
2000-07-17,53.0142
2000-07-14,52.9884
2000-07-13,52.2745
2000-07-12,52.1269
2000-07-11,51.5189
2000-07-10,51.2529
2000-07-07,51.4259
2000-07-06,50.3081
2000-07-05,49.7743
2000-07-03,50.9765
2000-06-30,50.2187
2000-06-29,49.5925
2000-06-28,50.2250
2000-06-27,50.0096
2000-06-26,50.2479
2000-06-23,49.5612
2000-06-22,50.0872
2000-06-21,51.4391
2000-06-20,51.2866
2000-06-19,51.7923
2000-06-16,50.7692
2000-06-15,51.4809
2000-06-14,51.0940
2000-06-13,51.0424
2000-06-12,49.9364
2000-06-09,50.4601
2000-06-08,50.6854
2000-06-07,51.1464
2000-06-06,50.5290
2000-06-05,50.9878
2000-06-02,51.4395
2000-06-01,50.1567
2000-05-31,48.8388
2000-05-30,48.9222
2000-05-26,46.7754
2000-05-25,46.9282
2000-05-24,47.6955
2000-05-23,46.4585
2000-05-22,47.6399
2000-05-19,47.9178
2000-05-18,49.2910
2000-05-17,49.7820
2000-05-16,50.6363
2000-05-15,50.0036
2000-05-12,48.5140
2000-05-11,47.8745
2000-05-10,46.6475
2000-05-09,47.9516
2000-05-08,48.5030
2000-05-05,48.8917
2000-05-04,47.7696
2000-05-03,48.0182
2000-05-02,49.4454
2000-05-01,50.4843
2000-04-28,49.7362
2000-04-27,50.3265
2000-04-26,50.1434
2000-04-25,50.9158
2000-04-24,48.6668
2000-04-20,48.8834
2000-04-19,48.5431
2000-04-18,49.1871
2000-04-17,47.2317
2000-04-14,44.9022
2000-04-13,48.8704
2000-04-12,50.2574
2000-04-11,52.0793
2000-04-10,52.2951
2000-04-07,52.9583
2000-04-06,52.2059
2000-04-05,51.4959
2000-04-04,51.8953
2000-04-03,52.5069
2000-03-31,52.1423
2000-03-30,51.6154
2000-03-29,52.7183
