,timestamp,open,high,low,close,volume
0,2020-03-20,91.7935,99.73,89.5674,91.67,2987842
1,2020-03-19,88.83,104.83,82.0,90.62,3712016
2,2020-03-18,100.44,100.99,81.79,89.88,4695580
3,2020-03-17,104.09,110.54,101.05,107.69,3699856
4,2020-03-16,99.16,106.25,94.2,102.36,5128914
5,2020-03-13,119.79,120.6,111.08,118.71,2244627
6,2020-03-12,116.72,117.36,110.35,113.01,2910971
7,2020-03-11,126.63,128.24,123.26,125.42,2112994
8,2020-03-10,128.18,131.14,122.77,130.82,2721815
9,2020-03-09,129.46,131.14,122.97,124.0,2760829
10,2020-03-06,136.3,138.3,131.39,136.05,2110569
11,2020-03-05,143.84,144.775,136.51,138.21,2214990
12,2020-03-04,144.86,148.445,144.5,147.89,1228700
13,2020-03-03,147.44,150.25,139.53,141.36,1557197
14,2020-03-02,140.73,147.23,139.31,147.08,2504941
15,2020-02-28,138.91,141.24,136.23,139.49,3112235
16,2020-02-27,147.19,148.74,142.63,142.74,3406937
17,2020-02-26,151.37,154.37,148.94,149.39,1667780
18,2020-02-25,158.93,159.1,149.5,150.06,2918784
19,2020-02-24,159.42,160.265,156.63,158.08,1313101
20,2020-02-21,163.48,164.35,161.575,163.43,967908
21,2020-02-20,163.5,164.3264,162.17,164.14,1574310
22,2020-02-19,166.28,166.28,164.125,164.39,1070708
23,2020-02-18,164.91,165.74,162.61,165.42,1436201
24,2020-02-14,165.3,165.5,162.17,164.32,2967361
25,2020-02-13,164.8,166.03,162.64,165.79,1439956
26,2020-02-12,164.85,169.14,160.0,166.11,2302381
27,2020-02-11,160.99,163.515,160.21,161.7,1582595
28,2020-02-10,157.0,160.14,156.52,159.93,1303778
29,2020-02-07,160.31,160.61,156.98,157.0,1193042
30,2020-02-06,160.64,161.25,159.79,160.53,976618
31,2020-02-05,159.06,161.55,158.38,159.76,1373281
32,2020-02-04,157.12,157.59,155.62,157.04,3384339
33,2020-02-03,156.6,157.2181,154.94,155.25,1786059
34,2020-01-31,156.63,157.19,154.45,155.25,1143230
35,2020-01-30,157.14,158.14,155.62,157.0,1594972
36,2020-01-29,158.85,160.325,158.405,158.5,821091
37,2020-01-28,157.86,159.5691,156.74,158.67,854554
38,2020-01-27,156.14,158.18,155.84,157.16,754916
39,2020-01-24,161.62,162.14,157.78,158.1,821432
40,2020-01-23,160.32,161.03,159.285,160.91,811664
41,2020-01-22,161.07,162.14,160.44,160.5,733812
42,2020-01-21,161.09,161.86,160.26,160.85,979908
43,2020-01-17,161.45,161.69,159.39,161.51,777413
44,2020-01-16,160.45,161.1,159.8,160.97,750744
45,2020-01-15,158.86,160.59,158.29,159.37,950008
46,2020-01-14,157.49,159.09,156.76,158.93,1089547
47,2020-01-13,159.63,159.63,157.575,158.15,1885061
48,2020-01-10,160.2,160.86,158.97,159.3,876403
49,2020-01-09,158.29,159.84,158.08,159.5,850441
50,2020-01-08,157.07,159.25,156.825,157.6,1182144
51,2020-01-07,155.78,157.9,155.38,156.8,1052869
52,2020-01-06,153.12,155.09,152.17,155.0,1539150
53,2020-01-03,153.97,154.95,153.73,154.19,1047163
54,2020-01-02,155.23,156.73,153.57,156.41,1925893
55,2019-12-31,153.31,154.68,153.06,154.51,760894
56,2019-12-30,154.47,154.5019,152.21,153.45,897936
57,2019-12-27,154.65,155.18,154.25,154.44,873921
58,2019-12-26,155.0,155.0,153.45,154.14,1307260
59,2019-12-24,155.03,155.12,154.04,154.7,483369
60,2019-12-23,156.0,156.43,153.24,154.87,2124739
61,2019-12-20,150.86,156.08,150.0,155.95,3610166
62,2019-12-19,147.09,149.81,146.48,149.69,1638095
63,2019-12-18,148.05,148.32,145.8,147.16,2005418
64,2019-12-17,147.05,148.09,144.9,147.99,1482485
65,2019-12-16,145.94,147.14,145.12,146.53,1289530
66,2019-12-13,145.26,146.78,144.42,144.85,1162883
67,2019-12-12,143.47,146.04,143.05,145.29,1121464
68,2019-12-11,146.29,146.29,143.4306,143.84,1304091
69,2019-12-10,146.7,146.98,145.02,146.12,1609474
70,2019-12-09,148.23,148.94,146.28,146.4,1412409
71,2019-12-06,146.32,148.8999,145.965,148.49,1107832
72,2019-12-05,145.29,145.88,143.32,145.35,1290281
73,2019-12-04,143.9,146.16,143.8,145.14,696952
74,2019-12-03,143.74,144.77,142.69,143.34,1336916
75,2019-12-02,145.98,146.255,143.78,143.94,1175545
76,2019-11-29,147.14,147.4,145.8,145.98,715690
77,2019-11-27,148.07,148.94,146.83,147.52,1594954
78,2019-11-26,146.06,148.37,145.71,147.96,1622326
79,2019-11-25,144.43,146.51,143.535,146.49,1631305
80,2019-11-22,144.1,144.69,143.11,143.74,1122376
81,2019-11-21,142.51,144.36,141.81,143.48,1072186
82,2019-11-20,142.41,143.5445,141.78,142.36,1905790
83,2019-11-19,142.32,143.75,142.0,142.86,802460
84,2019-11-18,146.24,146.24,141.7,142.12,1533916
85,2019-11-15,145.53,146.595,144.64,146.5,907498
86,2019-11-14,143.75,145.91,142.94,145.7,766841
87,2019-11-13,142.28,144.06,142.175,143.57,930833
88,2019-11-12,139.9,143.39,139.9,142.94,1340507
89,2019-11-11,136.73,140.52,136.73,140.52,1739242
90,2019-11-08,137.38,138.99,136.87,137.59,1451326
91,2019-11-07,138.58,139.27,137.14,137.84,1643056
92,2019-11-06,139.68,140.54,136.28,138.04,2474841
93,2019-11-05,146.26,146.7,139.78,139.89,1684856
94,2019-11-04,147.76,147.76,145.64,146.5,937454
95,2019-11-01,145.76,147.58,145.1,146.74,985657
96,2019-10-31,145.72,148.035,143.43,144.42,1091004
97,2019-10-30,147.89,147.89,139.02,145.74,3386542
98,2019-10-29,146.73,150.27,146.73,150.09,2091206
99,2019-10-28,147.45,148.8,147.37,147.75,1070544
100,2019-10-25,144.87,148.57,143.95,147.51,1179865
101,2019-10-24,143.7,146.7495,143.54,145.17,1212055
102,2019-10-23,143.14,144.09,142.7,143.48,1198036
103,2019-10-22,143.51,145.42,142.78,142.86,1075554
104,2019-10-21,144.65,144.91,142.04,143.14,1052910
105,2019-10-18,144.0,145.05,143.0,143.49,1517785
106,2019-10-17,145.65,146.075,142.99,143.35,1108730
107,2019-10-16,145.64,147.47,144.31,144.83,1335681
108,2019-10-15,147.21,148.69,146.23,146.56,928236
109,2019-10-14,146.28,147.93,145.855,146.36,720703
110,2019-10-11,146.73,148.97,145.9,145.98,755256
111,2019-10-10,145.5,146.8,144.47,144.89,778565
112,2019-10-09,145.95,146.63,144.88,145.58,757585
113,2019-10-08,147.0,147.0,143.47,144.53,867535
114,2019-10-07,148.41,150.12,147.725,148.7,956440
115,2019-10-04,147.79,149.91,147.6475,149.3,961395
116,2019-10-03,143.21,147.57,141.7,147.52,1890611
117,2019-10-02,143.79,144.325,140.56,143.24,1850390
118,2019-10-01,149.87,151.09,143.92,145.03,1704339
119,2019-09-30,148.1,150.25,147.16,149.38,1042840
120,2019-09-27,152.47,154.43,146.66,148.25,1666492
121,2019-09-26,155.07,155.07,151.5,151.84,1182571
122,2019-09-25,154.93,155.16,151.085,154.65,1663430
123,2019-09-24,157.81,158.25,154.71,155.42,1617915
124,2019-09-23,155.13,157.73,154.26,157.34,1763096
125,2019-09-20,154.77,157.32,154.6,155.6,5382869
126,2019-09-19,153.3,155.285,153.14,153.92,1124442
127,2019-09-18,152.54,153.73,151.39,153.44,1463189
128,2019-09-17,151.1,153.47,149.94,152.94,1909348
129,2019-09-16,150.66,152.84,149.755,150.84,1773042
130,2019-09-13,149.72,152.51,147.31,151.35,1467163
131,2019-09-12,150.72,151.82,149.91,150.73,1670186
132,2019-09-11,150.0,152.23,148.79,150.23,1597196
133,2019-09-10,150.18,150.78,146.52,150.41,2097064
134,2019-09-09,154.9,154.99,151.67,151.87,1947843
135,2019-09-06,154.17,155.72,152.75,154.07,998140
136,2019-09-05,152.97,154.52,151.33,154.08,1454268
137,2019-09-04,155.37,155.37,151.29,151.46,1258187
138,2019-09-03,153.78,155.13,153.0,153.91,748499
139,2019-08-30,156.74,156.74,153.44,155.15,793253
140,2019-08-29,155.09,156.52,154.46,155.98,528427
141,2019-08-28,153.33,154.15,151.72,153.46,840720
142,2019-08-27,155.67,155.75,152.76,153.66,1134197
143,2019-08-26,154.16,155.19,152.835,155.12,707976
144,2019-08-23,157.8,158.99,152.37,153.15,1083112
145,2019-08-22,158.49,158.74,155.47,156.55,790992
146,2019-08-21,155.89,157.46,154.56,157.19,717401
147,2019-08-20,156.92,157.11,154.77,154.82,585161
148,2019-08-19,156.66,157.5395,155.95,156.72,833899
149,2019-08-16,153.87,156.91,153.2,155.21,863379
150,2019-08-15,152.0,153.86,150.58,152.15,1206371
151,2019-08-14,154.96,156.6,150.22,151.21,1437298
152,2019-08-13,153.74,157.6,153.74,157.08,818153
153,2019-08-12,155.21,155.69,153.56,155.41,1000600
154,2019-08-09,157.21,157.43,154.9,156.0,2073935
155,2019-08-08,156.26,158.58,155.425,158.1,941456
156,2019-08-07,152.99,155.74,151.27,155.25,1114313
157,2019-08-06,152.66,154.81,151.85,154.45,833392
158,2019-08-05,155.17,155.17,150.67,151.8,1478419
159,2019-08-02,157.97,157.97,155.67,157.08,1057574
160,2019-08-01,159.73,160.88,157.28,158.21,760634
161,2019-07-31,160.28,161.515,157.915,159.17,1030387
162,2019-07-30,158.39,161.0616,157.1,160.53,1054452
163,2019-07-29,159.58,160.125,158.0987,159.3,734080
164,2019-07-26,160.83,161.44,158.64,159.88,657334
165,2019-07-25,160.75,161.88,159.82,160.09,1527917
166,2019-07-24,156.72,162.62,154.2,160.61,1946776
167,2019-07-23,156.81,157.16,155.165,156.76,1041135
168,2019-07-22,156.08,158.14,156.03,156.27,890698
169,2019-07-19,157.74,158.02,155.3,155.85,1020098
170,2019-07-18,156.02,157.59,154.38,157.28,1067406
171,2019-07-17,156.38,157.556,155.85,156.02,861420
172,2019-07-16,159.39,159.99,156.45,156.57,715326
173,2019-07-15,158.19,158.87,157.41,158.4,586087
174,2019-07-12,158.51,159.135,156.37,157.36,783534
175,2019-07-11,159.28,159.34,157.24,159.24,1046867
176,2019-07-10,159.27,159.99,158.32,159.35,1380244
177,2019-07-09,158.44,159.57,157.66,158.54,1455915
178,2019-07-08,160.52,160.52,158.58,159.14,1358874
179,2019-07-05,160.96,161.18,158.73,160.9,814210
180,2019-07-03,161.36,161.87,160.59,161.46,794249
181,2019-07-02,160.51,161.0,157.56,160.89,1100845
182,2019-07-01,162.12,164.13,158.8,160.7,1199738
183,2019-06-28,156.82,160.91,156.12,160.9,3479000
184,2019-06-27,156.18,157.58,155.8,156.63,657658
185,2019-06-26,154.2,156.21,152.94,155.63,1520974
186,2019-06-25,158.3,158.51,153.38,154.14,1623864
187,2019-06-24,157.68,159.01,155.595,157.43,1428467
188,2019-06-21,155.76,158.99,154.5325,158.67,2799390
189,2019-06-20,156.88,159.545,153.08,154.52,1865791
190,2019-06-19,145.66,155.13,145.66,154.24,4014272
191,2019-06-18,143.03,146.495,142.27,145.66,2138729
192,2019-06-17,141.48,142.67,140.98,141.45,941958
193,2019-06-14,141.4,143.83,140.65,141.3,1090431
194,2019-06-13,140.32,141.51,139.59,141.08,1574565
195,2019-06-12,139.44,140.23,137.79,139.9,1142596
196,2019-06-11,140.46,141.32,138.64,139.43,1243089
197,2019-06-10,139.64,140.42,138.195,139.72,1270356
198,2019-06-07,138.44,139.165,136.89,138.74,889887
199,2019-06-06,138.75,140.36,137.15,137.41,871481
200,2019-06-05,136.93,138.64,136.09,138.17,1283456
201,2019-06-04,133.43,135.74,131.87,135.57,1838287
202,2019-06-03,136.32,138.0,132.81,132.95,2051563
203,2019-05-31,134.93,136.96,134.39,135.85,972159
204,2019-05-30,135.64,136.97,135.13,136.13,545951
205,2019-05-29,135.78,136.72,134.77,135.32,924742
206,2019-05-28,137.9,139.025,136.47,136.61,1418541
207,2019-05-24,135.44,137.62,135.44,136.38,984085
208,2019-05-23,133.91,134.46,132.18,134.44,1354995
209,2019-05-22,134.29,135.255,133.26,134.82,1246630
210,2019-05-21,134.7,135.48,134.18,134.57,699918
211,2019-05-20,133.33,135.07,132.76,133.67,1022199
212,2019-05-17,133.53,135.48,133.09,133.67,1372548
213,2019-05-16,136.02,136.59,134.465,135.24,787193
214,2019-05-15,133.53,136.49,132.79,135.27,997344
215,2019-05-14,133.0,135.17,133.0,134.55,1036762
216,2019-05-13,131.45,133.45,130.77,132.28,1446371
217,2019-05-10,132.46,134.505,130.84,134.16,1648593
218,2019-05-09,131.96,134.05,131.35,133.14,1337529
219,2019-05-08,134.74,135.13,132.84,133.22,1140354
220,2019-05-07,137.5,138.81,133.17,134.37,1124856
221,2019-05-06,136.87,138.81,136.75,138.77,1189414
222,2019-05-03,137.25,139.12,136.36,138.84,1597501
223,2019-05-02,134.41,136.21,132.73,136.14,1417057
224,2019-05-01,137.21,137.99,134.13,134.99,1773665
225,2019-04-30,139.28,140.26,138.67,138.9,1127332
226,2019-04-29,139.43,140.0,137.73,139.09,844438
227,2019-04-26,137.38,138.79,136.26,138.7,930042
228,2019-04-25,135.8,137.95,134.99,137.36,1212413
229,2019-04-24,137.0,137.85,134.5975,135.79,1240764
230,2019-04-23,133.92,138.1,132.82,137.02,1195240
231,2019-04-22,132.86,134.59,132.21,134.37,1144835
232,2019-04-18,132.4,134.65,131.03,133.01,1190671
233,2019-04-17,137.36,137.36,131.34,132.31,2170287
234,2019-04-16,142.4,142.48,135.7,136.29,1243017
235,2019-04-15,142.5,143.15,140.54,141.08,966546
236,2019-04-12,143.9,144.65,142.355,142.52,814317
237,2019-04-11,144.85,144.85,142.74,143.18,909449
238,2019-04-10,144.87,146.1,144.39,144.81,1256068
239,2019-04-09,143.76,145.22,143.49,144.29,973276
240,2019-04-08,144.33,144.33,141.885,144.04,757417
241,2019-04-05,142.75,144.66,142.21,144.26,1398913
242,2019-04-04,144.84,144.84,140.88,142.23,1738010
243,2019-04-03,145.26,145.72,144.04,144.4,1865014
244,2019-04-02,144.24,144.97,143.84,144.3,771561
245,2019-04-01,145.25,145.6,144.28,144.31,984904
246,2019-03-29,142.68,144.28,142.09,143.85,1059503
247,2019-03-28,141.8,142.25,140.24,141.84,760698
248,2019-03-27,143.3,143.81,139.87,141.15,1102350
249,2019-03-26,142.96,143.98,142.58,143.66,700774
250,2019-03-25,141.55,142.15,139.76,141.59,1217754
251,2019-03-22,143.34,144.48,141.57,141.65,1016074
252,2019-03-21,141.43,144.55,140.32,144.26,1604526
253,2019-03-20,144.66,144.67,142.81,143.25,1432897
254,2019-03-19,143.61,145.16,143.31,144.45,1128234
255,2019-03-18,140.05,143.11,140.05,143.08,1435530
256,2019-03-15,140.66,142.425,140.66,141.53,1938978
257,2019-03-14,141.59,142.467,140.83,140.98,712700
258,2019-03-13,140.72,142.28,140.71,141.55,1093194
259,2019-03-12,140.05,140.25,138.81,139.85,1880472
260,2019-03-11,137.68,139.6,137.35,139.41,1423400
261,2019-03-08,136.78,137.785,136.22,137.43,799513
262,2019-03-07,139.16,139.16,137.14,137.85,2836399
263,2019-03-06,140.42,141.84,138.84,139.19,2776929
264,2019-03-05,141.69,143.45,141.29,141.49,1425418
265,2019-03-04,143.64,144.766,139.8,141.49,973865
266,2019-03-01,140.9,143.92,140.9,143.35,1375615
267,2019-02-28,141.3,141.39,140.05,140.1,1263275
268,2019-02-27,140.5,142.085,140.25,141.64,1051395
269,2019-02-26,141.63,142.14,140.38,140.99,1351914
270,2019-02-25,143.29,143.66,141.67,141.77,1362441
271,2019-02-22,141.7,143.08,141.15,142.46,1050594
272,2019-02-21,141.19,142.85,140.83,142.02,1550041
273,2019-02-20,141.68,141.68,139.9,141.19,1058400
274,2019-02-19,141.32,142.67,140.67,141.49,1080264
275,2019-02-15,142.81,143.36,140.17,141.85,1754495
276,2019-02-14,135.0,143.42,135.0,141.13,3219613
277,2019-02-13,132.29,132.37,130.175,131.82,1245536
278,2019-02-12,129.78,131.83,128.9,131.66,1647057
279,2019-02-11,128.7,129.97,128.7,129.1,794893
280,2019-02-08,128.65,129.22,128.23,128.81,935367
281,2019-02-07,139.65,139.65,128.49,129.65,919495
282,2019-02-06,129.93,131.09,129.5,130.66,638228
283,2019-02-05,128.93,130.64,128.93,130.09,952531
284,2019-02-04,129.37,129.96,128.47,129.02,1158077
285,2019-02-01,129.13,130.0,128.16,129.56,1076824
286,2019-01-31,127.19,129.09,126.5,129.01,941529
287,2019-01-30,124.72,127.99,124.55,127.56,530481
288,2019-01-29,124.9,125.34,123.8657,124.89,659823
289,2019-01-28,124.71,125.15,123.57,124.69,888152
290,2019-01-25,125.15,126.75,125.15,125.98,1004430
291,2019-01-24,125.84,125.98,123.905,125.11,1363839
292,2019-01-23,125.62,126.54,123.7,126.13,989721
293,2019-01-22,126.15,126.7299,124.45,124.86,1314263
294,2019-01-18,126.41,127.61,124.905,127.19,2140093
295,2019-01-17,124.14,124.74,122.55,124.09,1268486
296,2019-01-16,123.59,125.82,123.51,124.74,1491445
297,2019-01-15,121.57,122.97,121.21,122.88,1332471
298,2019-01-14,121.72,122.15,121.17,121.49,919611
299,2019-01-11,123.42,123.42,121.11,122.81,1136003
300,2019-01-10,121.57,123.43,120.3,123.36,1032394
301,2019-01-09,120.0,122.55,120.0,122.16,1609272
302,2019-01-08,118.29,119.7,116.96,119.63,1286786
303,2019-01-07,115.26,118.635,114.75,117.2,1170756
304,2019-01-04,111.21,115.99,110.525,115.07,1402417
305,2019-01-03,112.75,113.17,107.79,109.96,2178879
306,2019-01-02,114.41,115.76,112.38,114.31,1155698
307,2018-12-31,114.61,116.19,114.35,116.17,991381
308,2018-12-28,112.8,115.28,111.95,113.91,1280514
309,2018-12-27,109.32,112.44,107.95,112.38,997730
310,2018-12-26,105.78,111.45,105.52,111.19,1253032
311,2018-12-24,107.42,107.8,104.9,105.7,876254
312,2018-12-21,110.13,111.21,107.59,108.22,2710717
313,2018-12-20,113.08,114.0,109.52,110.2,2029108
314,2018-12-19,115.28,116.57,111.62,113.79,1714459
315,2018-12-18,116.24,116.99,114.06,115.46,1988900
316,2018-12-17,117.5,118.04,114.915,115.66,2106081
317,2018-12-14,120.71,120.71,117.6,118.02,1429297
318,2018-12-13,122.73,123.82,119.61,121.5,978580
319,2018-12-12,122.52,125.03,122.1,122.34,1517874
320,2018-12-11,120.11,122.34,120.11,121.5,1875361
321,2018-12-10,118.6,119.34,115.73,119.12,1402755
322,2018-12-07,121.04,121.81,117.045,117.98,1535153
323,2018-12-06,121.35,121.86,118.35,121.85,1716513
324,2018-12-04,127.19,127.89,123.04,123.15,2852224
325,2018-12-03,128.64,129.01,126.845,127.38,2208841
326,2018-11-30,123.64,125.25,121.82,125.07,2966367
327,2018-11-29,123.65,126.12,123.65,124.95,1029785
328,2018-11-28,120.41,124.21,120.03,124.18,1510970
329,2018-11-27,118.88,120.3,118.49,120.07,1164870
330,2018-11-26,118.78,119.92,118.14,119.58,1010093
331,2018-11-23,115.67,119.01,115.15,117.73,286369
332,2018-11-21,116.61,118.13,116.05,116.21,1174620
333,2018-11-20,114.33,117.06,113.12,115.85,1266194
334,2018-11-19,119.56,120.27,114.86,115.44,1407070
335,2018-11-16,118.58,120.46,117.69,119.39,1730728
336,2018-11-15,117.2,119.4,115.39,119.13,1325065
337,2018-11-14,120.37,122.57,117.22,117.41,1433521
338,2018-11-13,121.49,122.81,119.535,119.66,1230010
339,2018-11-12,123.67,123.905,120.27,121.12,712463
340,2018-11-09,125.21,126.03,122.765,124.17,656486
341,2018-11-08,125.91,126.83,125.29,125.69,780064
342,2018-11-07,123.77,126.77,123.45,126.62,943739
343,2018-11-06,121.78,122.88,121.305,122.37,858873
344,2018-11-05,122.31,122.31,120.8,121.67,1847735
345,2018-11-02,122.9,123.55,120.419,121.71,1135796
346,2018-11-01,123.33,123.775,121.45,122.24,1050608
347,2018-10-31,120.89,124.86,120.89,122.93,1391750
348,2018-10-30,121.26,122.36,118.54,119.83,1433785
349,2018-10-29,119.68,123.56,118.61,120.81,1969361
350,2018-10-26,118.5,121.05,117.59,120.19,2385772
351,2018-10-25,116.46,121.16,115.8501,119.92,1809372
352,2018-10-24,122.25,123.71,115.0021,115.24,1954565
353,2018-10-23,124.47,124.47,115.33,122.48,2968120
354,2018-10-22,130.26,135.48,124.43,126.45,2807000
355,2018-10-19,128.75,130.22,126.5,126.89,1574001
356,2018-10-18,129.48,129.85,126.76,128.42,807486
357,2018-10-17,129.19,129.8,128.12,129.38,699914
358,2018-10-16,125.17,129.74,125.17,129.61,930371
359,2018-10-15,124.48,125.38,123.695,124.26,675931
360,2018-10-12,124.34,126.19,123.5,124.79,817784
361,2018-10-11,122.57,124.92,121.0,122.58,1626682
362,2018-10-10,127.31,127.76,122.6,122.81,879071
363,2018-10-09,126.34,128.435,125.85,127.38,945753
364,2018-10-08,127.88,127.88,125.43,126.44,821921
365,2018-10-05,126.89,129.04,126.57,127.79,1072643
366,2018-10-04,129.73,130.197,126.73,127.0,939631
367,2018-10-03,130.77,132.235,129.67,130.35,993725
368,2018-10-02,130.24,130.86,129.08,130.2,967879
369,2018-10-01,130.28,130.52,128.81,130.07,1538667
370,2018-09-28,130.57,131.71,129.48,129.74,1106579
371,2018-09-27,130.0,130.87,129.51,130.77,826893
372,2018-09-26,130.47,131.42,129.84,129.93,1387085
373,2018-09-25,129.0,130.43,128.59,129.82,1150648
374,2018-09-24,127.24,128.73,126.9,128.56,807059
375,2018-09-21,127.71,128.37,126.38,127.58,2623377
376,2018-09-20,125.76,127.35,125.32,127.17,1254273
377,2018-09-19,125.66,126.0,124.94,125.23,747642
378,2018-09-18,125.22,127.66,124.64,125.55,1513444
379,2018-09-17,126.4,126.4,124.92,125.07,1272732
380,2018-09-14,126.31,127.98,125.74,126.59,560207
381,2018-09-13,125.83,127.32,124.485,126.51,1167710
382,2018-09-12,124.65,125.34,122.28,125.15,1268309
383,2018-09-11,127.6,127.6,123.36,124.99,2235883
384,2018-09-10,127.72,128.21,126.75,127.92,529208
385,2018-09-07,126.32,127.72,126.24,127.02,1014546
386,2018-09-06,126.06,127.045,125.32,126.88,1066201
387,2018-09-05,128.03,128.4,125.5,125.95,1301749
388,2018-09-04,126.9,128.1,125.96,128.04,810676
389,2018-08-31,125.89,127.28,125.89,127.09,736695
390,2018-08-30,126.34,126.45,125.31,125.91,458967
391,2018-08-29,126.56,126.85,126.125,126.19,682677
392,2018-08-28,126.25,126.95,126.08,126.56,466097
393,2018-08-27,126.44,126.9399,125.2,126.42,852731
394,2018-08-24,124.5,126.3295,124.48,125.42,1011349
395,2018-08-23,124.13,125.45,123.81,124.39,884920
396,2018-08-22,122.28,124.1,121.69,123.86,1122108
397,2018-08-21,120.76,124.0,120.76,122.52,1899973
398,2018-08-20,120.9,121.3,119.53,120.3,1405354
399,2018-08-17,121.0,121.5,119.74,120.28,833892
400,2018-08-16,120.47,121.99,119.87,121.03,491273
401,2018-08-15,120.89,120.9,119.5851,120.2,1111266
402,2018-08-14,120.93,121.93,120.1,121.2,837897
403,2018-08-13,121.62,122.445,120.49,120.8,591422
404,2018-08-10,120.79,122.03,120.42,121.15,485715
405,2018-08-09,122.2,122.96,121.56,121.7,588918
406,2018-08-08,122.82,123.52,121.91,121.98,437445
407,2018-08-07,122.6,123.25,121.9598,122.86,650173
408,2018-08-06,123.07,123.32,121.74,122.16,1299873
409,2018-08-03,124.43,124.43,122.505,123.14,742491
410,2018-08-02,121.93,124.675,121.93,124.36,1321038
411,2018-08-01,122.2,122.96,121.78,122.06,861203
412,2018-07-31,121.48,123.17,121.25,121.94,1221093
413,2018-07-30,120.73,121.82,120.12,120.92,1109052
414,2018-07-27,121.88,121.89,119.64,120.45,812204
415,2018-07-26,124.6,124.6,120.92,122.03,2457711
416,2018-07-25,119.55,125.35,118.97,125.24,3040326
417,2018-07-24,113.17,120.91,113.17,118.38,3575806
418,2018-07-23,111.36,112.15,111.12,111.37,1925833
419,2018-07-20,110.08,111.17,110.03,111.11,1364024
420,2018-07-19,109.49,110.79,109.18,110.25,1282018
421,2018-07-18,108.83,109.68,108.39,109.68,1384234
422,2018-07-17,107.52,109.24,107.38,109.0,1029543
423,2018-07-16,107.73,108.05,107.07,107.69,1482803
424,2018-07-13,106.74,107.71,106.04,107.27,1259026
425,2018-07-12,105.04,106.97,104.75,106.9,1188634
426,2018-07-11,103.35,104.5479,103.25,104.21,1242941
427,2018-07-10,103.23,103.99,103.07,103.92,888042
428,2018-07-09,102.11,102.96,101.94,102.75,1053936
429,2018-07-06,100.63,101.88,100.4501,101.71,986007
430,2018-07-05,101.44,101.44,99.65,100.4,963120
431,2018-07-03,101.0,101.4,100.0,100.61,928030
432,2018-07-02,99.42,99.45,98.17,99.3,1634590
433,2018-06-29,99.76,100.59,99.43,99.82,1833514
434,2018-06-28,98.34,99.305,97.645,99.19,1734850
435,2018-06-27,100.89,101.21,98.57,98.7,1139907
436,2018-06-26,100.96,101.24,99.97,100.7,1264867
437,2018-06-25,103.7,103.7,100.72,100.81,1757966
438,2018-06-22,105.22,105.22,103.24,103.84,5843702
439,2018-06-21,105.95,105.95,104.6,104.73,984543
440,2018-06-20,105.83,106.99,105.54,105.61,1278369
441,2018-06-19,104.5,106.0,104.3062,105.95,2742743
442,2018-06-18,104.0,105.45,103.49,104.88,3648112
443,2018-06-15,102.63,103.4,101.81,103.28,2575702
444,2018-06-14,103.77,103.9,102.73,103.16,1751558
445,2018-06-13,103.0,103.62,102.29,103.36,4309684
446,2018-06-12,104.16,105.23,104.16,104.95,705596
447,2018-06-11,104.53,104.67,103.83,104.17,636373
448,2018-06-08,103.28,104.91,103.28,104.6,1090887
449,2018-06-07,103.8,103.95,102.48,103.17,569757
450,2018-06-06,101.8,103.86,101.4896,103.69,722385
451,2018-06-05,101.36,101.92,100.44,101.88,756797
452,2018-06-04,100.41,101.28,99.84,101.24,750317
453,2018-06-01,99.46,100.58,98.6,100.49,669591
454,2018-05-31,100.58,100.58,98.57,98.93,1818753
455,2018-05-30,99.88,100.87,99.7447,100.48,968866
456,2018-05-29,100.18,100.43,98.25,99.18,1240565
457,2018-05-25,101.76,101.99,100.09,100.5,1128663
458,2018-05-24,102.66,103.29,101.65,101.76,1223542
459,2018-05-23,101.81,103.15,101.54,102.44,1882580
460,2018-05-22,102.15,103.05,101.64,102.63,1387080
461,2018-05-21,101.71,103.37,101.42,102.21,1434938
462,2018-05-18,99.84,102.07,99.69,101.63,4200347
463,2018-05-17,99.35,99.35,97.4,97.83,2271330
464,2018-05-16,101.35,101.78,91.5701,99.13,10720361
465,2018-05-15,102.46,103.97,101.63,102.1,1220904
466,2018-05-14,103.11,103.88,102.4304,102.89,784048
467,2018-05-11,100.55,103.25,100.55,103.02,905085
468,2018-05-10,99.6,100.96,98.92,100.93,794107
469,2018-05-09,98.53,99.42,97.66,99.39,579677
470,2018-05-08,97.65,99.04,97.65,98.25,708904
471,2018-05-07,99.22,99.68,97.94,98.17,1037108
472,2018-05-04,96.43,99.39,96.36,99.02,951784
473,2018-05-03,96.85,97.72,95.745,97.3,950175
474,2018-05-02,97.61,99.24,95.56,96.91,1581203
475,2018-05-01,95.64,98.81,95.53,97.99,1392842
476,2018-04-30,96.8,97.29,95.75,95.76,1097680
477,2018-04-27,96.4,97.0,95.86,96.45,936905
478,2018-04-26,96.92,97.15,96.15,96.5,1037132
479,2018-04-25,96.56,96.99,95.095,96.49,548727
480,2018-04-24,97.84,98.345,95.905,96.74,864890
481,2018-04-23,97.44,99.08,97.115,98.01,1104917
482,2018-04-20,98.38,98.45,97.02,97.27,603898
483,2018-04-19,99.21,100.1,97.53,98.07,569667
484,2018-04-18,98.88,100.3,98.81,99.25,844629
485,2018-04-17,98.57,99.06,97.8,98.8,662979
486,2018-04-16,98.34,98.34,97.42,98.04,710066
487,2018-04-13,98.5,98.5,96.85,97.71,894577
488,2018-04-12,96.24,97.0,96.09,96.12,561074
489,2018-04-11,95.91,96.7,95.75,95.98,865412
490,2018-04-10,96.31,97.51,95.435,96.61,671166
491,2018-04-09,94.85,96.7,94.55,95.48,542392
492,2018-04-06,96.54,96.96,94.26,94.85,964842
493,2018-04-05,97.6,97.6,96.17,97.0,845210
494,2018-04-04,95.58,97.03,94.65,96.83,630257
495,2018-04-03,95.84,96.49,94.67,95.72,1525027
496,2018-04-02,98.18,99.565,94.76,95.7,1063671
497,2018-03-29,99.02,99.04,96.46,98.11,2042889
498,2018-03-28,100.09,100.09,97.59,98.62,1203437
499,2018-03-27,102.19,102.19,99.46,100.06,935535
500,2018-03-26,101.05,101.8,99.04,101.66,764218
501,2018-03-23,102.06,102.49,99.56,99.72,843639
502,2018-03-22,103.27,104.18,101.59,101.88,670677
503,2018-03-21,105.0,105.68,104.09,104.11,676297
504,2018-03-20,104.57,105.09,104.08,104.81,562772
505,2018-03-19,105.46,105.5,103.95,104.76,577159
506,2018-03-16,105.27,106.0,104.9283,105.69,830959
507,2018-03-15,105.32,106.5,105.005,105.34,716626
508,2018-03-14,106.08,106.32,104.37,104.84,1109950
509,2018-03-13,106.12,106.74,105.1,105.68,760841
510,2018-03-12,105.96,106.81,105.45,105.93,984527
511,2018-03-09,103.78,105.66,102.98,105.6,916357
512,2018-03-08,102.27,103.75,101.77,103.25,1033460
513,2018-03-07,100.74,102.33,100.33,101.93,773903
514,2018-03-06,99.92,100.76,99.63,100.66,620596
515,2018-03-05,98.03,100.15,96.94,99.69,833141
516,2018-03-02,96.94,99.52,96.24,98.17,989902
517,2018-03-01,98.43,98.87,96.725,97.2,1237524
518,2018-02-28,99.86,100.22,98.29,98.33,1764197
519,2018-02-27,99.97,100.9,98.71,99.57,1146329
520,2018-02-26,100.0,100.75,98.51,99.97,1655956
521,2018-02-23,98.87,99.925,98.21,99.78,1397831
522,2018-02-22,100.02,100.75,97.82,98.38,1248036
523,2018-02-21,100.64,101.49,99.73,99.76,1364059
524,2018-02-20,101.58,102.07,99.78,100.26,1300382
525,2018-02-16,101.39,102.5,101.16,101.72,1266937
526,2018-02-15,105.51,106.27,99.78,101.57,1869338
527,2018-02-14,100.98,108.38,100.0,104.68,2270776
528,2018-02-13,98.1,101.23,97.77,100.06,1313741
529,2018-02-12,96.9,99.439,95.95,98.63,1257163
530,2018-02-09,96.26,96.88,94.12,96.05,1183251
531,2018-02-08,98.29,98.91,95.22,95.23,941590
532,2018-02-07,98.19,100.25,98.16,98.21,904892
533,2018-02-06,95.21,98.47,93.0989,98.06,1621334
534,2018-02-05,100.32,100.99,95.96,96.75,1291530
535,2018-02-02,103.33,103.33,100.5,100.54,825647
536,2018-02-01,102.12,104.18,101.38,104.12,1083753
537,2018-01-31,104.59,104.97,101.86,102.19,1382801
538,2018-01-30,105.3,106.215,103.64,104.37,774671
539,2018-01-29,105.04,106.33,104.341,105.58,858252
540,2018-01-26,105.0,106.13,104.68,106.01,1763264
541,2018-01-25,103.5,105.1,103.5,104.58,814998
542,2018-01-24,103.21,103.84,103.11,103.5,703373
543,2018-01-23,102.96,104.07,102.6,103.21,930052
544,2018-01-22,102.76,104.03,102.48,102.84,1661433
545,2018-01-19,100.34,103.0451,100.34,103.0,1315872
546,2018-01-18,100.37,100.74,99.74,99.92,773237
547,2018-01-17,100.5,100.58,99.5651,100.22,975107
548,2018-01-16,100.43,101.01,99.85,99.93,957507
549,2018-01-12,99.93,100.68,99.46,100.04,742041
550,2018-01-11,99.27,100.06,98.45,99.86,1462166
551,2018-01-10,98.37,99.0,97.2,98.87,775688
552,2018-01-09,98.96,99.0,98.05,98.54,1159777
553,2018-01-08,98.48,98.79,98.13,98.6,830363
554,2018-01-05,97.44,98.83,97.34,98.56,1376490
555,2018-01-04,99.45,100.12,97.15,97.28,1795633
556,2018-01-03,99.76,100.16,99.08,99.52,738260
557,2018-01-02,98.52,100.47,97.57,99.76,1348932
558,2017-12-29,98.68,98.86,97.8701,97.9,838394
559,2017-12-28,98.88,98.88,97.45,98.31,1244955
560,2017-12-27,98.29,99.35,98.011,98.54,1297653
561,2017-12-26,99.56,99.7299,98.3,98.35,716515
562,2017-12-22,99.88,100.015,98.505,99.38,960488
563,2017-12-21,100.22,100.795,99.88,100.14,1279939
564,2017-12-20,101.53,101.6,100.28,100.32,1468751
565,2017-12-19,102.56,102.8587,101.11,101.26,1257915
566,2017-12-18,102.77,103.1,101.76,102.48,1000150
567,2017-12-15,101.39,102.22,101.27,102.06,2334663
568,2017-12-14,102.605,103.14,101.46,101.47,941647
569,2017-12-13,101.83,103.28,101.3,102.22,1211197
570,2017-12-12,101.68,101.83,100.86,101.65,784388
571,2017-12-11,101.93,102.22,100.94,101.68,1008121
572,2017-12-08,101.06,101.86,100.65,101.35,705739
573,2017-12-07,101.1,101.5,100.83,100.92,1057768
574,2017-12-06,100.93,101.96,100.41,101.01,919854
575,2017-12-05,101.15,102.55,100.871,101.0,1012132
576,2017-12-04,102.64,103.26,101.2,101.27,1364375
577,2017-12-01,102.43,102.77,100.5,102.27,1668173
578,2017-11-30,101.9,103.17,101.83,102.01,2777482
579,2017-11-29,101.73,102.45,100.72,101.31,1711510
580,2017-11-28,102.25,102.8,101.59,101.73,6121725
581,2017-11-27,104.27,104.72,102.28,102.55,1129982
582,2017-11-24,103.95,105.56,103.95,104.27,483627
583,2017-11-22,104.21,106.0,103.92,103.95,758603
584,2017-11-21,103.88,105.0,103.37,104.36,1210517
585,2017-11-20,104.44,104.99,103.87,103.9,1126726
586,2017-11-17,103.73,105.54,103.73,104.46,690163
587,2017-11-16,104.55,104.84,103.44,104.44,934752
588,2017-11-15,102.67,104.38,100.9,103.84,585527
589,2017-11-14,102.58,103.66,101.62,103.48,1299753
590,2017-11-13,101.98,103.87,101.18,102.91,1532547
591,2017-11-10,103.7,104.61,103.57,104.05,1138189
592,2017-11-09,103.55,103.77,101.5,103.51,2696460
593,2017-11-08,108.52,108.82,103.82,104.72,3088739
594,2017-11-07,108.89,110.67,108.13,108.19,1162706
595,2017-11-06,107.0,109.29,106.885,108.56,954313
596,2017-11-03,107.12,108.38,106.48,108.02,1059100
597,2017-11-02,108.4,108.52,107.08,107.3,963526
598,2017-11-01,108.25,109.0,107.59,108.43,813717
599,2017-10-31,107.14,108.81,107.14,108.1,1389366
600,2017-10-30,107.46,108.63,106.69,107.17,1021326
601,2017-10-27,107.06,108.43,105.31,107.66,2775287
602,2017-10-26,101.59,106.65,100.0,105.5,3206995
603,2017-10-25,101.89,102.98,101.35,101.43,1300186
604,2017-10-24,102.52,102.75,101.56,102.33,1220216
605,2017-10-23,103.18,103.28,102.15,102.16,1484220
606,2017-10-20,102.24,103.38,101.87,103.03,1920105
607,2017-10-19,100.1,102.09,100.1,101.82,1472363
608,2017-10-18,99.86,101.87,99.67,100.93,1689442
609,2017-10-17,99.26,99.92,99.065,99.67,1137575
610,2017-10-16,100.1,100.565,99.03,99.33,1198088
611,2017-10-13,98.5,100.0,98.02,99.85,1584104
612,2017-10-12,97.63,98.72,97.605,98.45,1055883
613,2017-10-11,96.49,97.94,96.4292,97.76,2483153
614,2017-10-10,95.9,96.34,95.24,96.2,1605543
615,2017-10-09,95.6,95.98,95.27,95.79,727909
616,2017-10-06,95.71,95.85,95.41,95.7,1546728
617,2017-10-05,95.48,95.785,94.95,95.6,1257246
618,2017-10-04,94.95,95.38,94.76,95.25,854913
619,2017-10-03,95.0,95.3,94.5,95.1,967155
620,2017-10-02,95.17,95.49,94.28,95.0,1226638
621,2017-09-29,95.0,95.24,94.43,95.07,1027172
622,2017-09-28,95.0,95.18,94.42,94.96,755067
623,2017-09-27,94.22,95.55,94.1,95.21,1892090
624,2017-09-26,94.88,95.27,93.98,94.08,1617769
625,2017-09-25,94.56,94.97,94.21,94.95,1133175
626,2017-09-22,93.84,94.7,93.79,94.7,1149074
627,2017-09-21,94.41,94.53,93.89,94.22,921266
628,2017-09-20,94.93,95.18,94.15,94.64,1510201
629,2017-09-19,95.5,95.53,94.57,95.0,1086208
630,2017-09-18,94.52,95.35,94.36,95.07,2055918
631,2017-09-15,94.94,95.04,93.85,94.47,5759583
632,2017-09-14,95.95,96.1918,95.15,95.45,1326993
633,2017-09-13,97.57,97.57,96.32,96.57,1002617
634,2017-09-12,96.88,97.595,96.37,97.52,888647
635,2017-09-11,97.5,97.5117,96.3,96.94,1334263
636,2017-09-08,96.48,97.14,96.24,97.0,834955
637,2017-09-07,96.69,97.37,95.85,96.74,1061914
638,2017-09-06,97.59,97.59,95.92,96.25,1565566
639,2017-09-05,95.5,97.01,95.49,96.95,2303308
640,2017-09-01,96.05,96.73,95.29,95.68,1270031
641,2017-08-31,95.96,96.41,94.78,96.03,1835676
642,2017-08-30,95.87,97.07,95.44,95.79,1909190
643,2017-08-29,95.41,97.33,95.25,96.0,3382304
644,2017-08-28,97.46,98.74,95.07,95.55,34428151
645,2017-08-25,98.35,99.95,97.875,98.82,9833611
646,2017-08-24,94.55,95.45,94.18,95.11,1461141
647,2017-08-23,94.3,94.93,93.76,94.11,676440
648,2017-08-22,93.3,94.83,93.19,94.73,1055703
649,2017-08-21,91.55,93.08,91.55,93.08,1154399
650,2017-08-18,91.53,92.22,90.56,91.55,1191690
651,2017-08-17,92.21,93.13,91.67,91.7,1255161
652,2017-08-16,91.67,93.05,91.58,92.59,1271411
653,2017-08-15,90.04,92.2,89.76,91.53,1679376
654,2017-08-14,89.43,90.55,89.255,89.99,1208324
655,2017-08-11,87.7,89.21,87.68,88.91,1006508
656,2017-08-10,89.88,90.33,87.45,87.57,1364169
657,2017-08-09,90.06,90.91,90.0,90.1,1320509
658,2017-08-08,91.17,91.255,90.09,90.67,980286
659,2017-08-07,90.62,91.32,89.95,91.19,1055896
660,2017-08-04,92.65,93.53,90.03,90.42,1263883
661,2017-08-03,90.25,93.42,90.25,91.1,1584430
662,2017-08-02,91.81,92.535,90.9,91.62,1451161
663,2017-08-01,90.62,91.34,90.2,91.29,1039447
664,2017-07-31,90.84,91.61,90.51,90.55,890731
665,2017-07-28,91.16,91.88,90.0,90.65,1015413
666,2017-07-27,91.96,92.54,91.39,91.59,967188
667,2017-07-26,90.82,91.88,90.77,91.7,840477
668,2017-07-25,91.7,91.945,90.07,90.52,860541
669,2017-07-24,91.74,91.89,91.06,91.72,915898
670,2017-07-21,90.4,91.48,90.4,91.15,753238
671,2017-07-20,90.89,90.94,89.89,90.3,760089
672,2017-07-19,90.39,91.19,90.25,90.96,649618
673,2017-07-18,89.94,90.17,89.375,90.07,641887
674,2017-07-17,89.88,90.81,89.61,90.08,958313
675,2017-07-14,89.26,89.57,88.83,89.38,464484
676,2017-07-13,89.23,89.72,88.39,89.22,634376
677,2017-07-12,88.68,89.41,88.38,88.91,551275
678,2017-07-11,88.27,88.69,87.8,88.12,606687
679,2017-07-10,88.98,89.05,88.05,88.27,598225
680,2017-07-07,88.95,89.94,88.0,88.85,954521
681,2017-07-06,88.68,88.68,87.641,87.86,723672
682,2017-07-05,88.48,89.36,88.16,89.16,634488
683,2017-07-03,89.6,89.6,88.15,88.23,532132
684,2017-06-30,89.61,89.76,89.09,89.5,718769
685,2017-06-29,90.75,90.75,88.34,89.42,867560
686,2017-06-28,89.9,90.795,89.06,90.59,715878
687,2017-06-27,90.23,90.75,89.37,89.47,712149
688,2017-06-26,91.18,91.6,90.12,90.18,769439
689,2017-06-23,90.77,91.15,90.21,91.08,2552751
690,2017-06-22,91.67,91.81,89.83,90.88,2837425
691,2017-06-21,88.8,90.43,88.17,89.78,1291978
692,2017-06-20,88.06,88.7,87.55,88.39,897307
693,2017-06-19,87.1,88.355,87.1,87.87,744110
694,2017-06-16,86.9,87.31,86.38,87.13,1524616
695,2017-06-15,85.97,86.91,85.8,86.63,826061
696,2017-06-14,86.65,87.17,85.83,86.35,565255
697,2017-06-13,85.95,87.1,85.83,86.73,974835
698,2017-06-12,86.15,86.27,84.3,85.59,1550443
699,2017-06-09,87.66,88.06,86.095,86.15,1042610
700,2017-06-08,88.0,88.02,87.4,87.8,943424
701,2017-06-07,87.01,87.9,86.98,87.57,758523
702,2017-06-06,87.04,87.71,86.54,87.09,659665
703,2017-06-05,88.22,88.38,87.26,87.29,897928
704,2017-06-02,87.5,88.43,87.24,87.93,1081006
705,2017-06-01,86.81,87.52,86.31,87.13,1148366
706,2017-05-31,85.64,86.51,85.59,86.44,1502905
707,2017-05-30,85.72,86.379,85.23,85.5,884026
708,2017-05-26,84.93,86.105,84.6,86.02,1374708
709,2017-05-25,84.2,85.51,83.8992,84.7,2406964
710,2017-05-24,83.98,84.31,83.24,84.22,631807
711,2017-05-23,84.0,84.0,83.16,83.8,767577
712,2017-05-22,83.32,83.56,82.83,83.54,555819
713,2017-05-19,83.42,83.76,82.94,83.05,1122290
714,2017-05-18,82.29,83.39,82.1,83.09,648078
715,2017-05-17,82.81,83.0,81.74,82.22,1078525
716,2017-05-16,82.1,83.4,82.0,83.19,1106170
717,2017-05-15,83.0,83.91,82.82,83.62,817811
718,2017-05-12,83.16,83.82,82.86,82.89,589171
719,2017-05-11,83.87,83.89,82.95,83.46,1192682
720,2017-05-10,84.01,84.71,83.31,83.8,1391502
721,2017-05-09,83.79,84.64,83.59,84.27,1330697
722,2017-05-08,82.66,83.88,82.31,83.64,1593446
723,2017-05-05,82.49,83.455,81.96,83.3,1186171
724,2017-05-04,83.1,83.457,81.82,82.2,1740677
725,2017-05-03,85.0,85.0,81.62,82.64,1747407
726,2017-05-02,84.66,85.59,84.17,85.34,1304535
727,2017-05-01,84.75,85.25,84.2,84.59,1335543
728,2017-04-28,83.62,84.49,83.57,84.28,1003008
729,2017-04-27,83.3,84.1,83.08,83.68,1065003
730,2017-04-26,82.66,83.49,82.37,83.02,1394375
731,2017-04-25,82.59,83.19,81.43,82.65,2069857
732,2017-04-24,83.0,83.965,82.66,82.75,1109425
733,2017-04-21,82.91,83.0,82.25,82.25,1781453
734,2017-04-20,81.5,82.99,81.07,82.88,1848578
735,2017-04-19,80.5,81.835,80.2,81.3,2451944
736,2017-04-18,79.16,80.06,79.075,79.99,1224697
737,2017-04-17,79.0,79.52,78.71,79.48,514111
738,2017-04-13,78.85,79.24,78.3,78.95,748509
739,2017-04-12,78.99,79.25,78.44,78.67,748410
740,2017-04-11,79.03,79.34,78.09,78.76,675983
741,2017-04-10,78.95,79.37,78.68,78.85,678294
742,2017-04-07,79.2,79.6185,78.75,79.19,795640
743,2017-04-06,78.79,79.36,78.105,79.33,998245
744,2017-04-05,78.94,79.26,78.07,78.23,1143649
745,2017-04-04,79.97,80.335,78.5401,78.85,772817
746,2017-04-03,80.39,80.75,79.69,80.02,1502924
747,2017-03-31,80.37,80.92,80.07,80.53,967380
748,2017-03-30,79.91,80.51,79.75,79.93,922721
749,2017-03-29,78.79,80.38,78.56,80.15,1633984
750,2017-03-28,78.7,78.97,77.975,78.7,1476611
751,2017-03-27,77.74,78.8,77.16,78.7,991094
752,2017-03-24,77.86,78.5,77.52,77.99,699369
753,2017-03-23,77.81,78.59,77.33,77.47,1005294
754,2017-03-22,77.85,77.99,76.8,77.53,1891792
755,2017-03-21,79.71,79.97,77.72,77.92,1378879
756,2017-03-20,81.38,81.5,79.13,80.0,1995714
757,2017-03-17,81.0,81.99,80.24,81.51,3547616
758,2017-03-16,80.58,80.82,79.92,80.41,1289258
759,2017-03-15,79.74,81.23,79.555,80.84,1525545
760,2017-03-14,80.16,80.71,79.555,79.63,2170141
761,2017-03-13,80.7,81.1,80.18,80.54,2418387
762,2017-03-10,80.03,80.97,79.79,80.7,2378775
763,2017-03-09,79.4,80.01,79.02,79.8,1947543
764,2017-03-08,77.25,79.82,76.9,79.13,1974438
765,2017-03-07,77.64,78.06,77.41,77.48,1340661
766,2017-03-06,77.42,78.57,77.09,77.9,1549737
767,2017-03-03,76.9,78.23,76.51,77.85,1218989
768,2017-03-02,76.87,77.15,76.51,76.78,1376892
769,2017-03-01,77.51,78.21,76.75,77.1,2035099
770,2017-02-28,79.0,79.0,77.35,77.39,1959706
771,2017-02-27,77.64,79.68,77.0,79.47,1563227
772,2017-02-24,78.51,79.37,77.385,77.64,1861848
773,2017-02-23,77.53,78.4,77.37,78.12,1954538
774,2017-02-22,76.34,77.49,76.06,77.35,1626389
775,2017-02-21,76.61,77.26,75.94,76.25,1226137
776,2017-02-17,77.63,77.96,76.03,76.75,1470641
777,2017-02-16,77.86,78.08,76.26,76.87,1616593
778,2017-02-15,81.36,81.36,77.56,77.85,3810487
779,2017-02-14,79.3,83.04,77.6,82.3,3615777
780,2017-02-13,79.5,80.85,79.45,80.0,1924529
781,2017-02-10,79.1,79.74,78.67,79.56,1011381
782,2017-02-09,78.04,79.14,77.96,78.85,1187051
783,2017-02-08,77.58,78.23,76.58,78.13,1175957
784,2017-02-07,78.16,78.38,77.54,77.99,1019382
785,2017-02-06,77.81,78.62,77.55,77.75,961140
786,2017-02-03,76.53,78.08,76.5,77.62,1033702
787,2017-02-02,77.9,78.25,76.86,78.21,666815
788,2017-02-01,78.28,79.02,77.98,78.56,1046130
789,2017-01-31,75.16,78.53,74.92,78.49,1145599
790,2017-01-30,76.11,76.11,74.86,75.35,671884
791,2017-01-27,75.74,76.49,75.46,76.36,1027367
792,2017-01-26,75.5,76.2,75.39,75.54,1026318
793,2017-01-25,75.79,76.11,75.41,75.53,964447
794,2017-01-24,76.16,76.18,74.8,75.35,1547198
795,2017-01-23,75.89,76.24,75.115,75.85,952225
796,2017-01-20,75.79,76.25,75.79,76.1,839379
797,2017-01-19,75.49,76.76,75.32,76.07,1523167
798,2017-01-18,77.1,77.24,75.05,75.59,1983015
799,2017-01-17,77.15,77.15,76.225,76.79,1015076
800,2017-01-13,77.23,77.96,76.98,77.16,654082
801,2017-01-12,76.91,77.51,76.43,77.19,1207749
802,2017-01-11,77.85,77.95,75.7,76.98,1784583
803,2017-01-10,77.72,78.34,77.34,77.88,1164628
804,2017-01-09,78.08,78.58,77.81,77.99,638016
805,2017-01-06,77.06,78.43,77.06,77.82,569329
806,2017-01-05,77.02,77.53,76.735,77.0,651913
807,2017-01-04,77.39,77.59,76.59,77.28,1138622
808,2017-01-03,76.71,77.42,76.47,76.93,1413465
809,2016-12-30,75.89,76.21,75.51,76.05,848649
810,2016-12-29,75.84,76.363,75.73,75.88,549524
811,2016-12-28,76.24,76.3,75.81,75.96,807768
812,2016-12-27,76.33,76.66,75.57,75.85,1177761
813,2016-12-23,74.84,76.27,74.84,76.22,623327
814,2016-12-22,75.63,75.92,74.73,74.95,1742831
815,2016-12-21,77.47,77.63,75.4,75.44,1105493
816,2016-12-20,77.13,77.25,76.34,76.89,919645
817,2016-12-19,78.15,78.36,76.4,76.68,1059065
818,2016-12-16,78.28,79.833,77.85,77.88,2614697
819,2016-12-15,79.4,80.98,78.95,80.54,2450771
820,2016-12-14,79.21,80.02,78.21,79.39,1983217
821,2016-12-13,80.04,80.24,78.93,79.32,1358386
822,2016-12-12,78.0,80.12,78.0,79.41,1930766
823,2016-12-09,77.87,78.68,77.87,78.34,1905434
824,2016-12-08,77.08,77.8,76.27,77.54,1826940
825,2016-12-07,77.55,77.55,75.83,76.93,3079688
826,2016-12-06,75.98,78.02,75.48,77.58,2461138
827,2016-12-05,74.73,75.92,74.57,75.7,1718248
828,2016-12-02,72.46,75.047,71.9,74.03,2486636
829,2016-12-01,75.6,76.12,72.73,73.0,5998122
830,2016-11-30,81.18,81.18,76.5,76.83,4811134
831,2016-11-29,80.02,81.15,79.5401,80.93,1737841
832,2016-11-28,80.63,80.84,79.69,79.82,1516096
833,2016-11-25,79.91,81.06,79.55,80.57,549586
834,2016-11-23,79.27,80.12,77.0,79.87,2045444
835,2016-11-22,80.07,80.55,79.65,80.2,1376644
836,2016-11-21,79.98,80.44,79.35,80.02,1879005
837,2016-11-18,79.55,80.02,78.86,79.88,1866465
838,2016-11-17,77.38,79.71,77.13,79.48,1523750
839,2016-11-16,77.85,78.05,77.15,77.31,1646584
840,2016-11-15,76.98,78.635,76.5101,77.94,1744684
841,2016-11-14,77.39,77.95,76.33,76.89,1382488
842,2016-11-11,77.89,78.6699,76.9382,77.13,1890523
843,2016-11-10,78.1,78.465,77.0,78.34,1747245
844,2016-11-09,77.54,79.51,76.52,77.68,2051323
845,2016-11-08,74.27,76.305,74.2,75.94,2252115
846,2016-11-07,73.54,74.7,73.03,74.59,2666728
847,2016-11-04,72.42,73.22,72.23,72.59,1728762
848,2016-11-03,72.43,73.62,72.16,72.21,1826799
849,2016-11-02,70.88,73.99,70.1,72.36,2333934
850,2016-11-01,71.94,72.44,71.19,71.66,1734083
851,2016-10-31,72.09,72.33,71.55,71.74,1458200
852,2016-10-28,71.81,72.27,71.31,71.77,1451097
853,2016-10-27,72.42,72.44,71.165,72.1,2295635
854,2016-10-26,74.46,74.46,73.11,73.12,2196107
855,2016-10-25,74.32,74.78,74.0,74.43,1624164
856,2016-10-24,74.4,74.57,73.9,74.54,2339583
857,2016-10-21,74.29,74.675,73.88,74.02,1849565
858,2016-10-20,75.0,75.42,74.36,74.42,2417881
859,2016-10-19,74.99,76.025,74.99,75.21,1158315
860,2016-10-18,75.91,76.69,75.66,76.33,911426
861,2016-10-17,75.37,75.74,75.09,75.28,815591
862,2016-10-14,75.51,76.57,75.27,75.34,707026
863,2016-10-13,75.56,76.05,74.83,75.7,1341438
864,2016-10-12,77.1,77.34,75.59,75.89,1162307
865,2016-10-11,79.3,79.59,76.53,77.23,1100715
866,2016-10-10,80.04,80.04,78.98,79.81,1225832
867,2016-10-07,79.07,79.69,78.52,79.46,1348221
868,2016-10-06,80.64,80.64,78.49,79.27,1940854
869,2016-10-05,79.38,81.45,79.21,80.54,2266240
870,2016-10-04,80.2,80.78,78.61,78.79,1564160
871,2016-10-03,80.87,81.055,79.47,80.2,2112968
872,2016-09-30,79.18,81.255,79.01,81.06,2438185
873,2016-09-29,79.41,80.485,78.921,79.06,991737
874,2016-09-28,79.85,79.93,79.01,79.57,614784
875,2016-09-27,78.98,79.73,78.88,79.7,465853
876,2016-09-26,79.2,79.345,78.42,78.98,625291
877,2016-09-23,77.85,79.78,77.3,79.41,1200846
878,2016-09-22,78.39,78.58,78.02,78.13,585794
879,2016-09-21,77.65,78.155,77.16,78.0,455062
880,2016-09-20,77.25,78.07,77.23,77.47,833644
881,2016-09-19,77.6,77.95,77.19,77.38,891636
882,2016-09-16,77.65,77.89,77.06,77.31,1251626
883,2016-09-15,77.69,78.17,77.3314,77.85,954153
884,2016-09-14,77.59,78.56,77.51,77.9,1380660
885,2016-09-13,77.23,77.86,76.48,77.53,1020045
886,2016-09-12,76.41,77.83,76.35,77.74,792356
887,2016-09-09,77.06,77.565,76.5,77.07,926843
888,2016-09-08,77.61,78.01,77.34,77.85,662149
889,2016-09-07,76.18,77.75,75.6703,77.69,652048
890,2016-09-06,77.02,77.21,76.39,76.54,435411
891,2016-09-02,77.46,77.78,76.85,76.96,359684
892,2016-09-01,77.46,77.54,77.055,77.42,720025
893,2016-08-31,76.94,77.5,76.585,77.3,672274
894,2016-08-30,77.24,77.72,76.89,77.14,878707
895,2016-08-29,75.53,77.81,75.03,77.42,1200543
896,2016-08-26,75.64,75.9,75.145,75.69,581588
897,2016-08-25,75.36,76.11,75.11,75.68,748574
898,2016-08-24,76.01,76.23,75.3,75.41,1188752
899,2016-08-23,76.84,76.96,75.95,76.01,723382
900,2016-08-22,75.09,76.59,75.09,76.59,638026
901,2016-08-19,75.12,75.13,74.45,75.05,760982
902,2016-08-18,74.18,75.67,73.85,75.26,740173
903,2016-08-17,76.12,76.44,74.93,75.3,718486
904,2016-08-16,76.44,76.63,75.97,76.11,501407
905,2016-08-15,76.4,76.71,76.19,76.51,613148
906,2016-08-12,76.64,76.81,76.08,76.4,803775
907,2016-08-11,76.98,77.15,76.28,76.75,1111938
908,2016-08-10,76.5,76.96,75.94,76.81,1117849
909,2016-08-09,76.78,77.03,76.16,76.48,1036554
910,2016-08-08,77.27,77.56,76.3,76.56,1042007
911,2016-08-05,77.77,78.31,77.49,77.78,606106
912,2016-08-04,77.04,77.8225,77.04,77.38,585884
913,2016-08-03,77.66,77.85,76.86,77.04,1119688
914,2016-08-02,77.97,78.26,77.12,77.56,1188694
915,2016-08-01,77.89,78.86,77.75,78.61,1807270
916,2016-07-29,76.23,78.36,76.1,77.64,3250255
917,2016-07-28,75.55,78.3,75.13,77.92,2169710
918,2016-07-27,74.2,75.91,72.02,75.0,3662097
919,2016-07-26,74.23,75.8,73.68,75.45,1324643
920,2016-07-25,73.89,74.22,73.8588,74.08,1137314
921,2016-07-22,72.99,74.24,72.77,74.03,923655
922,2016-07-21,73.39,73.66,72.69,72.89,1141733
923,2016-07-20,72.14,73.32,72.04,73.22,1011051
924,2016-07-19,72.08,72.56,71.86,72.14,1585387
925,2016-07-18,71.58,72.43,71.58,72.37,555275
926,2016-07-15,72.89,73.15,71.62,71.67,1033053
927,2016-07-14,71.53,72.9,71.33,72.82,1065888
928,2016-07-13,71.42,71.78,71.02,71.06,752052
929,2016-07-12,71.42,71.71,70.93,71.06,1760360
930,2016-07-11,71.76,71.94,70.81,70.82,1216178
931,2016-07-08,69.22,71.425,68.91,71.41,1997216
932,2016-07-07,68.4,68.99,68.07,68.99,1311163
933,2016-07-06,66.88,68.37,66.85,68.31,1851527
934,2016-07-05,67.18,67.5,66.76,67.23,1748050
935,2016-07-01,65.14,66.94,65.005,66.86,2059079
936,2016-06-30,63.52,65.36,63.41,65.32,1664637
937,2016-06-29,62.82,63.71,62.2614,63.49,1590918
938,2016-06-28,61.92,62.52,61.78,62.4,1042022
939,2016-06-27,62.78,62.83,61.21,61.32,1216093
940,2016-06-24,62.89,64.2,62.89,63.32,1378221
941,2016-06-23,64.49,65.02,64.03,65.02,818414
942,2016-06-22,63.7,64.565,63.66,63.92,952092
943,2016-06-21,64.01,64.1,63.66,63.83,967247
944,2016-06-20,64.33,64.569,63.65,63.69,1065245
945,2016-06-17,64.65,64.99,63.36,63.4,1960830
946,2016-06-16,65.04,65.04,64.6,64.87,862466
947,2016-06-15,65.14,65.52,64.98,65.1,1006483
948,2016-06-14,65.16,65.48,64.82,65.17,1137420
949,2016-06-13,65.09,66.08,65.09,65.4,1529941
950,2016-06-10,65.92,66.47,65.32,65.57,1861286
951,2016-06-09,66.44,66.77,66.16,66.54,1569163
952,2016-06-08,66.82,66.97,66.63,66.8,1793150
953,2016-06-07,67.14,67.34,66.76,67.24,1143870
954,2016-06-06,67.46,67.54,66.72,67.21,801352
955,2016-06-03,67.63,67.74,66.66,67.22,561133
956,2016-06-02,67.51,67.95,67.11,67.83,1058886
957,2016-06-01,67.64,67.99,67.31,67.86,1017070
958,2016-05-31,66.83,67.95,66.64,67.89,1849253
959,2016-05-27,66.58,67.07,66.5,66.7,804165
960,2016-05-26,66.84,66.895,66.51,66.74,863391
961,2016-05-25,67.0,67.1,66.49,67.06,1169245
962,2016-05-24,66.1,67.03,65.53,66.92,1141615
963,2016-05-23,66.38,66.84,65.88,65.97,1542681
964,2016-05-20,65.12,66.84,64.78,66.55,1614537
965,2016-05-19,65.41,66.0,64.51,64.92,1489749
966,2016-05-18,65.51,65.898,65.01,65.85,1232285
967,2016-05-17,65.51,65.78,65.17,65.58,1838713
968,2016-05-16,65.75,66.04,65.37,65.58,736166
969,2016-05-13,65.31,66.05,65.03,65.74,1284374
970,2016-05-12,65.57,65.96,64.67,65.31,1903764
971,2016-05-11,67.85,67.87,65.85,65.95,1037538
972,2016-05-10,67.64,68.0,66.9,67.65,1050457
973,2016-05-09,65.93,67.34,65.84,67.03,1425157
974,2016-05-06,64.44,66.26,63.94,65.96,1558272
975,2016-05-05,65.02,65.37,64.32,64.52,1128565
976,2016-05-04,65.07,66.0,64.34,65.03,4320105
977,2016-05-03,64.83,67.61,62.95,67.46,9204548
978,2016-05-02,69.47,69.665,68.13,69.1,1485734
979,2016-04-29,70.0,70.17,68.66,69.07,815551
980,2016-04-28,69.45,70.77,68.48,69.98,912760
981,2016-04-27,70.02,70.34,69.44,69.82,518978
982,2016-04-26,70.06,70.26,68.95,70.08,918935
983,2016-04-25,70.1,70.79,69.62,70.0,363536
984,2016-04-22,69.88,70.53,69.36,70.04,377038
985,2016-04-21,70.09,70.685,69.71,70.03,683073
986,2016-04-20,69.73,70.21,69.36,69.72,391192
987,2016-04-19,70.09,70.09,69.39,69.74,483060
988,2016-04-18,69.69,70.03,69.35,69.83,546072
989,2016-04-15,69.6,70.35,68.92,70.09,779299
990,2016-04-14,69.99,70.27,69.35,69.67,822267
991,2016-04-13,69.88,70.1427,69.53,70.0,651095
992,2016-04-12,70.14,70.44,69.17,69.4,599782
993,2016-04-11,71.23,71.44,70.05,70.35,1282891
994,2016-04-08,70.55,71.13,70.2,70.83,906434
995,2016-04-07,69.94,70.7,69.42,70.16,887874
996,2016-04-06,67.58,70.27,67.58,70.19,628167
997,2016-04-05,68.0,69.08,67.41,67.69,773084
998,2016-04-04,67.49,69.41,67.1601,68.42,904976
999,2016-04-01,64.62,67.52,64.48,67.52,640459
1000,2016-03-31,64.61,65.46,64.6,65.1,760034
1001,2016-03-30,65.49,65.78,64.29,64.7,367653
1002,2016-03-29,63.96,65.1,63.49,65.07,431025
1003,2016-03-28,63.66,64.49,63.48,63.77,690655
1004,2016-03-24,64.26,64.92,63.66,64.23,482374
1005,2016-03-23,65.38,65.83,64.39,64.54,600538
1006,2016-03-22,64.17,65.75,64.02,65.3,707858
1007,2016-03-21,64.82,64.96,64.19,64.6,1037394
1008,2016-03-18,64.7,65.05,64.23,64.88,721239
1009,2016-03-17,65.0,65.0,63.85,64.65,625493
1010,2016-03-16,65.25,65.89,64.3,65.03,648380
1011,2016-03-15,66.31,66.48,64.95,65.4,1067995
1012,2016-03-14,67.01,67.335,66.05,66.83,563033
1013,2016-03-11,65.89,67.55,65.32,67.4,708589
1014,2016-03-10,65.7,66.22,65.01,65.28,551898
1015,2016-03-09,65.75,66.08,64.785,65.51,792099
1016,2016-03-08,65.09,66.13,64.76,65.65,916848
1017,2016-03-07,65.31,65.46,64.56,65.32,607494
1018,2016-03-04,64.72,66.0,64.27,65.44,779638
1019,2016-03-03,65.29,65.49,64.05,64.67,969376
1020,2016-03-02,65.0,65.48,64.57,65.44,836852
1021,2016-03-01,62.92,65.45,62.8101,65.36,1175414
1022,2016-02-29,63.26,63.63,62.485,62.71,800134
1023,2016-02-26,62.9,63.54,62.76,63.35,563914
1024,2016-02-25,62.49,63.18,62.08,62.86,625704
1025,2016-02-24,61.16,62.38,60.95,62.1,947102
1026,2016-02-23,62.37,62.94,61.62,61.65,656596
1027,2016-02-22,64.0,64.85,62.245,62.5,843274
1028,2016-02-19,62.31,63.58,61.41,63.43,779089
1029,2016-02-18,63.3,63.73,62.45,62.73,648053
1030,2016-02-17,62.03,63.7292,61.98,63.17,716507
1031,2016-02-16,61.13,62.48,60.23,61.79,1217980
1032,2016-02-12,60.95,62.47,60.06,60.43,1669203
1033,2016-02-11,59.05,60.83,57.72,59.0,2040002
1034,2016-02-10,56.93,60.36,56.6,58.35,1531053
1035,2016-02-09,55.11,57.13,55.011,56.7,872052
1036,2016-02-08,56.87,57.3,55.39,55.91,1076557
1037,2016-02-05,59.53,59.53,56.8,57.5,1773733
1038,2016-02-04,58.23,59.73,57.195,59.53,1672955
1039,2016-02-03,58.52,59.49,56.66,58.55,1324223
1040,2016-02-02,60.22,60.41,58.2,58.28,1229195
1041,2016-02-01,60.86,61.6,60.02,60.53,1381088
1042,2016-01-29,60.75,61.06,60.1,60.83,1248935
1043,2016-01-28,62.15,62.66,59.89,60.43,961788
1044,2016-01-27,63.32,63.54,61.64,61.93,736890
1045,2016-01-26,62.97,63.88,62.3,63.5,1286026
1046,2016-01-25,63.39,64.0,62.65,63.0,925242
1047,2016-01-22,63.09,63.67,62.34,63.61,850803
1048,2016-01-21,63.43,64.07,61.6,62.47,974031
1049,2016-01-20,62.51,63.82,60.56,63.25,933797
1050,2016-01-19,63.99,64.76,62.84,63.36,623480
1051,2016-01-15,62.3,63.52,62.02,63.34,966727
1052,2016-01-14,63.74,64.71,62.53,63.96,1393860
1053,2016-01-13,65.8,66.21,63.507,63.76,851280
1054,2016-01-12,64.95,65.86,64.16,65.14,523710
1055,2016-01-11,65.14,65.59,63.95,64.57,1424584
1056,2016-01-08,65.4,65.97,64.663,65.1,774787
1057,2016-01-07,65.94,66.48,65.11,65.18,790386
1058,2016-01-06,66.45,67.69,66.11,66.74,1792417
1059,2016-01-05,66.99,67.82,66.8,67.11,767511
1060,2016-01-04,67.86,67.92,66.51,67.04,976683
1061,2015-12-31,69.65,69.65,68.64,68.66,675708
1062,2015-12-30,70.23,70.52,69.5,69.59,372314
1063,2015-12-29,70.18,70.62,69.81,70.46,535332
1064,2015-12-28,69.58,69.93,69.05,69.58,269107
1065,2015-12-24,69.96,70.16,69.29,69.63,170906
1066,2015-12-23,69.58,70.53,69.01,70.04,858561
1067,2015-12-22,70.3,70.3,68.5945,69.29,360408
1068,2015-12-21,69.91,70.24,69.26,69.74,649155
1069,2015-12-18,69.28,69.8999,69.01,69.52,1186812
1070,2015-12-17,70.0,70.74,69.65,69.86,1153749
1071,2015-12-16,69.23,69.54,68.03,68.73,630308
1072,2015-12-15,68.5,69.48,67.981,68.93,1002392
1073,2015-12-14,67.15,68.36,67.03,68.14,1100636
1074,2015-12-11,67.22,67.99,66.65,67.35,956717
1075,2015-12-10,66.33,68.05,65.92,67.92,752008
1076,2015-12-09,67.35,67.81,66.11,66.69,636328
1077,2015-12-08,66.65,67.61,65.89,67.53,1064439
1078,2015-12-07,67.74,68.02,66.96,67.41,890203
1079,2015-12-04,65.91,68.07,65.91,68.02,848560
1080,2015-12-03,67.2,67.505,65.76,65.78,901667
1081,2015-12-02,68.55,68.76,66.5875,66.75,1195708
1082,2015-12-01,68.34,69.09,67.73,68.94,593683
1083,2015-11-30,69.51,69.56,67.92,67.99,775669
1084,2015-11-27,68.81,69.99,68.12,69.26,340031
1085,2015-11-25,69.18,70.02,68.485,68.51,706948
1086,2015-11-24,68.74,69.58,68.5257,69.16,600913
1087,2015-11-23,68.77,69.44,68.39,69.24,906566
1088,2015-11-20,69.23,69.67,68.59,68.73,786438
1089,2015-11-19,69.53,69.91,68.66,69.07,1218558
1090,2015-11-18,68.53,69.8,68.16,69.73,875613
1091,2015-11-17,67.26,68.86,66.95,68.58,657932
1092,2015-11-16,66.56,67.49,66.11,67.19,690631
1093,2015-11-13,66.88,67.66,65.71,66.71,994332
1094,2015-11-12,66.39,67.405,65.4,66.8,1365716
1095,2015-11-11,67.3,68.11,66.53,66.58,574589
1096,2015-11-10,66.69,67.62,66.66,67.26,582686
1097,2015-11-09,66.04,67.34,65.704,67.06,933160
1098,2015-11-06,65.85,66.195,64.9,66.09,840491
1099,2015-11-05,65.94,66.32,65.22,65.89,911880
1100,2015-11-04,65.28,66.28,64.95,65.82,1386963
1101,2015-11-03,65.64,66.41,65.17,65.27,1003226
1102,2015-11-02,64.0,66.17,63.97,66.05,1544051
1103,2015-10-30,64.6,64.74,63.62,63.65,1302345
1104,2015-10-29,66.99,67.99,64.151,64.47,2021132
1105,2015-10-28,68.45,68.73,65.2,66.99,1935651
1106,2015-10-27,69.16,69.605,67.46,68.76,947601
1107,2015-10-26,68.21,69.49,68.01,69.14,538128
1108,2015-10-23,68.44,68.89,67.45,68.27,909119
1109,2015-10-22,69.09,69.68,66.76,67.69,1108207
1110,2015-10-21,70.17,70.82,67.52,68.79,1017199
1111,2015-10-20,71.81,72.07,69.92,70.18,438425
1112,2015-10-19,71.63,72.68,70.73,71.75,380168
1113,2015-10-16,71.11,71.88,70.87,71.57,1150223
1114,2015-10-15,68.95,70.66,68.581,70.63,658765
1115,2015-10-14,69.6,70.6499,69.0806,69.23,503224
1116,2015-10-13,69.96,70.995,69.6308,69.88,615797
1117,2015-10-12,69.82,70.34,68.9,70.09,431997
1118,2015-10-09,67.81,70.11,67.81,69.83,766132
1119,2015-10-08,67.5,68.12,66.25,67.98,756928
1120,2015-10-07,66.66,67.97,65.421,67.77,1254369
1121,2015-10-06,70.27,70.59,66.08,66.37,1417384
1122,2015-10-05,71.51,72.14,70.18,70.67,586677
1123,2015-10-02,68.65,71.38,68.65,71.33,695177
1124,2015-10-01,69.17,69.98,68.4,69.61,847561
1125,2015-09-30,69.79,70.43,68.75,69.57,837237
1126,2015-09-29,68.77,69.97,67.83,68.86,1023962
1127,2015-09-28,73.18,73.23,68.67,69.06,1060715
1128,2015-09-25,75.76,75.842,72.52,73.36,893528
1129,2015-09-24,75.21,75.39,73.96,75.2,547921
1130,2015-09-23,75.89,76.49,75.44,76.01,388403
1131,2015-09-22,75.64,76.13,75.21,75.57,446673
1132,2015-09-21,78.35,78.51,76.238,76.65,650772
1133,2015-09-18,77.74,78.74,77.37,77.57,1132472
1134,2015-09-17,77.43,78.84,77.08,78.44,639901
1135,2015-09-16,76.93,77.63,76.54,77.44,643228
1136,2015-09-15,75.99,77.16,75.4,76.94,448036
1137,2015-09-14,75.78,75.86,74.82,75.61,488001
1138,2015-09-11,74.15,76.33,73.99,75.89,826195
1139,2015-09-10,73.85,74.45,73.44,74.42,618282
1140,2015-09-09,74.57,75.0,73.55,73.99,586637
1141,2015-09-08,74.05,74.56,73.26,74.35,666887
1142,2015-09-04,73.26,73.75,72.34,72.78,518327
1143,2015-09-03,73.75,74.805,73.74,74.34,801769
1144,2015-09-02,72.51,74.01,71.84,73.84,1014706
1145,2015-09-01,73.0,73.37,71.485,71.9,707566
1146,2015-08-31,74.75,75.0,73.92,74.51,1249997
1147,2015-08-28,74.35,75.28,73.69,75.24,1020418
1148,2015-08-27,74.07,74.76,73.06,74.2,629738
1149,2015-08-26,72.43,74.29,71.34,73.32,594683
1150,2015-08-25,71.75,72.98,70.62,71.01,989055
1151,2015-08-24,69.52,73.1,67.47,70.24,1205190
1152,2015-08-21,73.32,74.1,72.64,72.94,691731
1153,2015-08-20,75.24,75.89,74.03,74.04,551998
1154,2015-08-19,75.79,76.26,75.34,75.69,361743
1155,2015-08-18,76.16,76.92,75.86,76.03,330663
1156,2015-08-17,74.75,76.23,74.44,76.17,649173
1157,2015-08-14,74.94,75.33,74.42,75.08,376904
1158,2015-08-13,75.15,75.57,74.82,75.0,566823
1159,2015-08-12,75.1,75.35,73.69,75.04,1410602
1160,2015-08-11,75.82,75.83,74.98,75.38,700102
1161,2015-08-10,76.23,76.445,75.82,76.14,727097
1162,2015-08-07,75.93,75.99,74.635,75.29,1569404
1163,2015-08-06,77.44,77.55,75.21,76.0,1118649
1164,2015-08-05,77.85,77.95,77.12,77.32,1147719
1165,2015-08-04,77.27,77.97,77.23,77.49,1373725
1166,2015-08-03,76.72,77.41,75.11,77.11,1768600
1167,2015-07-31,76.97,77.44,76.5,76.72,4645563
1168,2015-07-30,79.11,79.33,78.3655,78.75,573436
1169,2015-07-29,78.25,80.45,77.57,79.1,1134467
1170,2015-07-28,74.75,76.8,74.45,76.75,875274
1171,2015-07-27,74.63,75.18,74.33,74.58,454909
1172,2015-07-24,75.56,75.75,74.8,74.94,386356
1173,2015-07-23,76.43,76.43,75.35,75.64,378627
1174,2015-07-22,75.6,76.35,75.01,76.23,499103
1175,2015-07-21,76.07,76.17,74.44,75.29,538679
1176,2015-07-20,77.21,77.21,76.14,76.41,530608
1177,2015-07-17,76.75,76.91,76.15,76.86,406963
1178,2015-07-16,76.44,77.17,75.86,76.72,490531
1179,2015-07-15,76.28,76.28,75.6,75.93,526579
1180,2015-07-14,75.45,76.12,75.08,76.07,489804
1181,2015-07-13,74.95,75.3,74.06,75.24,673401
1182,2015-07-10,74.61,74.97,73.7,74.17,507111
1183,2015-07-09,72.59,72.65,71.94,72.16,389135
1184,2015-07-08,72.5,72.7,71.455,71.67,590037
1185,2015-07-07,72.9,72.9,71.9,72.86,595275
1186,2015-07-06,72.48,72.91,71.99,72.62,702370
1187,2015-07-02,72.06,73.1,72.06,72.8,428754
1188,2015-07-01,72.75,73.4364,72.42,72.97,627865
1189,2015-06-30,72.41,72.96,71.94,72.61,1076120
1190,2015-06-29,72.86,73.24,71.875,72.08,689672
1191,2015-06-26,73.45,73.82,72.83,73.25,1974635
1192,2015-06-25,73.44,73.62,72.7,73.49,862568
1193,2015-06-24,73.27,73.76,72.74,72.9,1131020
1194,2015-06-23,72.63,73.52,72.48,73.51,1005703
1195,2015-06-22,72.16,72.73,71.6,72.72,702506
1196,2015-06-19,71.4,71.91,70.7001,71.85,669794
1197,2015-06-18,70.72,71.535,70.492,71.11,414432
1198,2015-06-17,70.93,70.93,70.08,70.78,466825
1199,2015-06-16,69.74,70.64,69.54,70.58,422646
1200,2015-06-15,69.77,69.96,69.06,69.69,400799
1201,2015-06-12,69.47,70.7,68.78,70.03,398742
1202,2015-06-11,69.71,69.89,69.17,69.86,513315
1203,2015-06-10,69.55,69.91,69.08,69.42,613149
1204,2015-06-09,69.29,69.72,68.23,69.43,372489
1205,2015-06-08,69.88,70.34,69.36,69.45,270729
1206,2015-06-05,69.64,70.07,68.98,69.71,595433
1207,2015-06-04,69.35,70.19,69.21,69.67,364945
1208,2015-06-03,70.14,70.21,69.46,69.64,381522
1209,2015-06-02,69.95,70.05,68.77,69.68,833899
1210,2015-06-01,69.71,70.25,69.57,70.04,522296
1211,2015-05-29,70.64,70.794,69.44,69.71,1109790
1212,2015-05-28,70.18,70.77,69.9,70.59,475815
1213,2015-05-27,69.63,70.56,69.39,70.52,833802
1214,2015-05-26,70.19,70.63,69.16,69.27,1311017
1215,2015-05-22,68.53,69.93,68.48,69.7,991755
1216,2015-05-21,68.92,68.99,68.29,68.71,675144
1217,2015-05-20,68.72,69.09,67.68,68.81,731498
1218,2015-05-19,67.9,68.63,67.64,68.37,839671
1219,2015-05-18,67.5,67.9425,66.8775,67.53,1012823
1220,2015-05-15,66.09,67.19,65.85,67.14,1572184
1221,2015-05-14,65.7,66.16,64.66,65.67,3189503
1222,2015-05-13,64.92,65.71,64.6,65.48,789827
1223,2015-05-12,64.01,64.92,63.63,64.47,925474
1224,2015-05-11,64.7,65.08,64.36,64.36,1071273
1225,2015-05-08,65.51,65.91,64.62,64.85,916387
1226,2015-05-07,65.19,65.75,64.6801,64.86,730926
1227,2015-05-06,65.07,65.15,64.26,64.9,552378
1228,2015-05-05,66.2,66.21,64.53,64.59,665388
1229,2015-05-04,67.28,68.52,66.024,66.23,1077954
1230,2015-05-01,65.94,67.48,65.52,67.3,1176438
1231,2015-04-30,68.11,68.23,65.58,65.88,970855
1232,2015-04-29,64.51,68.83,64.25,68.47,1577908
1233,2015-04-28,69.06,69.98,68.24,69.31,1151652
1234,2015-04-27,69.09,69.33,68.63,68.9,865615
1235,2015-04-24,68.5,70.0,67.81,69.09,951006
1236,2015-04-23,66.79,67.74,66.48,67.69,733456
1237,2015-04-22,66.73,66.88,65.99,66.45,575449
1238,2015-04-21,66.75,66.96,66.29,66.7,258051
1239,2015-04-20,67.1,67.1,66.46,66.49,255188
1240,2015-04-17,66.95,67.46,66.24,66.69,556107
1241,2015-04-16,67.15,67.72,66.87,67.48,302772
1242,2015-04-15,67.5,67.77,67.04,67.16,289335
1243,2015-04-14,67.9,67.9,67.081,67.21,270669
1244,2015-04-13,67.58,67.99,67.282,67.87,326584
1245,2015-04-10,67.43,67.77,67.13,67.63,389314
1246,2015-04-09,67.09,67.43,66.71,67.41,557742
1247,2015-04-08,66.14,67.29,66.08,67.17,437953
1248,2015-04-07,66.45,67.34,66.08,66.2,546380
1249,2015-04-06,65.97,66.88,65.77,66.46,532627
1250,2015-04-02,67.88,67.98,66.23,66.39,469605
1251,2015-04-01,66.46,67.93,66.15,67.87,789886
1252,2015-03-31,68.9,69.97,66.84,66.97,1052059
1253,2015-03-30,67.96,68.2,67.565,68.0,426407
1254,2015-03-27,66.3,67.37,66.25,67.26,600085
1255,2015-03-26,64.77,66.6,63.62,66.29,981782
1256,2015-03-25,67.69,67.91,66.25,66.31,534178
1257,2015-03-24,67.99,68.52,67.39,67.45,665917
1258,2015-03-23,67.29,68.0,67.0,67.97,624553
1259,2015-03-20,67.45,67.59,66.79,67.25,882878
1260,2015-03-19,66.67,66.885,66.32,66.87,310556
1261,2015-03-18,66.81,66.97,66.2301,66.75,310206
1262,2015-03-17,66.34,66.84,65.78,66.8,355824
1263,2015-03-16,66.3,66.9,66.12,66.57,443121
1264,2015-03-13,65.37,66.14,65.03,66.05,512240
1265,2015-03-12,65.08,65.77,65.08,65.34,473026
1266,2015-03-11,64.78,65.28,64.58,64.98,455751
1267,2015-03-10,65.0,65.0,64.0,64.44,494227
1268,2015-03-09,65.45,65.77,64.8799,65.34,277187
1269,2015-03-06,65.6,65.99,64.87,65.3,277597
1270,2015-03-05,65.16,65.99,64.982,65.7,412956
1271,2015-03-04,65.39,65.4,64.6,64.93,368305
1272,2015-03-03,65.56,65.64,65.03,65.54,438218
1273,2015-03-02,65.17,65.9,64.59,65.54,530946
1274,2015-02-27,64.91,65.36,64.57,64.98,317042
1275,2015-02-26,64.9,65.31,64.75,64.95,317868
1276,2015-02-25,64.66,65.34,64.31,65.03,427961
1277,2015-02-24,65.2,65.3,64.3,64.49,506253
1278,2015-02-23,65.1,66.28,64.9,64.99,582326
1279,2015-02-20,64.24,65.15,63.54,65.15,587195
1280,2015-02-19,64.44,65.2,63.91,64.52,567934
1281,2015-02-18,64.6,64.63,63.73,64.61,463208
1282,2015-02-17,63.31,64.13,62.52,64.01,1371160
1283,2015-02-13,64.02,64.19,63.21,63.31,596422
1284,2015-02-12,63.35,64.0,62.76,63.25,1192736
1285,2015-02-11,60.21,61.14,59.73,60.68,770847
1286,2015-02-10,59.61,60.23,58.8,60.11,712142
1287,2015-02-09,60.36,60.51,59.0,59.24,405353
1288,2015-02-06,61.22,61.64,60.29,60.46,289932
1289,2015-02-05,60.85,61.31,60.6,61.21,305347
1290,2015-02-04,59.96,61.0,59.78,60.75,487846
1291,2015-02-03,60.61,60.806,59.74,60.27,550448
1292,2015-02-02,60.31,60.65,59.57,60.56,559913
1293,2015-01-30,61.6,61.6,60.32,60.5,487514
1294,2015-01-29,61.65,61.81,60.6,61.76,364326
1295,2015-01-28,62.25,62.73,61.44,61.66,472874
1296,2015-01-27,61.35,62.1249,60.8601,61.9,410206
1297,2015-01-26,60.79,62.22,60.554,61.96,733035
1298,2015-01-23,60.53,61.71,60.53,60.97,645450
1299,2015-01-22,60.08,60.73,59.24,60.54,430594
1300,2015-01-21,59.86,60.64,59.577,59.78,552451
1301,2015-01-20,60.0,60.1,59.37,59.95,573455
1302,2015-01-16,58.58,59.98,58.55,59.58,967193
1303,2015-01-15,59.24,60.5,58.96,59.04,557847
1304,2015-01-14,59.04,59.48,58.6257,59.1,354635
1305,2015-01-13,59.44,60.0,58.91,59.49,612226
1306,2015-01-12,59.06,59.455,58.64,59.06,388900
1307,2015-01-09,59.33,59.75,58.46,58.82,454409
1308,2015-01-08,58.44,59.24,58.17,59.2,436058
1309,2015-01-07,57.82,58.2,57.5,57.77,737682
1310,2015-01-06,58.63,58.63,56.46,57.07,965980
1311,2015-01-05,58.46,59.38,58.13,58.41,638305
1312,2015-01-02,59.14,59.86,58.78,59.11,458476
1313,2014-12-31,59.65,60.118,58.8,58.87,377867
1314,2014-12-30,59.95,60.25,59.48,59.69,261376
1315,2014-12-29,60.62,60.62,59.56,59.95,318703
1316,2014-12-26,59.56,60.79,59.38,60.66,457847
1317,2014-12-24,59.42,60.0,59.18,59.48,221680
1318,2014-12-23,60.65,60.65,59.1129,59.47,462126
1319,2014-12-22,60.28,60.65,59.77,60.09,399490
1320,2014-12-19,60.0,60.475,59.58,60.39,1333041
1321,2014-12-18,58.57,59.49,57.43,59.38,1261329
1322,2014-12-17,57.17,58.3,57.11,57.54,1751700
1323,2014-12-16,56.79,57.67,56.79,57.17,1147993
1324,2014-12-15,57.81,58.25,56.78,57.05,1104304
1325,2014-12-12,57.0,58.18,57.0,57.37,1658163
1326,2014-12-11,57.36,58.04,57.107,57.48,1232494
1327,2014-12-10,58.49,58.49,57.15,57.21,541609
1328,2014-12-09,57.62,58.1,57.12,57.79,1140795
1329,2014-12-08,57.17,57.63,56.44,57.0,320798
1330,2014-12-05,57.68,58.0,56.9,57.37,329533
1331,2014-12-04,58.0,58.32,57.0,57.4,402571
1332,2014-12-03,57.78,58.45,57.4534,58.25,696332
1333,2014-12-02,57.02,57.83,56.92,57.54,417707
1334,2014-12-01,57.32,57.7,56.12,56.75,591174
1335,2014-11-28,58.07,58.17,57.55,57.82,230031
1336,2014-11-26,57.65,58.2,57.27,57.96,365017
1337,2014-11-25,57.85,58.03,57.21,57.75,691170
1338,2014-11-24,58.0,58.19,57.33,57.59,714558
1339,2014-11-21,58.27,58.54,57.79,57.86,908524
1340,2014-11-20,57.32,58.2,57.17,57.75,1180539
1341,2014-11-19,57.41,57.83,57.29,57.72,831240
1342,2014-11-18,56.47,57.49,56.29,57.33,882801
1343,2014-11-17,55.57,56.58,55.37,56.43,1064260
1344,2014-11-14,56.47,56.64,54.77,55.83,1095911
1345,2014-11-13,56.53,56.79,56.27,56.39,533282
1346,2014-11-12,56.71,56.89,56.02,56.41,647772
1347,2014-11-11,57.24,57.49,56.42,56.81,520113
1348,2014-11-10,57.68,57.89,57.05,57.22,494069
1349,2014-11-07,58.03,58.12,56.97,57.21,903086
1350,2014-11-06,57.06,58.05,57.06,57.95,1435459
1351,2014-11-05,57.27,57.485,56.64,57.06,4117077
1352,2014-11-04,59.5,59.9,58.72,58.85,826060
1353,2014-11-03,59.0,60.71,58.41,59.65,1558223
1354,2014-10-31,56.33,58.55,56.15,58.54,1094260
1355,2014-10-30,57.75,57.75,55.26,56.3,1309396
1356,2014-10-29,58.0,58.0,57.27,57.99,427342
1357,2014-10-28,57.93,57.94,57.18,57.74,341949
1358,2014-10-27,57.69,57.955,57.33,57.53,297095
1359,2014-10-24,56.94,58.53,56.87,57.56,591942
1360,2014-10-23,57.0,57.46,56.8,56.99,343359
1361,2014-10-22,56.52,57.0,56.15,56.55,315431
1362,2014-10-21,55.28,56.735,55.07,56.5,523021
1363,2014-10-20,55.04,55.41,54.26,54.78,372529
1364,2014-10-17,54.74,55.83,54.61,55.3,2055939
1365,2014-10-16,52.64,54.3,52.44,54.11,802903
1366,2014-10-15,52.5,53.04,51.09,52.54,517410
1367,2014-10-14,52.96,53.6,52.06,52.91,415611
1368,2014-10-13,53.4,53.63,52.49,52.6,404570
1369,2014-10-10,53.55,55.53,53.13,53.2,527162
1370,2014-10-09,55.08,55.52,54.19,54.64,408825
1371,2014-10-08,54.64,55.32,53.75,55.3,402630
1372,2014-10-07,55.13,55.22,54.4973,54.6,320688
1373,2014-10-06,56.45,57.13,55.19,55.38,482990
1374,2014-10-03,54.81,56.55,54.77,56.19,961556
1375,2014-10-02,54.75,55.18,54.34,54.57,820037
1376,2014-10-01,56.26,56.4999,54.08,54.56,959662
1377,2014-09-30,57.41,57.5299,55.71,55.78,553180
1378,2014-09-29,56.58,57.73,56.31,57.2,542400
1379,2014-09-26,56.19,56.98,55.59,56.92,553742
1380,2014-09-25,56.92,56.97,55.59,55.83,340884
1381,2014-09-24,55.97,57.01,55.61,56.98,413519
1382,2014-09-23,56.41,56.73,55.54,55.76,430639
1383,2014-09-22,57.32,57.49,56.28,56.29,453764
1384,2014-09-19,57.36,57.5,56.93,57.32,1176200
1385,2014-09-18,56.43,57.23,56.135,57.0,533100
1386,2014-09-17,57.29,57.48,56.11,56.22,595000
1387,2014-09-16,57.36,57.85,56.62,57.16,527500
1388,2014-09-15,57.68,57.95,57.11,57.25,467900
1389,2014-09-12,58.67,58.77,57.17,57.57,659000
1390,2014-09-11,56.44,58.887,56.44,58.67,962900
1391,2014-09-10,55.82,56.87,55.386,56.5,614300
1392,2014-09-09,56.12,56.2882,55.36,55.54,537400
1393,2014-09-08,56.09,56.245,55.876,55.96,496100
1394,2014-09-05,55.97,56.12,55.35,55.69,511900
1395,2014-09-04,56.0,56.62,55.71,56.27,853500
1396,2014-09-03,55.94,56.48,55.88,55.98,774300
1397,2014-09-02,56.32,56.36,55.76,55.88,367900
1398,2014-08-29,56.6,56.725,55.8475,56.12,348000
1399,2014-08-28,56.68,57.0,56.2701,56.36,206900
1400,2014-08-27,56.0,56.89,55.93,56.76,321400
1401,2014-08-26,55.72,56.09,55.19,55.85,361000
1402,2014-08-25,55.9,56.08,55.26,55.49,446900
1403,2014-08-22,56.31,56.49,55.6712,55.74,253600
1404,2014-08-21,56.08,56.39,55.845,56.34,310000
1405,2014-08-20,55.99,56.36,55.77,56.05,310200
1406,2014-08-19,56.65,56.862,55.64,56.13,728700
1407,2014-08-18,57.32,57.65,56.76,57.08,463500
1408,2014-08-15,57.17,57.17,56.53,57.02,323600
1409,2014-08-14,56.86,57.24,56.6,57.17,332200
1410,2014-08-13,56.13,56.5,55.8525,56.39,263900
1411,2014-08-12,55.89,56.31,55.3,56.1,435600
1412,2014-08-11,55.85,56.5079,55.75,55.94,337800
1413,2014-08-08,55.87,56.036,55.195,55.85,385700
1414,2014-08-07,55.46,55.83,54.99,55.76,529500
1415,2014-08-06,55.24,55.5,54.82,55.06,367600
1416,2014-08-05,55.1,55.61,54.79,55.53,397400
1417,2014-08-04,55.23,55.41,54.66,55.41,518600
1418,2014-08-01,55.52,56.31,54.87,55.04,543000
1419,2014-07-31,54.85,55.24,53.42,54.93,1113400
1420,2014-07-30,56.28,57.33,55.43,56.82,1027000
1421,2014-07-29,54.86,56.355,54.43,55.94,619600
1422,2014-07-28,54.77,55.27,54.44,54.8,336100
1423,2014-07-25,54.75,55.26,54.45,54.99,199300
1424,2014-07-24,55.0,55.155,54.56,54.84,305000
1425,2014-07-23,54.96,55.3,54.88,55.0,304700
1426,2014-07-22,55.34,55.65,54.45,54.97,363100
1427,2014-07-21,55.13,55.43,54.71,55.27,301100
1428,2014-07-18,54.68,55.28,54.652,55.21,246500
1429,2014-07-17,54.77,55.13,54.38,54.48,256400
1430,2014-07-16,55.4,55.4,54.72,54.9,403700
1431,2014-07-15,55.19,55.54,55.04,55.1,515300
1432,2014-07-14,55.4,55.4,54.71,55.02,536600
1433,2014-07-11,55.41,55.65,55.15,55.39,379200
1434,2014-07-10,54.63,55.68,54.18,55.55,433700
1435,2014-07-09,54.97,55.17,54.85,55.05,615700
1436,2014-07-08,55.04,55.04,54.3,54.92,645700
1437,2014-07-07,54.47,55.47,54.44,55.3,902200
1438,2014-07-03,54.4,55.0,53.49,54.96,1152200
1439,2014-07-02,53.63,54.449,53.19,54.42,679900
1440,2014-07-01,53.3,53.835,53.03,53.56,487600
1441,2014-06-30,52.02,53.5,51.92,53.29,512900
1442,2014-06-27,52.25,52.46,51.55,51.92,1900900
1443,2014-06-26,52.58,52.58,51.82,52.28,475900
1444,2014-06-25,52.66,52.98,52.33,52.69,557500
1445,2014-06-24,52.7,53.275,52.424,52.88,618000
1446,2014-06-23,53.24,53.55,52.82,52.95,382700
1447,2014-06-20,52.85,53.53,52.77,53.33,537100
1448,2014-06-19,51.42,52.98,51.08,52.93,684900
1449,2014-06-18,51.31,51.44,51.02,51.25,378100
1450,2014-06-17,51.0,51.77,50.8,51.25,681600
1451,2014-06-16,51.5,51.98,51.0,51.05,653200
1452,2014-06-13,52.09,52.09,51.5,51.61,308300
1453,2014-06-12,52.28,52.46,51.87,52.14,243900
1454,2014-06-11,52.5,52.65,52.3,52.34,260100
1455,2014-06-10,52.68,52.93,52.47,52.67,345100
1456,2014-06-09,52.93,53.22,52.88,52.98,452900
1457,2014-06-06,53.0,53.08,52.42,52.99,462500
1458,2014-06-05,52.9,53.0,52.46,52.81,535100
1459,2014-06-04,51.24,52.8,51.03,52.63,1229600
1460,2014-06-03,51.0,51.85,50.88,51.44,452500
1461,2014-06-02,50.9,51.34,50.55,51.1,380400
1462,2014-05-30,51.13,51.75,50.0601,50.98,2637600
1463,2014-05-29,51.05,51.2,50.53,50.87,493200
1464,2014-05-28,51.19,51.5,50.85,50.87,597400
1465,2014-05-27,51.22,51.6,51.16,51.26,459800
1466,2014-05-23,50.71,51.24,50.66,51.24,300800
1467,2014-05-22,50.41,51.06,49.99,50.89,418700
1468,2014-05-21,50.48,51.07,50.13,50.64,669000
1469,2014-05-20,49.71,50.425,49.62,50.4,915100
1470,2014-05-19,49.5,50.214,49.24,49.81,631200
1471,2014-05-16,49.01,49.74,48.93,49.6,777900
1472,2014-05-15,47.91,49.25,47.91,49.22,882300
1473,2014-05-14,47.49,48.25,47.265,47.76,574600
1474,2014-05-13,47.94,47.94,47.02,47.5,496500
1475,2014-05-12,47.73,48.04,47.49,47.87,729400
1476,2014-05-09,46.9,47.87,46.66,47.54,520500
1477,2014-05-08,47.24,47.75,46.8,46.99,497100
1478,2014-05-07,46.63,47.4,46.27,47.35,644000
1479,2014-05-06,46.94,47.4,46.65,46.75,596100
1480,2014-05-05,47.24,47.41,46.855,46.99,616000
1481,2014-05-02,49.17,49.78,47.03,47.32,1399500
1482,2014-05-01,49.99,49.99,48.32,48.76,1786300
1483,2014-04-30,47.62,47.93,46.27,47.13,1390700
1484,2014-04-29,47.5,47.68,46.95,47.58,866700
1485,2014-04-28,49.51,49.92,46.42,47.52,1326800
1486,2014-04-25,49.9,50.05,49.3,49.39,397300
1487,2014-04-24,49.92,50.35,49.01,49.94,382100
1488,2014-04-23,49.92,50.24,49.16,49.47,430500
1489,2014-04-22,50.75,50.75,49.9,49.95,745400
1490,2014-04-21,50.37,50.75,50.25,50.68,542800
1491,2014-04-17,50.63,50.74,50.17,50.22,236400
1492,2014-04-16,50.88,51.21,50.57,50.6,384600
1493,2014-04-15,50.8,51.072,49.69,50.67,526500
1494,2014-04-14,50.84,51.2,50.12,50.55,544300
1495,2014-04-11,51.0,51.0,50.06,50.28,666900
1496,2014-04-10,51.34,51.87,51.34,51.4,927100
1497,2014-04-09,51.07,51.56,51.0,51.34,800900
1498,2014-04-08,49.57,51.15,49.49,51.05,592900
1499,2014-04-07,49.94,50.31,49.2001,49.71,634600
1500,2014-04-04,51.22,51.22,49.8304,50.11,729200
1501,2014-04-03,51.34,51.5,50.69,50.94,425900
1502,2014-04-02,51.0,51.5,50.51,51.07,732100
1503,2014-04-01,50.3,51.44,49.69,51.11,841800
1504,2014-03-31,50.3,51.09,49.65,50.77,449500
1505,2014-03-28,50.13,50.5499,49.9005,49.97,463400
1506,2014-03-27,50.06,50.49,49.78,50.06,292200
1507,2014-03-26,50.07,50.48,49.81,50.01,692500
1508,2014-03-25,50.48,51.27,49.66,49.8,886800
1509,2014-03-24,51.33,51.73,50.22,50.44,542700
1510,2014-03-21,53.02,53.02,50.07,51.02,2305000
1511,2014-03-20,52.41,53.17,52.351,52.92,1087700
1512,2014-03-19,53.0,53.668,52.45,52.72,738300
1513,2014-03-18,52.55,53.3329,52.4801,52.96,824700
1514,2014-03-17,52.21,52.68,52.2,52.45,1349200
1515,2014-03-14,51.07,52.27,51.0,52.17,1911000
1516,2014-03-13,51.59,52.0,50.41,51.24,12618800
1517,2014-03-12,52.1,54.08,51.78,52.82,1528900
1518,2014-03-11,54.18,54.3,52.76,52.81,926900
1519,2014-03-10,53.94,54.36,53.11,54.3,723500
1520,2014-03-07,54.58,54.7699,53.97,54.11,290000
1521,2014-03-06,54.52,54.995,53.821,54.48,556500
1522,2014-03-05,54.32,54.78,53.7,54.12,535500
1523,2014-03-04,53.09,54.399,53.09,54.06,314100
1524,2014-03-03,53.6,53.6,52.07,52.87,477700
1525,2014-02-28,53.51,54.57,53.35,54.15,398900
1526,2014-02-27,53.29,54.41,53.08,53.5,345100
1527,2014-02-26,53.4,53.65,52.9,53.62,260800
1528,2014-02-25,53.52,53.75,52.7,53.26,266700
1529,2014-02-24,54.0,54.0,53.0,53.63,414500
1530,2014-02-21,54.79,54.858,53.87,53.93,572400
1531,2014-02-20,54.48,54.95,53.96,54.54,750000
1532,2014-02-19,53.68,55.0,53.2804,54.94,742700
1533,2014-02-18,53.0,54.31,52.85,53.77,743100
1534,2014-02-14,52.2,53.17,51.86,53.15,1273800
1535,2014-02-13,50.0,52.24,49.85,52.2,1732600
1536,2014-02-12,49.05,49.58,48.89,49.44,431500
1537,2014-02-11,48.73,49.29,48.15,49.15,375000
1538,2014-02-10,48.1,48.9499,47.98,48.61,356900
1539,2014-02-07,49.1,49.4099,47.87,48.23,468700
1540,2014-02-06,48.74,49.51,48.2947,49.0,864900
1541,2014-02-05,46.58,48.39,46.3437,48.37,607000
1542,2014-02-04,46.77,47.084,46.383,46.61,226300
1543,2014-02-03,47.22,47.66,45.845,46.43,455300
1544,2014-01-31,47.23,47.7,46.83,47.63,228000
1545,2014-01-30,46.79,47.96,46.5,47.7,321800
1546,2014-01-29,47.07,47.35,46.23,46.43,277300
1547,2014-01-28,46.8,47.82,46.435,47.3,361400
1548,2014-01-27,46.3,46.79,45.25,46.54,437100
1549,2014-01-24,47.45,47.802,46.0,46.21,815100
1550,2014-01-23,48.01,48.05,47.46,47.74,312100
1551,2014-01-22,48.14,48.82,47.68,48.01,426200
1552,2014-01-21,51.95,52.0,47.66,48.15,988300
1553,2014-01-17,49.89,50.49,48.16,48.98,763900
1554,2014-01-16,49.43,50.0,49.194,49.78,368900
1555,2014-01-15,49.34,49.73,49.03,49.5,410500
1556,2014-01-14,49.32,49.65,48.89,49.0,221200
1557,2014-01-13,48.66,49.93,48.4801,49.16,687800
1558,2014-01-10,47.96,48.756,47.84,48.61,522300
1559,2014-01-09,47.5,47.9,47.5,47.84,285400
1560,2014-01-08,46.81,47.7,46.7814,47.42,384000
1561,2014-01-07,46.5,47.48,46.476,46.79,556800
1562,2014-01-06,46.46,46.55,45.99,46.03,240900
1563,2014-01-03,45.94,46.54,45.66,46.29,261400
1564,2014-01-02,46.11,46.59,45.64,45.8,274600
1565,2013-12-31,46.58,46.58,45.96,46.34,215600
1566,2013-12-30,46.4,46.69,46.0,46.45,167700
1567,2013-12-27,46.47,46.5818,46.091,46.4,130600
1568,2013-12-26,46.51,46.75,46.114,46.48,272500
1569,2013-12-24,46.36,46.699,45.936,46.4,154200
1570,2013-12-23,45.92,46.545,45.82,46.2,398700
1571,2013-12-20,44.68,46.28,43.82,45.42,1581600
1572,2013-12-19,45.35,45.799,45.025,45.16,441400
1573,2013-12-18,45.35,45.74,44.76,45.68,781400
1574,2013-12-17,45.38,45.55,44.74,45.22,714600
1575,2013-12-16,44.97,45.6,44.36,45.15,600800
1576,2013-12-13,45.0,45.26,44.35,44.97,579100
1577,2013-12-12,43.64,45.24,43.64,45.07,1052600
1578,2013-12-11,44.15,44.27,43.47,43.77,727000
1579,2013-12-10,43.23,44.52,43.23,43.73,1564200
1580,2013-12-09,42.1,42.97,42.02,42.74,428400
1581,2013-12-06,41.96,42.18,41.64,42.03,381800
1582,2013-12-05,41.89,42.058,41.43,41.87,419900
1583,2013-12-04,42.3,42.31,41.79,41.94,420100
1584,2013-12-03,42.47,42.747,42.3,42.35,480000
1585,2013-12-02,43.3,43.39,42.63,42.79,397300
1586,2013-11-29,43.24,43.5,43.04,43.19,101300
1587,2013-11-27,43.11,43.48,42.76,42.99,266700
1588,2013-11-26,42.8,43.36,42.75,43.0,423100
1589,2013-11-25,43.0,43.4,42.69,42.7,446200
1590,2013-11-22,43.19,43.45,42.95,43.11,359800
1591,2013-11-21,42.75,43.2601,42.2,43.25,896300
1592,2013-11-20,42.51,43.23,42.5,42.88,926400
1593,2013-11-19,42.96,43.24,42.66,42.86,682900
1594,2013-11-18,43.64,43.64,42.69,43.31,1040500
1595,2013-11-15,44.0,44.21,43.85,43.98,320100
1596,2013-11-14,44.3,44.3,43.77,43.97,354400
1597,2013-11-13,43.93,44.42,43.55,44.37,261000
1598,2013-11-12,44.0,44.38,43.2,44.14,361700
1599,2013-11-11,44.1,44.42,43.62,43.98,253700
1600,2013-11-08,43.95,44.24,43.53,44.09,338700
1601,2013-11-07,44.01,44.19,43.8,44.05,482100
1602,2013-11-06,44.08,44.2699,43.59,44.0,307300
1603,2013-11-05,44.14,44.35,43.65,44.09,325600
1604,2013-11-04,43.69,44.3,43.68,44.2,336100
1605,2013-11-01,42.75,44.18,42.47,43.43,1490100
1606,2013-10-31,43.75,44.209,40.1,41.99,1466600
1607,2013-10-30,43.72,44.01,42.77,43.38,654000
1608,2013-10-29,43.89,44.11,43.62,43.77,187000
1609,2013-10-28,44.39,44.5475,43.89,43.9,184400
1610,2013-10-25,44.52,44.52,43.99,44.31,175900
1611,2013-10-24,43.76,44.55,43.76,44.55,273600
1612,2013-10-23,44.04,44.04,43.535,43.81,81500
1613,2013-10-22,43.99,44.14,43.58,44.11,288600
1614,2013-10-21,43.85,43.99,43.6,43.98,248000
1615,2013-10-18,43.66,43.95,43.52,43.93,181500
1616,2013-10-17,42.92,43.896,42.9,43.53,264300
1617,2013-10-16,42.07,43.25,42.07,43.12,310400
1618,2013-10-15,42.05,42.7,41.82,41.99,153100
1619,2013-10-14,42.09,42.35,41.72,42.02,396800
1620,2013-10-11,42.43,42.615,42.0,42.23,312900
1621,2013-10-10,42.69,42.82,42.13,42.57,234600
1622,2013-10-09,42.39,43.18,41.95,42.22,508900
1623,2013-10-08,42.53,42.84,41.1,41.58,1117700
1624,2013-10-07,43.74,44.125,42.5,42.55,499300
1625,2013-10-04,43.09,44.17,42.97,43.98,330200
1626,2013-10-03,43.97,44.07,43.06,43.25,257300
1627,2013-10-02,44.4,44.79,43.93,44.04,318000
1628,2013-10-01,44.81,45.5,44.26,44.67,543600
1629,2013-09-30,44.57,45.11,44.01,44.88,203900
1630,2013-09-27,44.91,45.0705,44.45,44.93,276400
1631,2013-09-26,44.66,45.31,44.61,45.1,230500
1632,2013-09-25,44.81,45.09,44.5,44.69,174400
1633,2013-09-24,45.0,45.2,44.65,44.76,505000
1634,2013-09-23,44.73,45.0,43.32,44.86,456400
1635,2013-09-20,43.94,44.86,43.87,44.72,669900
1636,2013-09-19,45.01,45.01,43.85,44.0,483100
1637,2013-09-18,44.8,45.53,44.17,45.09,214700
1638,2013-09-17,44.94,45.74,44.34,44.77,284500
1639,2013-09-16,44.54,44.8,43.9728,44.45,224400
1640,2013-09-13,44.44,44.5708,43.81,44.37,167000
1641,2013-09-12,43.81,45.14,43.516,44.47,506500
1642,2013-09-11,43.77,44.64,43.01,43.73,444200
1643,2013-09-10,43.15,43.8,42.868,43.77,421700
1644,2013-09-09,42.82,43.31,42.71,43.15,249700
1645,2013-09-06,43.14,43.49,42.7,42.82,194100
1646,2013-09-05,43.21,43.39,43.0,43.19,62700
1647,2013-09-04,43.05,43.66,42.77,43.23,339100
1648,2013-09-03,43.48,43.6,42.95,43.1,193400
1649,2013-08-30,43.89,43.89,42.79,43.26,205000
1650,2013-08-29,44.0,44.22,43.61,43.9,170400
1651,2013-08-28,43.05,44.25,43.05,43.98,216000
1652,2013-08-27,43.22,43.46,42.78,43.12,226000
1653,2013-08-26,43.55,43.87,43.35,43.43,156200
1654,2013-08-23,43.66,43.805,43.5,43.53,116000
1655,2013-08-22,44.0,44.21,43.66,43.66,120800
1656,2013-08-21,44.21,44.21,43.68,44.0,193400
1657,2013-08-20,44.42,44.45,43.57,44.29,322700
1658,2013-08-19,44.6,45.0,44.14,44.32,314300
1659,2013-08-16,44.7,44.7,44.01,44.16,236400
1660,2013-08-15,45.0,45.09,44.6,44.75,177600
1661,2013-08-14,45.25,45.455,45.03,45.3,250600
1662,2013-08-13,45.52,45.646,45.1001,45.38,217800
1663,2013-08-12,45.44,45.72,45.201,45.58,231400
1664,2013-08-09,45.31,45.65,44.8701,45.64,119700
1665,2013-08-08,45.63,45.75,45.14,45.38,171800
1666,2013-08-07,45.9,45.9,44.37,45.54,292100
1667,2013-08-06,45.09,46.0,45.04,45.95,368500
1668,2013-08-05,44.87,45.42,44.4,45.33,323800
1669,2013-08-02,46.49,46.92,45.16,45.22,498200
1670,2013-08-01,46.71,47.5,45.5,46.29,1155000
1671,2013-07-31,43.44,45.48,43.15,44.85,733500
1672,2013-07-30,43.41,43.4499,43.0,43.39,250400
1673,2013-07-29,43.01,43.72,43.01,43.47,37000
1674,2013-07-26,43.23,43.62,43.16,43.27,222700
1675,2013-07-25,43.39,43.75,43.225,43.48,217400
1676,2013-07-24,44.3,44.3,43.21,43.52,187200
1677,2013-07-23,44.5,44.6,43.75,44.32,244800
1678,2013-07-22,44.0,44.59,43.59,44.57,129300
1679,2013-07-19,43.91,44.24,43.22,44.07,135200
1680,2013-07-18,43.88,44.1,43.67,44.04,93700
1681,2013-07-17,43.66,44.34,43.015,43.83,540300
1682,2013-07-16,43.65,43.9,42.82,43.74,381900
1683,2013-07-15,43.6,43.85,43.2,43.65,215400
1684,2013-07-12,43.19,43.56,43.01,43.5,211500
1685,2013-07-11,43.71,43.84,43.04,43.27,337400
1686,2013-07-10,43.9,44.16,43.28,43.61,131300
1687,2013-07-09,44.08,44.32,43.35,43.69,115000
1688,2013-07-08,43.06,44.25,42.906,43.93,233700
1689,2013-07-05,43.98,44.0,42.95,43.24,197500
1690,2013-07-03,42.99,43.83,42.25,43.62,493900
1691,2013-07-02,43.01,43.5,42.5,43.06,256100
1692,2013-07-01,42.56,43.26,42.28,42.95,355000
1693,2013-06-28,42.29,42.96,42.26,42.56,1400900
1694,2013-06-27,42.17,42.71,41.5,42.33,675800
1695,2013-06-26,43.24,43.292,42.02,42.02,753300
1696,2013-06-25,43.54,43.74,42.64,43.0,214700
1697,2013-06-24,43.57,43.85,42.315,43.32,347900
1698,2013-06-21,43.41,44.28,42.59,44.19,655700
1699,2013-06-20,43.31,43.73,42.5,43.34,322800
1700,2013-06-19,43.66,44.19,43.01,43.79,343100
1701,2013-06-18,44.0,44.25,43.65,43.89,534600
1702,2013-06-17,43.3,43.62,42.55,43.53,472100
1703,2013-06-14,43.0,43.2,42.79,43.09,265300
1704,2013-06-13,42.85,43.09,42.53,42.9,500100
1705,2013-06-12,43.75,44.045,42.89,43.0,531500
1706,2013-06-11,43.21,44.9,43.03,43.95,329900
1707,2013-06-10,43.03,43.64,42.96,43.64,808400
1708,2013-06-07,43.41,43.7602,42.72,42.97,471600
1709,2013-06-06,42.71,43.26,42.68,43.23,531100
1710,2013-06-05,43.0,43.19,42.71,42.85,967700
1711,2013-06-04,44.48,44.7,43.06,43.19,576800
1712,2013-06-03,44.02,44.58,43.8,44.58,394000
1713,2013-05-31,44.12,44.45,44.04,44.04,155000
1714,2013-05-30,44.5,44.5,44.01,44.25,298500
1715,2013-05-29,45.43,45.65,44.13,44.47,311100
1716,2013-05-28,45.73,45.81,44.05,45.43,719500
1717,2013-05-24,44.97,45.1,44.835,45.03,387200
1718,2013-05-23,44.03,45.15,44.01,45.0,881600
1719,2013-05-22,45.14,45.38,44.11,44.65,913200
1720,2013-05-21,45.0,45.3,44.41,45.05,668900
1721,2013-05-20,45.45,45.7299,45.26,45.38,535800
1722,2013-05-17,46.13,46.21,45.35,45.52,920100
1723,2013-05-16,46.28,46.5,45.6001,45.85,1244600
1724,2013-05-15,45.2,45.74,44.85,45.5,2380500
1725,2013-05-14,44.24,44.749,43.9,44.43,2049800
1726,2013-05-13,42.3,43.37,42.3,43.32,1053100
1727,2013-05-10,42.26,42.97,41.78,42.39,2969700
1728,2013-05-09,43.76,44.33,42.0,42.11,19153400
