Stock_code,Accuracy,F1_score,K-Fold_accuracy,K-Fold_f1_score
A,0.7417218543046358,0.7415720112357299,0.7417218543046358,0.7415720112357299
AAL,0.7176470588235294,0.716079810831879,0.7098039215686275,0.7115467164463705
AAP,0.7196467991169978,0.7194634994956292,0.7284768211920529,0.727299448559886
AAPL,0.7196467991169978,0.7196435614757759,0.7130242825607064,0.7120664175246528
ABBV,0.7344262295081967,0.7345260955676485,0.7213114754098361,0.7204071876960587
ABC,0.6808510638297872,0.6656995486782721,0.723404255319149,0.7164035689773507
ABMD,0.7549668874172185,0.7553277571321583,0.7682119205298014,0.7687024773117489
ABT,0.7615894039735099,0.7596210114411751,0.7615894039735099,0.7596210114411751
ACN,0.7770419426048565,0.7745690084360399,0.7417218543046358,0.7348139881745898
ADBE,0.7439293598233996,0.7439507842909833,0.7306843267108167,0.7306563829192494
ADI,0.7549668874172185,0.754046379249908,0.7373068432671082,0.736672235460355
ADM,0.7682119205298014,0.7681727186306003,0.7704194260485652,0.769636053498537
ADP,0.7947019867549668,0.7913413067114758,0.7836644591611479,0.7764565913379647
ADS,0.7721238938053098,0.7720955628295599,0.7721238938053098,0.7720955628295599
ADSK,0.6754966887417219,0.6735311834508443,0.7064017660044151,0.7057335957503448
AEE,0.739514348785872,0.7360573662872065,0.7439293598233996,0.7310356578487075
AEP,0.7770419426048565,0.7744915898712178,0.7637969094922737,0.757603770439632
AES,0.7505518763796909,0.7501385702787636,0.739514348785872,0.7391387910631904
AFL,0.7853982300884956,0.7827281049740616,0.7942477876106194,0.792148096986322
AGN,0.7527593818984547,0.752803463912635,0.7328918322295805,0.7329620606176116
AIG,0.7439293598233996,0.7434793272512817,0.7439293598233996,0.7435582766416233
AIV,0.7146017699115044,0.7139028647381861,0.7079646017699115,0.705173690273505
AIZ,0.7549668874172185,0.7543991058962173,0.7549668874172185,0.7543991058962173
AJG,0.7858719646799117,0.7747397382986212,0.7637969094922737,0.7605446792710852
AKAM,0.7615894039735099,0.7618380934939727,0.7615894039735099,0.7618380934939727
ALB,0.7682119205298014,0.7684592864766647,0.7571743929359823,0.757348799978066
ALGN,0.7196467991169978,0.7205969188428725,0.7108167770419426,0.7118995410155371
ALK,0.7240618101545254,0.7217987282691108,0.7593818984547461,0.7574994585913802
ALL,0.8075221238938053,0.8048726793623101,0.7942477876106194,0.7869945308457255
ALLE,0.7403100775193798,0.7388318644210725,0.7596899224806202,0.7596292434279297
ALXN,0.7086092715231788,0.7090032614649207,0.7328918322295805,0.7308484827953761
AMAT,0.739514348785872,0.738101304324302,0.739514348785872,0.737859494754074
AMD,0.7571743929359823,0.7565833704915209,0.7284768211920529,0.7188683141910833
AME,0.7505518763796909,0.7466438658029798,0.7328918322295805,0.7253925421294647
AMG,0.7152317880794702,0.7159296382398496,0.7152317880794702,0.7155683852105463
AMGN,0.7373068432671082,0.7362885250997506,0.739514348785872,0.7350608277712254
AMP,0.75,0.750464817734446,0.7323008849557522,0.732016955661848
AMT,0.5957446808510638,0.5723404255319149,0.6382978723404256,0.6377912867274569
AMZN,0.7196467991169978,0.7210678207585222,0.7196467991169978,0.7208935151709843
ANET,0.6899563318777293,0.688747482593885,0.6943231441048034,0.6910021111938712
ANSS,0.7708333333333334,0.7712564715252888,0.7708333333333334,0.7721438172043013
ANTM,0.7367256637168141,0.7363922787364261,0.7477876106194691,0.7474680055738456
AON,0.7615894039735099,0.756984475518435,0.7836644591611479,0.7813282448460357
AOS,0.7130242825607064,0.7127868421894978,0.7130242825607064,0.7130900313709229
APA,0.7328918322295805,0.7344060040520091,0.7218543046357616,0.7226870814848841
APC,0.7527593818984547,0.7542333754924185,0.7461368653421634,0.7464522924915741
APD,0.8189845474613686,0.813324539887305,0.8123620309050773,0.8090850302531464
APH,0.7792494481236203,0.7758639442624143,0.7439293598233996,0.7431916692818289
APTV,0.7262569832402235,0.7258851606402859,0.7318435754189944,0.7316479423741994
ARE,0.8035320088300221,0.803332286349,0.7726269315673289,0.7715184657859795
ARNC,0.6995305164319249,0.698055881219406,0.6901408450704225,0.688693821038832
ATO,0.7726269315673289,0.7682598643257712,0.8101545253863135,0.8059409617973441
ATVI,0.7019867549668874,0.7026426994638915,0.7108167770419426,0.7111376039682458
AVB,0.7902869757174393,0.7902460057083657,0.7726269315673289,0.7696778472805605
AVGO,0.7284768211920529,0.7307831755863101,0.7284768211920529,0.7290142864372459
AVY,0.7704194260485652,0.7689950693910765,0.7571743929359823,0.7529564555015796
AWK,0.8008849557522124,0.7963887852651595,0.8053097345132744,0.7961011473742398
AXP,0.7571743929359823,0.7574969868482655,0.7615894039735099,0.7618338463818242
AZO,0.7446808510638298,0.7332242225859247,0.7021276595744681,0.6847783867765742
BA,0.7588495575221239,0.7586701651292528,0.754424778761062,0.7539718382234136
BAC,0.6769911504424779,0.6765794373019113,0.6969026548672567,0.6972099599297568
BAX,0.7660044150110376,0.7629088242128499,0.7660044150110376,0.7629088242128499
BBT,0.7632743362831859,0.7636270465936875,0.7765486725663717,0.7757271201668832
BBY,0.739514348785872,0.7401747858155365,0.7086092715231788,0.7064119967077688
BDX,0.7902869757174393,0.7870808121745007,0.8013245033112583,0.7993420140953266
BEN,0.7240618101545254,0.7245584663243578,0.6799116997792495,0.6783192827847272
BFB,0.7505518763796909,0.7461195085747249,0.7483443708609272,0.7435398000259708
BHF,0.6986301369863014,0.6893835616438356,0.726027397260274,0.7207368918280586
BHGE,0.7522123893805309,0.7531775523005368,0.7522123893805309,0.7536574766909243
BIIB,0.7439293598233996,0.744258657540518,0.739514348785872,0.7378417433712929
BK,0.7021276595744681,0.6952495443866237,0.7021276595744681,0.6951858073078678
BKNG,0.7196467991169978,0.7193339066903641,0.7108167770419426,0.7108282349662989
BLK,0.7306843267108167,0.7288792814740899,0.7196467991169978,0.7192397411557585
BLL,0.7527593818984547,0.7496036551404455,0.7660044150110376,0.7651608753464345
BMY,0.7446808510638298,0.6925531914893618,0.7446808510638298,0.6664133738601825
BR,0.7704194260485652,0.7690961892172896,0.7704194260485652,0.7681092118982371
BRKB,0.7991169977924945,0.7873542543390615,0.8145695364238411,0.8048371741363468
BSX,0.739514348785872,0.7384062912413152,0.695364238410596,0.6909612982490051
BWA,0.7101769911504425,0.7117517571837889,0.6946902654867256,0.6964946891783288
BXP,0.7345132743362832,0.7345492423567956,0.75,0.749406122648722
C,0.7278761061946902,0.7273076505097589,0.7123893805309734,0.7125321844030261
CAG,0.7814569536423841,0.7755636112334034,0.7704194260485652,0.771083406809655
CAH,0.7218543046357616,0.7205234416851078,0.7041942604856513,0.6967753872049488
CAT,0.7566371681415929,0.7562524250602121,0.745575221238938,0.7456059219250601
CB,0.7726269315673289,0.762169269013422,0.7637969094922737,0.7472028967170109
CBOE,0.7169373549883991,0.7133207096565859,0.7262180974477959,0.72099726787001
CBRE,0.7637969094922737,0.7641324515246947,0.7527593818984547,0.7523800376972193
CBS,0.739514348785872,0.7393117037484414,0.7284768211920529,0.7279305075801429
CCI,0.7748344370860927,0.7689818435596346,0.7660044150110376,0.7598021084165144
CCL,0.7461368653421634,0.7446039942236532,0.7439293598233996,0.7438914744628775
CDNS,0.7086092715231788,0.7076704307057156,0.7130242825607064,0.7099932366668865
CE,0.7190265486725663,0.7191595799766253,0.7035398230088495,0.703032632705124
CELG,0.7350993377483444,0.7355271079565259,0.7262693156732892,0.7266457653998261
CERN,0.7527593818984547,0.7517461627999167,0.7527593818984547,0.7517461627999167
CF,0.7527593818984547,0.7529624707320844,0.7306843267108167,0.7281359024491374
CFG,0.7441860465116279,0.7439621971235638,0.7395348837209302,0.7374807454287619
CHD,0.7748344370860927,0.7690050923112485,0.7726269315673289,0.7712834108419321
CHRW,0.7417218543046358,0.7412527838892186,0.7417218543046358,0.7412527838892186
CHTR,0.7171492204899778,0.7167911903098403,0.7305122494432071,0.7302406904342642
CI,0.7284768211920529,0.7279393154817465,0.7306843267108167,0.729989302899388
CINF,0.7527593818984547,0.7447214284982231,0.7439293598233996,0.7387693319913369
CL,0.7354838709677419,0.7347020307565635,0.7311827956989247,0.7290412642775862
CLX,0.8035320088300221,0.794148749525362,0.7924944812362031,0.7891779978752511
CMA,0.7212389380530974,0.7212781055998565,0.7212389380530974,0.7212781055998565
CMCSA,0.7328918322295805,0.732656330399173,0.7549668874172185,0.7526562898734911
CME,0.7461368653421634,0.7451886110268431,0.7483443708609272,0.7458791614150276
CMG,0.6875,0.6882868089764642,0.7083333333333334,0.7061965811965812
CMI,0.7035398230088495,0.7031848255765349,0.7411504424778761,0.7413664022552057
CMS,0.7924944812362031,0.7896946623089646,0.8233995584988962,0.8209965524610892
CNC,0.6997792494481236,0.6998213401634974,0.6931567328918322,0.6897102866299976
CNP,0.7328918322295805,0.7251512468615722,0.7417218543046358,0.7356977089618977
COF,0.7212389380530974,0.7211993529671084,0.7146017699115044,0.7118397286836007
COG,0.695364238410596,0.6953926105688455,0.7064017660044151,0.7051319760945172
COO,0.7549668874172185,0.7543924144184979,0.7108167770419426,0.7075767333335468
COP,0.7350993377483444,0.7351422044048145,0.7108167770419426,0.7105334448441538
COST,0.7858719646799117,0.7795365726189223,0.7814569536423841,0.7774258566081198
COTY,0.7535714285714286,0.7523581132006772,0.75,0.7491921660447306
CPB,0.7748344370860927,0.7694227983038264,0.7748344370860927,0.7722656259080101
CPRI,0.7252124645892352,0.7226258620057339,0.71671388101983,0.7153993727650126
CPRT,0.7505518763796909,0.7498901254668945,0.7505518763796909,0.7498901254668945
CRM,0.7262693156732892,0.7253650918871288,0.7328918322295805,0.7315225757813278
CSCO,0.7814569536423841,0.7811496054010774,0.7814569536423841,0.7811496054010774
CSX,0.7306843267108167,0.7303422274202825,0.7240618101545254,0.7207167428419686
CTAS,0.7836644591611479,0.778873840376837,0.7947019867549668,0.7891205359441155
CTL,0.7350993377483444,0.7343688641675189,0.7041942604856513,0.701609126702366
CTSH,0.7682119205298014,0.7662624507231801,0.7262693156732892,0.7259588557744222
CTXS,0.739514348785872,0.738869882738743,0.739514348785872,0.7392872598418831
CVS,0.7483443708609272,0.7482071538193916,0.7726269315673289,0.7706102130331175
CVX,0.7064017660044151,0.7034772988743002,0.7571743929359823,0.7531057954791255
CXO,0.7196467991169978,0.7212693395345349,0.7306843267108167,0.7284435955772778
D,0.7991169977924945,0.7925482846780155,0.8013245033112583,0.7956053129493292
DAL,0.75,0.7479205814323755,0.7190265486725663,0.7173565837302031
DE,0.7064017660044151,0.7063612317452987,0.6865342163355408,0.6859198145807357
DFS,0.739514348785872,0.7387360005604727,0.7373068432671082,0.736211173695502
DG,0.7013274336283186,0.6990218302441608,0.6902654867256637,0.6871575115089134
DGX,0.7262693156732892,0.7208485936764407,0.7549668874172185,0.7529111659669299
DHI,0.7035398230088495,0.704401635415844,0.7057522123893806,0.7039892439488771
DHR,0.7708333333333334,0.763584807305148,0.75,0.7445841239721694
DIS,0.7880794701986755,0.7845345985330228,0.7880794701986755,0.7845345985330228
DISCA,0.7130242825607064,0.7125642788317158,0.7086092715231788,0.7066744212842305
DISCK,0.7610619469026548,0.7609806545885763,0.7588495575221239,0.7583841150877444
DISH,0.739514348785872,0.7393555850994069,0.7350993377483444,0.7350562644699296
DLR,0.7108167770419426,0.7104768426177684,0.7108167770419426,0.7104768426177684
DLTR,0.7704194260485652,0.769433176881306,0.7682119205298014,0.76412204252039
DOV,0.7218543046357616,0.7202687122696748,0.7373068432671082,0.7369601688782306
DRE,0.7411504424778761,0.7406848635258321,0.754424778761062,0.7542017254967988
DRI,0.7461368653421634,0.7436566732074797,0.7439293598233996,0.7413915691752826
DTE,0.6666666666666666,0.6592592592592593,0.6041666666666666,0.6092138364779873
DUK,0.8079470198675497,0.7981107131518521,0.7902869757174393,0.7759024374834467
DVA,0.7483443708609272,0.7465771836151998,0.7571743929359823,0.7561257119036533
DVN,0.7306843267108167,0.7296921347517542,0.7218543046357616,0.7180992272335008
DWDP,0.7483443708609272,0.7474831362898906,0.7615894039735099,0.7601039370680647
DXC,0.7306843267108167,0.730783258339273,0.7549668874172185,0.7550312338012207
EA,0.7505518763796909,0.7511439790442593,0.7417218543046358,0.7419448211568735
EBAY,0.7417218543046358,0.7420413047563155,0.7328918322295805,0.7331603025453943
ECL,0.7704194260485652,0.7661079339454182,0.7704194260485652,0.7661079339454182
ED,0.7902869757174393,0.7852018764156159,0.7836644591611479,0.7701435718743216
EFX,0.7549668874172185,0.7529733646986679,0.7770419426048565,0.7752817783058429
EIX,0.7991169977924945,0.7933810102001699,0.7991169977924945,0.7933810102001699
EL,0.7262693156732892,0.718238250036062,0.7262693156732892,0.7188282798959302
EMN,0.7240618101545254,0.7240713856083557,0.7262693156732892,0.7262167301176068
EMR,0.7433628318584071,0.742937873254838,0.7588495575221239,0.7569894022275356
EOG,0.7130242825607064,0.7137206624567771,0.7152317880794702,0.7162013459744896
EQIX,0.7262693156732892,0.7259787312533352,0.7527593818984547,0.7524290162946222
EQR,0.7858719646799117,0.7847844955780838,0.7902869757174393,0.7884677780205498
ES,0.7748344370860927,0.7660568224889092,0.7748344370860927,0.7660568224889092
ESS,0.7411504424778761,0.7384732481928264,0.7367256637168141,0.7367440342456247
ETFC,0.7130242825607064,0.7106193447511306,0.7130242825607064,0.7092556708562497
ETN,0.75,0.750400641025641,0.7916666666666666,0.7911992521367521
ETR,0.7902869757174393,0.7859279446818793,0.8167770419426048,0.812304434578758
EVRG,0.8013245033112583,0.7914127386908235,0.7880794701986755,0.7821441959265275
EW,0.7190265486725663,0.7200437326513597,0.7477876106194691,0.7473122076982851
EXC,0.7660044150110376,0.7643202125075309,0.7571743929359823,0.7519156586899232
EXPD,0.7593818984547461,0.7563933662838161,0.7461368653421634,0.746104004378199
EXPE,0.7262693156732892,0.7265485826206511,0.7196467991169978,0.7201535569513682
EXR,0.7637969094922737,0.7634492965968399,0.7637969094922737,0.7634492965968399
F,0.7743362831858407,0.7744343755343723,0.7588495575221239,0.7590451596115317
FANG,0.7092651757188498,0.7096663088385708,0.6964856230031949,0.6936829499648591
FAST,0.7566371681415929,0.7565709104863355,0.7588495575221239,0.7589278909260279
FB,0.6666666666666666,0.6610449735449735,0.7291666666666666,0.7244247751347143
FBHS,0.7547683923705722,0.7547356555923537,0.7547683923705722,0.7547356555923537
FCX,0.7571743929359823,0.7543853622272825,0.7505518763796909,0.7418622056673363
FDX,0.7306843267108167,0.7292831442311102,0.7637969094922737,0.7613836539683762
FE,0.7461368653421634,0.7453853519178536,0.7483443708609272,0.7472847727483568
FFIV,0.7041942604856513,0.7048268091805838,0.6843267108167771,0.6846869688674556
FIS,0.7615894039735099,0.7582647585088459,0.7615894039735099,0.7582647585088459
FISV,0.7660044150110376,0.7628904604393215,0.7593818984547461,0.7540751250780797
FITB,0.7654867256637168,0.7656661351855841,0.7610619469026548,0.7601577444930293
FL,0.695364238410596,0.6953617456790655,0.6909492273730684,0.6899590299129155
FLIR,0.7300884955752213,0.7299700501027131,0.7566371681415929,0.7567715258857457
FLR,0.7571743929359823,0.7555782287959354,0.7549668874172185,0.7550366756545186
FLS,0.745575221238938,0.7468055099184303,0.7035398230088495,0.7047856648532786
FLT,0.7351485148514851,0.7350413757689881,0.7178217821782178,0.7176838945933217
FMC,0.7350993377483444,0.7349370080495908,0.7527593818984547,0.7528266280883511
FOX,0.851063829787234,0.8480158836629015,0.8085106382978723,0.804515331198275
FOXA,0.7373068432671082,0.7356290345883534,0.7240618101545254,0.7216659952329266
FRC,0.7438423645320197,0.7427294533251322,0.7339901477832512,0.7326182073943103
FRT,0.7858719646799117,0.7854368746448661,0.7947019867549668,0.7906431511386658
FTI,0.7086092715231788,0.7078488587933185,0.7086092715231788,0.7071779149442132
FTNT,0.6902654867256637,0.6883046674966165,0.7234513274336283,0.720867221327059
FTV,0.7659574468085106,0.7644328886943862,0.7872340425531915,0.7871301275556595
GD,0.7637969094922737,0.7615416254273819,0.7571743929359823,0.7482629087352316
GE,0.7461368653421634,0.7446481030848061,0.7284768211920529,0.7243687091146375
GILD,0.7880794701986755,0.787872598412329,0.7880794701986755,0.787872598412329
GIS,0.7902869757174393,0.7825529641002087,0.8035320088300221,0.7945736202466304
GLW,0.7350993377483444,0.7350878735105607,0.7373068432671082,0.7356225976609723
GM,0.7524509803921569,0.7522227334442408,0.7524509803921569,0.7522227334442408
GOOG,0.7166666666666667,0.714891315421448,0.7333333333333333,0.7277089497500479
GOOGL,0.7549668874172185,0.7552737463403941,0.7152317880794702,0.7150138450004626
GPC,0.7306843267108167,0.7259893988511941,0.7196467991169978,0.7149769273304063
GPN,0.7240618101545254,0.7240821336703975,0.7240618101545254,0.7240821336703975
GPS,0.7041942604856513,0.7055546733597728,0.7152317880794702,0.7160830765016524
GRMN,0.7152317880794702,0.7130479782614885,0.7064017660044151,0.7037554033907134
GS,0.7240618101545254,0.7226037693673696,0.7218543046357616,0.7211365564448381
GWW,0.7190265486725663,0.7160981395877896,0.7411504424778761,0.7390005638571356
HAL,0.6875,0.6719782410571885,0.6458333333333334,0.6401515151515152
HAS,0.7350993377483444,0.733606937097425,0.7306843267108167,0.7290287102245256
HBAN,0.7417218543046358,0.7418782869721565,0.7417218543046358,0.7417169243041861
HBI,0.6931567328918322,0.6932030207174202,0.7284768211920529,0.7278140658510928
HCA,0.7353689567430025,0.7355512347286417,0.7633587786259542,0.7630059254778143
HCP,0.7682119205298014,0.7673420255951959,0.7571743929359823,0.7560428951309864
HD,0.7770419426048565,0.7737319116306809,0.7814569536423841,0.7751582199524183
HES,0.7190265486725663,0.7208289075296289,0.7433628318584071,0.7446583901802737
HFC,0.7130242825607064,0.7040132767406276,0.7373068432671082,0.7292720754808321
HIG,0.75,0.7511188565626253,0.75,0.7511188565626253
HII,0.7493606138107417,0.7493716171376124,0.7468030690537084,0.7457724917154535
HLT,0.7204724409448819,0.7199746583401212,0.7125984251968503,0.7125109021104037
HOG,0.717439293598234,0.7178000621484963,0.6931567328918322,0.6936370680071613
HOLX,0.6458333333333334,0.6392250303419719,0.6458333333333334,0.6419191919191919
HON,0.7920353982300885,0.7871468916654895,0.7809734513274337,0.7715489230136793
HP,0.7367256637168141,0.7318656002448484,0.7411504424778761,0.7381472853112477
HPE,0.7950310559006211,0.7947778374410769,0.7577639751552795,0.7587890176159799
HPQ,0.7483443708609272,0.7490612246397476,0.7836644591611479,0.7840919218078136
HRB,0.7262693156732892,0.7283773036204216,0.7041942604856513,0.7055032204435948
HRL,0.7924944812362031,0.78612701301915,0.7571743929359823,0.7575994582453247
HRS,0.7350993377483444,0.7305944498995498,0.7350993377483444,0.7305944498995498
HSIC,0.7527593818984547,0.7506400521462897,0.7527593818984547,0.7469189109235858
HST,0.7411504424778761,0.7412089654733572,0.7522123893805309,0.752021919592063
HSY,0.7924944812362031,0.7879733265627094,0.7682119205298014,0.7608592860634356
HUM,0.7218543046357616,0.7211432394615845,0.7218543046357616,0.7211432394615845
IBM,0.7814569536423841,0.7783379473539361,0.7704194260485652,0.7647746060905154
ICE,0.7527593818984547,0.7504684434559481,0.7328918322295805,0.7300943395337575
IDXX,0.7593818984547461,0.7593844392118563,0.7328918322295805,0.7329101747399309
IFF,0.7704194260485652,0.7664196649040581,0.7417218543046358,0.740710270463092
ILMN,0.7350993377483444,0.7353881924383495,0.7240618101545254,0.7224399323451586
INCY,0.7041942604856513,0.700907385273534,0.7041942604856513,0.6937715027627966
INFO,0.75,0.7321005531048861,0.7807017543859649,0.7764374704878138
INTC,0.7814569536423841,0.7812908711224789,0.7461368653421634,0.744701200772649
INTU,0.7748344370860927,0.7736299205117776,0.7726269315673289,0.7727828217755457
IP,0.7152317880794702,0.715123127121203,0.7328918322295805,0.7330243850136194
IPG,0.7704194260485652,0.7700703027767661,0.7505518763796909,0.7502792796135911
IPGP,0.6887417218543046,0.6880343190707414,0.6975717439293598,0.6937077722325196
IQV,0.7394366197183099,0.7379859123157625,0.7323943661971831,0.7321961621715203
IR,0.7130242825607064,0.712993906078578,0.7527593818984547,0.7527629791272618
IRM,0.6875,0.6862745098039215,0.6666666666666666,0.6666666666666666
ISRG,0.7439293598233996,0.7434919000525367,0.7571743929359823,0.7559625140209195
IT,0.7367256637168141,0.7360046861817382,0.7367256637168141,0.7360046861817382
ITW,0.7704194260485652,0.7701881477613896,0.7704194260485652,0.7701881477613896
IVZ,0.7350993377483444,0.7348593620837282,0.7262693156732892,0.7257999670607345
JBHT,0.7306843267108167,0.7299814169992329,0.7328918322295805,0.7325207559390154
JCI,0.7632743362831859,0.7618040006651747,0.745575221238938,0.7440871831617513
JEC,0.723404255319149,0.7090216290031276,0.8936170212765957,0.8928761900329106
JEF,0.7549668874172185,0.7552198296626565,0.7483443708609272,0.7484754158019203
JKHY,0.6875,0.6858164983164984,0.7291666666666666,0.7301767676767678
JNJ,0.8454746136865342,0.83939623192854,0.8410596026490066,0.8346991229013504
JNPR,0.7527593818984547,0.752085895460761,0.7417218543046358,0.7415136134885697
JPM,0.7632743362831859,0.7619820074366461,0.7699115044247787,0.7683912326509932
JWN,0.7041942604856513,0.7040635865241038,0.6975717439293598,0.6972951593335714
K,0.7920353982300885,0.7861436008728596,0.7676991150442478,0.7695311431088928
KEY,0.7461368653421634,0.746202320723626,0.7130242825607064,0.7130854459938117
KEYS,0.7708333333333334,0.7647342995169081,0.75,0.7481570512820513
KHC,0.7494145199063232,0.7463781806035594,0.7400468384074942,0.7404311303608727
KIM,0.7196467991169978,0.7191938146395811,0.7439293598233996,0.7438592624295522
KLAC,0.7196467991169978,0.7199207669425177,0.7130242825607064,0.7135217499935802
KMB,0.7836644591611479,0.7748727744351467,0.7858719646799117,0.7848651199952034
KMI,0.7682619647355163,0.7676110169224074,0.7632241813602015,0.7632482785168418
KMX,0.7284768211920529,0.7288463686542682,0.717439293598234,0.7178130181071942
KO,0.7969094922737306,0.7876559172131414,0.7969094922737306,0.7876559172131414
KR,0.7218543046357616,0.7224003315743245,0.7218543046357616,0.7224003315743245
KSS,0.7284768211920529,0.7291540023819798,0.739514348785872,0.7382003165667624
KSU,0.7196467991169978,0.720090543574455,0.7240618101545254,0.7247813313190186
L,0.8097345132743363,0.8067787912772826,0.7765486725663717,0.7726561818240925
LB,0.7086092715231788,0.7085984782594421,0.6909492273730684,0.6898278631943336
LEG,0.8189845474613686,0.8183018387840049,0.7704194260485652,0.7685783837574773
LEN,0.7035398230088495,0.7019156697940179,0.665929203539823,0.6646173967620053
LH,0.7660044150110376,0.7596842978758731,0.7593818984547461,0.7542388622258065
LIN,0.7787610619469026,0.7643733942335141,0.831858407079646,0.8242457763475461
LKQ,0.7328918322295805,0.7328196454931385,0.7328918322295805,0.7328196454931385
LLL,0.7660044150110376,0.7620685995816195,0.7615894039735099,0.7568509858039648
LLY,0.7748344370860927,0.7719861706200597,0.7748344370860927,0.7719861706200597
LMT,0.7021276595744681,0.6996135974565908,0.7659574468085106,0.7640337458860613
LNC,0.7256637168141593,0.7252738212547725,0.7323008849557522,0.7325068297010139
LNT,0.7676991150442478,0.764372437774029,0.7787610619469026,0.7739795303491537
LOW,0.75,0.74765625,0.75,0.7498719918074758
LRCX,0.7439293598233996,0.7439130650504289,0.7373068432671082,0.7379679453513467
LUV,0.7218543046357616,0.7225563006389473,0.7306843267108167,0.7312315004529308
LW,0.7614678899082569,0.7584690228136037,0.7706422018348624,0.7711751226121516
LYB,0.7093821510297483,0.709897564343544,0.7048054919908466,0.7054902720378562
M,0.7505518763796909,0.7514937144736987,0.7373068432671082,0.7354983377453996
MA,0.7770419426048565,0.7764576743508708,0.7880794701986755,0.7876692495374964
MAA,0.7417218543046358,0.7400421722091126,0.7262693156732892,0.7256766705290356
MAC,0.7593818984547461,0.7593937605147277,0.7417218543046358,0.741015847531521
MAR,0.7566371681415929,0.7560915172304169,0.7632743362831859,0.7620711103666828
MAS,0.7256637168141593,0.7264684357072012,0.7433628318584071,0.7448516034615681
MAT,0.574468085106383,0.5678650036683786,0.6382978723404256,0.6358982562789953
MCD,0.8079470198675497,0.8012724451986809,0.7880794701986755,0.7862085892653287
MCHP,0.7770419426048565,0.7770386335133466,0.7615894039735099,0.7615937569441504
MCK,0.7770419426048565,0.7766415642761713,0.7770419426048565,0.7769693524602256
MCO,0.7483443708609272,0.7476569760369347,0.7549668874172185,0.7546157837949264
MDLZ,0.7880794701986755,0.784528180092634,0.7748344370860927,0.7718129998869184
MDT,0.7588495575221239,0.7554035369472163,0.7610619469026548,0.756107843147899
MET,0.6991150442477876,0.6982642434489028,0.6969026548672567,0.6956727480563715
MGM,0.7439293598233996,0.7446387240286404,0.7262693156732892,0.7248220188748484
MHK,0.625,0.6123715888321674,0.6666666666666666,0.6644705378942335
MKC,0.8013245033112583,0.7943500804075062,0.7836644591611479,0.7787659952434061
MLM,0.7262693156732892,0.726710816777042,0.7019867549668874,0.7022977717299429
MMC,0.8366445916114791,0.8298272702146913,0.8366445916114791,0.8298272702146913
MMM,0.7770419426048565,0.7728443011270397,0.7836644591611479,0.7819980758781174
MNST,0.7130242825607064,0.7129773054736239,0.7284768211920529,0.728176509045901
MO,0.7549668874172185,0.7443218463165667,0.7593818984547461,0.7401047933519628
MOS,0.7446808510638298,0.7441838449340874,0.7659574468085106,0.7610157858613589
MPC,0.7002652519893899,0.6976997375867053,0.726790450928382,0.7245389278829445
MRK,0.7345132743362832,0.7277646968756734,0.7522123893805309,0.7476854367169828
MRO,0.7240618101545254,0.7239477194546846,0.7461368653421634,0.7455400553798054
MS,0.7256637168141593,0.7267601002733964,0.7234513274336283,0.7240549889686694
MSCI,0.7417218543046358,0.7399761638875564,0.739514348785872,0.7374974511590521
MSFT,0.7086092715231788,0.7073757338658001,0.6909492273730684,0.6877026097206808
MSI,0.7262693156732892,0.7208789571099906,0.7262693156732892,0.7208789571099906
MTB,0.7853982300884956,0.7816547249002488,0.7853982300884956,0.7816547249002488
MTD,0.7306843267108167,0.7306886566924901,0.7196467991169978,0.7189968171079428
MU,0.7483443708609272,0.7389139337243192,0.7417218543046358,0.7281352130501909
MXIM,0.7660044150110376,0.7660219147593897,0.7284768211920529,0.728521628464678
MYL,0.7291666666666666,0.7271074026529739,0.6041666666666666,0.5720486111111112
NBL,0.7130242825607064,0.7139435862202492,0.7130242825607064,0.7114969806274534
NCLH,0.7366666666666667,0.7375731010062763,0.75,0.7498510951492718
NDAQ,0.7858719646799117,0.7842182704214267,0.7682119205298014,0.7683282442569087
NEE,0.7836644591611479,0.7773292761458033,0.7836644591611479,0.7773292761458033
NEM,0.6595744680851063,0.6520524392864819,0.723404255319149,0.7240078466877924
NFLX,0.7086092715231788,0.7072307392245347,0.7373068432671082,0.7332926268479976
NI,0.723404255319149,0.7261072868863858,0.7446808510638298,0.7442716857610474
NKE,0.7527593818984547,0.7478496482073849,0.7505518763796909,0.7463268992124243
NKTR,0.6666666666666666,0.6547243265993266,0.7291666666666666,0.717241895976652
NLSN,0.7218045112781954,0.7195215821588063,0.7293233082706767,0.7279035774367425
NOC,0.7566371681415929,0.7546998790323566,0.7765486725663717,0.7733812469296444
NOV,0.7130242825607064,0.7137420211122251,0.7284768211920529,0.7297248090469047
NRG,0.7234513274336283,0.7245853468973047,0.7190265486725663,0.7208187452521578
NSC,0.6975717439293598,0.6949601175677624,0.717439293598234,0.7153878169788511
NTAP,0.7218543046357616,0.7226446441839386,0.6821192052980133,0.6824997574320494
NTRS,0.7615894039735099,0.7585790716730706,0.7549668874172185,0.7490701724737024
NUE,0.7637969094922737,0.7641620005564257,0.7593818984547461,0.7581038859034716
NVDA,0.7439293598233996,0.7454182717851048,0.7328918322295805,0.7310578587098532
NWL,0.7571743929359823,0.7568318006516641,0.7571743929359823,0.7554201901844774
NWS,0.7342995169082126,0.7322379454216761,0.7198067632850241,0.7174629314321493
NWSA,0.7060367454068242,0.7058042060908876,0.7034120734908137,0.7035502338660439
O,0.7373068432671082,0.7377684959499354,0.7527593818984547,0.751072514473739
OKE,0.717439293598234,0.7174363097184075,0.7064017660044151,0.7063944731235193
OMC,0.7571743929359823,0.7552425327769163,0.7483443708609272,0.7499696771219949
ORCL,0.7262693156732892,0.7236894850960494,0.7284768211920529,0.7195923147235007
ORLY,0.7704194260485652,0.7682379632736035,0.7704194260485652,0.7682379632736035
OXY,0.7240618101545254,0.723547242942657,0.7306843267108167,0.7297799024376059
PAYX,0.7947019867549668,0.7896922120229677,0.7969094922737306,0.7901496971596131
PBCT,0.7748344370860927,0.7662839688131537,0.7637969094922737,0.7560035559376721
PCAR,0.7367256637168141,0.7368212049500426,0.7367256637168141,0.7372074101455066
PEG,0.7593818984547461,0.7558189282993034,0.7593818984547461,0.7558189282993034
PEP,0.8079470198675497,0.7938455592455331,0.8079470198675497,0.7938455592455331
PFE,0.7969094922737306,0.7928305074462475,0.7991169977924945,0.7917533900977609
PFG,0.7461368653421634,0.7446117758461678,0.7527593818984547,0.7518084429067611
PG,0.7291666666666666,0.726686507936508,0.7916666666666666,0.7949414715719064
PGR,0.6666666666666666,0.667656153370439,0.6875,0.6944444444444445
PH,0.7218543046357616,0.7224648587996024,0.7152317880794702,0.7152198595460079
PHM,0.7146017699115044,0.711840564913907,0.7101769911504425,0.7037888413960678
PKG,0.7218543046357616,0.721824278053805,0.7019867549668874,0.7018508491347247
PKI,0.7660044150110376,0.7654582164957248,0.7505518763796909,0.749201192409989
PLD,0.7615894039735099,0.7609078415714575,0.7792494481236203,0.7784680327038805
PM,0.7924944812362031,0.7914766601479756,0.7726269315673289,0.7699417634398301
PNC,0.7632743362831859,0.7601881682375332,0.7676991150442478,0.764521893790221
PNR,0.7792494481236203,0.7793142762725841,0.7748344370860927,0.7749727094097955
PNW,0.8145695364238411,0.8117342397451452,0.7924944812362031,0.7878831549873089
PPG,0.7632743362831859,0.7626598411115301,0.7632743362831859,0.7626598411115301
PPL,0.7021276595744681,0.6954546645464641,0.7659574468085106,0.766193853427896
PRGO,0.7262693156732892,0.7265407181313792,0.7130242825607064,0.7133469639054073
PRU,0.75,0.7495423463265811,0.754424778761062,0.7534238360336946
PSA,0.7615894039735099,0.7579208923867721,0.7637969094922737,0.7613018822132438
PSX,0.7514792899408284,0.7510571842364,0.7751479289940828,0.7746815920205056
PVH,0.7433628318584071,0.7427142486307944,0.7300884955752213,0.7256773369152824
PWR,0.7916666666666666,0.7847222222222223,0.7916666666666666,0.7847222222222223
PXD,0.7035398230088495,0.7041613962573886,0.7057522123893806,0.7028014794041127
PYPL,0.7386363636363636,0.738786970151288,0.7329545454545454,0.7331195715112913
QCOM,0.7284768211920529,0.7249924180468122,0.7130242825607064,0.7112023595282082
QRVO,0.7152317880794702,0.7122606177957379,0.717439293598234,0.7099585387478161
RCL,0.7019867549668874,0.7015916678706483,0.717439293598234,0.7171721867009545
RE,0.7858719646799117,0.7819277789113835,0.7858719646799117,0.7819277789113835
REG,0.7389380530973452,0.7401071208574467,0.7300884955752213,0.7296965520804084
REGN,0.6821192052980133,0.6814386960779432,0.6843267108167771,0.683300436608184
RF,0.745575221238938,0.7459712630510759,0.7566371681415929,0.7571078779343717
RHI,0.754424778761062,0.7546440248587637,0.7743362831858407,0.7745516291134799
RHT,0.7240618101545254,0.7243313767321738,0.7086092715231788,0.7089867407351539
RJF,0.7350993377483444,0.7339036538148426,0.7417218543046358,0.7413352157345219
RL,0.7373068432671082,0.7366506770093499,0.7505518763796909,0.7507692583803067
RMD,0.7240618101545254,0.723572890200737,0.7549668874172185,0.754261264564611
ROK,0.7748344370860927,0.7741163978492448,0.7792494481236203,0.7784133684330148
ROL,0.7902869757174393,0.7885254227354633,0.7902869757174393,0.7885254227354633
ROP,0.8123620309050773,0.8094723416471732,0.8013245033112583,0.7993810835814393
ROST,0.7571743929359823,0.7543329556731738,0.7549668874172185,0.7519245164940745
RSG,0.8013245033112583,0.7962486346450934,0.7792494481236203,0.7714808296393161
RTN,0.7083333333333334,0.6872032288698956,0.6458333333333334,0.6286375661375662
SBAC,0.7439293598233996,0.7419631049398306,0.7373068432671082,0.7361746098320876
SBUX,0.7306843267108167,0.730679116240576,0.7306843267108167,0.730679116240576
SCHW,0.7505518763796909,0.7500564096165735,0.7527593818984547,0.7526546325624617
SEE,0.7461368653421634,0.746019923923501,0.717439293598234,0.7175077264115213
SHW,0.7748344370860927,0.7730858653815176,0.7836644591611479,0.7807924866970465
SIVB,0.7130242825607064,0.7133686573498366,0.7218543046357616,0.7212486372934833
SJM,0.7748344370860927,0.7737301104725912,0.7704194260485652,0.7677861072825269
SLB,0.7234513274336283,0.7235528178650981,0.7389380530973452,0.7391949947997415
SLG,0.7924944812362031,0.7919886921399862,0.7615894039735099,0.7617392090855388
SNA,0.7306843267108167,0.7268527216046896,0.739514348785872,0.7353278614513931
SNPS,0.7748344370860927,0.769975525482292,0.7748344370860927,0.769975525482292
SO,0.7836644591611479,0.7709484682598061,0.7836644591611479,0.7709484682598061
SPG,0.7660044150110376,0.7656196542314837,0.7660044150110376,0.7656196542314837
SPGI,0.7439293598233996,0.7426230442729631,0.7483443708609272,0.7483058796359136
SRE,0.82560706401766,0.8202498700716402,0.8123620309050773,0.808634872679725
STI,0.75,0.7502352277447462,0.7411504424778761,0.7413768989034887
STT,0.7483443708609272,0.748583951036854,0.7483443708609272,0.7474284606697186
STX,0.7152317880794702,0.714106422853775,0.7086092715231788,0.7051022312567964
STZ,0.7461368653421634,0.7414279301778749,0.7240618101545254,0.7227452361123
SWK,0.7654867256637168,0.7631710728319653,0.7765486725663717,0.7744970459069309
SWKS,0.717439293598234,0.7155895811445889,0.7041942604856513,0.6994438071305839
SYF,0.6981981981981982,0.6982249732249731,0.7252252252252253,0.724878738905734
SYK,0.7083333333333334,0.6916666666666668,0.6875,0.6641591841538875
SYMC,0.7660044150110376,0.7656165612789197,0.7660044150110376,0.7656165612789197
SYY,0.7969094922737306,0.7849446101143033,0.8233995584988962,0.817221785646901
T,0.75,0.7384856630824373,0.7708333333333334,0.7559333940912888
TAP,0.7108167770419426,0.7109195794228056,0.7108167770419426,0.7109195794228056
TDG,0.7831858407079646,0.7829929324648136,0.7610619469026548,0.761524741936214
TEL,0.7306843267108167,0.729127150100262,0.7262693156732892,0.7242600768538958
TFX,0.7615894039735099,0.7592534173341946,0.7350993377483444,0.7303255857179082
TGT,0.7588495575221239,0.7563900982758348,0.7256637168141593,0.7202654961761853
TIF,0.7389380530973452,0.738953115187917,0.7300884955752213,0.7303895557895972
TJX,0.7411504424778761,0.7373644324594033,0.7522123893805309,0.747141339803744
TMK,0.7708333333333334,0.7738562091503268,0.7708333333333334,0.7738562091503268
TMO,0.754424778761062,0.7513826845671382,0.7699115044247787,0.768788875529313
TPR,0.7300884955752213,0.7290154581796484,0.7168141592920354,0.7161146648783855
TRIP,0.7211267605633803,0.7219524284975817,0.6873239436619718,0.6878034875922201
TROW,0.7916666666666666,0.7916666666666666,0.7916666666666666,0.7916666666666666
TRV,0.7836644591611479,0.7795288146988782,0.7814569536423841,0.7794772176137785
TSCO,0.7130242825607064,0.7108615574274285,0.695364238410596,0.6945180606284459
TSN,0.7367256637168141,0.7360511690272695,0.7190265486725663,0.7191546141189269
TSS,0.7240618101545254,0.7231692296653501,0.7461368653421634,0.7461382951500916
TTWO,0.7306843267108167,0.7304127993903475,0.7461368653421634,0.7469880830647483
TWTR,0.7335907335907336,0.7279051651354396,0.7374517374517374,0.7377183630884689
TXN,0.7417218543046358,0.7410277719437258,0.7284768211920529,0.7264179007582613
TXT,0.6954314720812182,0.6929721953452956,0.6954314720812182,0.6929721953452956
UA,0.723404255319149,0.725266662904227,0.6170212765957447,0.6205284077624503
UAA,0.7240618101545254,0.7240912679066919,0.7019867549668874,0.6990059137013155
UAL,0.6909492273730684,0.6909154782407736,0.7130242825607064,0.7088768479496956
UDR,0.7439293598233996,0.7418346942423717,0.739514348785872,0.7321096701221357
UHS,0.7439293598233996,0.7442294614014052,0.7041942604856513,0.7041911751507356
ULTA,0.7291666666666666,0.7302325581395349,0.7291666666666666,0.7277928334838903
UNH,0.7549668874172185,0.7534759795505155,0.7284768211920529,0.725771330731173
UNM,0.7278761061946902,0.7281372762394824,0.7278761061946902,0.7281372762394824
UNP,0.7660044150110376,0.7644512462531963,0.7615894039735099,0.7595166093315069
UPS,0.7947019867549668,0.789767696986947,0.7902869757174393,0.7832236444174476
URI,0.7196467991169978,0.7165186207456358,0.7152317880794702,0.7054088213198785
USB,0.754424778761062,0.7521531043613703,0.7654867256637168,0.7597666943887005
UTX,0.7615894039735099,0.7591429069234777,0.7615894039735099,0.7591429069234777
V,0.7527593818984547,0.7514712180668167,0.7350993377483444,0.7291740375613098
VAR,0.7615894039735099,0.7595304836033381,0.7505518763796909,0.7483895670861791
VFC,0.7505518763796909,0.7489784193779706,0.7373068432671082,0.7357734591005092
VIAB,0.7708333333333334,0.7739367114367114,0.6666666666666666,0.6618384689036861
VLO,0.7234513274336283,0.7215673820914933,0.7477876106194691,0.746599565120976
VMC,0.6808510638297872,0.6668916652265404,0.7021276595744681,0.6860156392071286
VNO,0.7417218543046358,0.7374794975414131,0.7417218543046358,0.7374794975414131
VRSK,0.7916666666666666,0.7825520833333334,0.8333333333333334,0.8324303405572754
VRSN,0.7152317880794702,0.7131377537972053,0.7152317880794702,0.7131377537972053
VRTX,0.6666666666666666,0.6666832751925976,0.6710816777041942,0.6741972982211314
VTR,0.7505518763796909,0.7500846950634688,0.7439293598233996,0.7432264402575385
VZ,0.7792494481236203,0.7703242953526471,0.7792494481236203,0.7703242953526471
WAB,0.7477876106194691,0.7465446175734308,0.75,0.7495813696176953
WAT,0.717439293598234,0.7142703578731352,0.7130242825607064,0.7071649356713257
WBA,0.7196467991169978,0.7186834270261708,0.6997792494481236,0.6967881456509458
WCG,0.7019867549668874,0.7003472514375157,0.7152317880794702,0.7121818844239077
WDC,0.7152317880794702,0.7131404718617147,0.7262693156732892,0.7212761208504268
WEC,0.7571743929359823,0.7517177173093192,0.7571743929359823,0.7523127282868666
WELL,0.7461368653421634,0.7440185985475042,0.739514348785872,0.7323882240767464
WFC,0.7898230088495575,0.7895129145583762,0.745575221238938,0.7446668428413304
WHR,0.7350993377483444,0.7353651449038807,0.739514348785872,0.740177185096882
WLTW,0.8057395143487859,0.8012118541396052,0.7836644591611479,0.7810948519352969
WM,0.8035320088300221,0.7957132917606895,0.8233995584988962,0.8200840242802384
WMB,0.7593818984547461,0.7598534421466558,0.7328918322295805,0.7331815525577542
WMT,0.7991169977924945,0.7909133017058282,0.7991169977924945,0.7909133017058282
WRK,0.7457627118644068,0.7442480216762163,0.751412429378531,0.7458672532934284
WU,0.7083333333333334,0.7045572916666666,0.7708333333333334,0.7579382499268363
WY,0.739514348785872,0.7383250996243951,0.7218543046357616,0.7212835429981443
WYNN,0.6688741721854304,0.6631012002340236,0.7064017660044151,0.6990156840857137
XEC,0.7916666666666666,0.7925857843137255,0.7291666666666666,0.7339803312629399
XEL,0.7704194260485652,0.7605224691713897,0.7704194260485652,0.7561721236503264
XLNX,0.7549668874172185,0.7541383293862357,0.739514348785872,0.7383863224124548
XOM,0.8181818181818182,0.8062453172481203,0.8321678321678322,0.8118122415851601
XRAY,0.7373068432671082,0.7324857414706978,0.7417218543046358,0.7382220558406236
XRX,0.7064017660044151,0.7060848721393463,0.7108167770419426,0.7105381265330236
XYL,0.7630853994490359,0.761734186415692,0.7382920110192838,0.7366944359257205
YUM,0.7660044150110376,0.7649624980974761,0.7615894039735099,0.7610667394294713
ZBH,0.7549668874172185,0.7542244705343427,0.7439293598233996,0.7419311968278095
ZION,0.7328918322295805,0.7329534459898748,0.7328918322295805,0.7340007298163647
ZTS,0.7449664429530202,0.7384576524657135,0.738255033557047,0.734024719343375
